filename,label,session,onset_time,dt_prev_ms,prev_label
20260815_190055__0000__junk,junk,20260815_190055,0.4971,,
20260815_190055__0001__a,a,20260815_190055,2.0438,,
20260815_190055__0002__junk,junk,20260815_190055,2.1707,,
20260815_190055__0003__b,b,20260815_190055,2.3385,294.69,a
20260815_190055__0004__c,c,20260815_190055,2.6275,289,b
20260815_190055__0005__d,d,20260815_190055,2.8996,272.04,c
20260815_190055__0006__e,e,20260815_190055,3.2051,305.49,d
20260815_190055__0007__f,f,20260815_190055,3.4869,281.86,e
20260815_190055__0008__g,g,20260815_190055,3.7679,281,f
20260815_190055__0009__h,h,20260815_190055,4.0236,255.65,g
20260815_190055__0010__i,i,20260815_190055,4.342,318.41,h
20260815_190055__0011__j,j,20260815_190055,4.5929,250.91,i
20260815_190055__0012__k,k,20260815_190055,4.8678,274.97,j
20260815_190055__0013__m,m,20260815_190055,5.407,539.16,k
20260815_190055__0014__o,o,20260815_190055,5.6777,270.68,m
20260815_190055__0015__p,p,20260815_190055,5.9554,277.69,o
20260815_190055__0016__e,e,20260815_190055,6.2382,282.83,p
20260815_190055__0017__r,r,20260815_190055,6.5426,304.42,e
20260815_190055__0018__u,u,20260815_190055,6.8278,285.22,r
20260815_190055__0019__i,i,20260815_190055,7.0943,266.42,u
20260815_190055__0020__d,d,20260815_190055,7.3547,260.45,i
20260815_190055__0021__h,h,20260815_190055,7.6743,319.57,d
20260815_190055__0022__s,s,20260815_190055,7.9447,270.39,h
20260815_190055__0023__l,l,20260815_190055,8.2226,277.94,s
20260815_190055__0024__o,o,20260815_190055,8.5012,278.55,l
20260815_190055__0025__p,p,20260815_190055,8.7924,291.29,o
20260815_190055__0026__e,e,20260815_190055,9.0969,304.44,p
20260815_190055__0027__t,t,20260815_190055,9.3834,286.46,e
20260815_190055__0028__h,h,20260815_190055,9.6713,287.98,t
20260815_190055__0029__e,e,20260815_190055,9.9583,286.98,h
20260815_190055__0030__l,l,20260815_190055,10.2227,264.4,e
20260815_190055__0031__d,d,20260815_190055,10.5217,298.96,l
20260815_190055__0032__e,e,20260815_190055,10.7899,268.25,d
20260815_190055__0033__a,a,20260815_190055,11.0776,287.66,e
20260815_190055__0034__g,g,20260815_190055,11.3047,227.1,a
20260815_190055__0035__u,u,20260815_190055,11.5636,258.91,g
20260815_190055__0036__e,e,20260815_190055,11.843,279.43,u
20260815_190055__0037__o,o,20260815_190055,12.119,275.92,e
20260815_190055__0038__f,f,20260815_190055,12.3686,249.68,o
20260815_190055__0039__l,l,20260815_190055,12.6346,265.96,f
20260815_190055__0040__e,e,20260815_190055,12.8806,246.03,l
20260815_190055__0041__g,g,20260815_190055,13.1597,279.02,e
20260815_190055__0042__e,e,20260815_190055,13.4259,266.28,g
20260815_190055__0043__n,n,20260815_190055,13.7093,283.4,e
20260815_190055__0044__d,d,20260815_190055,13.98,270.68,n
20260815_190055__0045__junk,junk,20260815_190055,14.5172,,
20260815_190055__0046__s,s,20260815_190055,14.8232,843.15,d
20260815_190055__0047__c,c,20260815_190055,15.2768,453.63,s
20260815_190055__0048__o,o,20260815_190055,15.5435,266.69,c
20260815_190055__0049__m,m,20260815_190055,15.7627,219.16,o
20260815_190055__0050__n,n,20260815_190055,15.9873,224.63,m
20260815_190055__0051__s,s,20260815_190055,16.2895,302.22,n
20260815_190055__0052__o,o,20260815_190055,16.6485,359.02,s
20260815_190055__0053__l,l,20260815_190055,17.2973,648.73,o
20260815_190055__0054__u,u,20260815_190055,17.5795,282.27,l
20260815_190055__0055__t,t,20260815_190055,17.7999,220.39,u
20260815_190055__0056__a,a,20260815_190055,18.9509,1150.95,t
20260815_190055__0057__t,t,20260815_190055,19.2403,289.46,a
20260815_190055__0058__i,i,20260815_190055,19.5135,273.2,t
20260815_190055__0059__o,o,20260815_190055,19.7739,260.43,i
20260815_190055__0060__b,b,20260815_190055,20.0717,297.71,o
20260815_190055__0061__b,b,20260815_190055,21.3057,1234.06,b
20260815_190055__0062__a,a,20260815_190055,22.0315,725.74,b
20260815_190055__0063__u,u,20260815_190055,22.3431,311.61,a
20260815_190055__0064__s,s,20260815_190055,22.6009,257.8,u
20260815_190055__0065__e,e,20260815_190055,22.8433,242.43,s
20260815_190055__0066__i,i,20260815_190055,23.6252,781.9,e
20260815_190055__0067__w,w,20260815_190055,24.4913,866.15,i
20260815_190055__0068__a,a,20260815_190055,24.6846,193.27,w
20260815_190055__0069__n,n,20260815_190055,24.9989,314.26,a
20260815_190055__0070__t,t,20260815_190055,25.2061,207.21,n
20260815_190055__0071__junk,junk,20260815_190055,25.3816,,
20260815_190055__0072__t,t,20260815_190055,25.5254,319.34,t
20260815_190055__0073__e,e,20260815_190055,25.9638,438.37,t
20260815_190055__0074__junk,junk,20260815_190055,26.4074,,
20260815_190055__0075__junk,junk,20260815_190055,26.5656,,
20260815_190055__0076__p,p,20260815_190055,27.7967,1832.95,e
20260815_190055__0077__o,o,20260815_190055,28.0001,203.36,p
20260815_190055__0078__t,t,20260815_190055,28.3208,320.7,o
20260815_190055__0079__a,a,20260815_190055,28.5054,184.65,t
20260815_190055__0080__l,l,20260815_190055,28.9244,418.98,a
20260815_190055__0081__e,e,20260815_190055,29.0687,144.29,l
20260815_190055__0082__c,c,20260815_190055,29.3321,263.38,e
20260815_190055__0083__h,h,20260815_190055,29.8215,489.43,c
20260815_190055__0084__a,a,20260815_190055,30.0765,255.01,h
20260815_190055__0085__r,r,20260815_190055,30.3544,277.85,a
20260815_190055__0086__g,g,20260815_190055,30.5785,224.13,r
20260815_190055__0087__e,e,20260815_190055,30.8476,269.07,g
20260815_190055__0088__r,r,20260815_190055,31.2481,400.54,e
20260815_190055__0089__junk,junk,20260815_190055,31.3849,,
20260815_190055__0090__a,a,20260815_190055,31.679,430.86,r
20260815_190055__0091__junk,junk,20260815_190055,32.1629,,
20260815_190055__0092__n,n,20260815_190055,32.3413,662.34,a
20260815_190055__0093__d,d,20260815_190055,32.6506,309.3,n
20260815_190055__0094__o,o,20260815_190055,33.292,641.36,d
20260815_190055__0095__p,p,20260815_190055,33.5826,290.59,o
20260815_190055__0096__junk,junk,20260815_190055,33.9478,,
20260815_190055__0097__junk,junk,20260815_190055,34.5117,,
20260815_190055__0098__g,g,20260815_190055,34.8225,1239.98,p
20260815_190055__0099__g,g,20260815_190055,35.1183,295.74,g
20260815_190055__0100__l,l,20260815_190055,36.3102,1191.88,g
20260815_190055__0101__o,o,20260815_190055,37.2535,943.36,l
20260815_190055__0102__l,l,20260815_190055,37.6237,370.18,o
20260815_190055__0103__l,l,20260815_190055,37.9037,279.95,l
20260815_190055__0104__a,a,20260815_190055,38.2427,339,l
20260815_190055__0105__p,p,20260815_190055,38.5368,294.1,a
20260815_190055__0106__a,a,20260815_190055,38.7638,227.07,p
20260815_190055__0107__l,l,20260815_190055,39.0134,249.57,a
20260815_190055__0108__o,o,20260815_190055,39.3188,305.4,l
20260815_190055__0109__o,o,20260815_190055,39.5646,245.78,o
20260815_190055__0110__z,z,20260815_190055,39.8002,235.6,o
20260815_190055__0111__a,a,20260815_190055,40.3926,592.45,z
20260815_190055__0112__junk,junk,20260815_190055,41.0309,,
20260815_190055__0113__n,n,20260815_190055,41.4403,1047.71,a
20260815_190055__0114__d,d,20260815_190055,41.6592,218.87,n
20260815_190055__0115__1,1,20260815_190055,42.377,717.76,d
20260815_190055__0116__junk,junk,20260815_190055,42.5042,,
20260815_190055__0117__2,2,20260815_190055,42.634,257.01,1
20260815_190055__0118__3,3,20260815_190055,42.8968,262.86,2
20260815_190055__0119__4,4,20260815_190055,43.1462,249.34,3
20260815_190055__0120__5,5,20260815_190055,43.3682,222,4
20260815_190055__0121__6,6,20260815_190055,43.6193,251.13,5
20260815_190055__0122__d,d,20260815_190055,44.1244,505.08,6
20260815_190055__0123__i,i,20260815_190055,44.3951,270.73,d
20260815_190055__0124__r,r,20260815_190055,44.6224,227.32,i
20260815_190055__0125__o,o,20260815_190055,44.8995,277.05,r
20260815_190055__0126__junk,junk,20260815_190055,45.2254,,
20260815_190055__0127__f,f,20260815_190055,45.3659,466.39,o
20260815_190055__0128__l,l,20260815_190055,45.6251,259.23,f
20260815_190055__0129__e,e,20260815_190055,45.8433,218.23,l
20260815_190055__0130__o,o,20260815_190055,46.0785,235.17,e
20260815_190055__0131__r,r,20260815_190055,46.2484,169.91,o
20260815_190055__0132__p,p,20260815_190055,46.5921,343.67,r
20260815_190055__0133__d,d,20260815_190055,46.81,217.96,p
20260815_190055__0134__junk,junk,20260815_190055,46.9476,,
20260815_190055__0135__junk,junk,20260815_190055,47.1496,,
20260815_190055__0136__l,l,20260815_190055,47.3429,532.81,d
20260815_190055__0137__f,f,20260815_190055,47.6424,299.5,l
20260815_190055__0138__o,o,20260815_190055,47.9151,272.79,f
20260815_190055__0139__k,k,20260815_190055,48.2202,305.08,o
20260815_190055__0140__r,r,20260815_190055,48.9675,747.23,k
20260815_190055__0141__o,o,20260815_190055,49.2118,244.31,r
20260815_190055__0142__o,o,20260815_190055,49.4029,191.09,o
20260815_190055__0143__k,k,20260815_190055,50.2288,825.96,o
20260815_190055__0144__n,n,20260815_190055,50.396,167.17,k
20260815_190055__0145__i,i,20260815_190055,50.587,191.02,n
20260815_190055__0146__g,g,20260815_190055,50.7673,180.29,i
20260815_190055__0147__h,h,20260815_190055,51.0181,250.82,g
20260815_190055__0148__h,h,20260815_190055,51.7858,767.64,h
20260815_190055__0149__e,e,20260815_190055,51.954,168.25,h
20260815_190055__0150__s,s,20260815_190055,52.437,482.99,e
20260815_190055__0151__p,p,20260815_190055,52.752,314.99,s
20260815_190055__0152__i,i,20260815_190055,53.0012,249.16,p
20260815_190055__0153__e,e,20260815_190055,53.3554,354.24,i
20260815_190055__0154__c,c,20260815_190055,53.609,253.63,e
20260815_190055__0155__e,e,20260815_190055,54.1659,556.83,c
20260815_190055__0156__a,a,20260815_190055,54.4772,311.36,e
20260815_190055__0157__n,n,20260815_190055,54.7464,269.18,a
20260815_190055__0158__d,d,20260815_190055,54.9584,211.97,n
20260815_190055__0159__y,y,20260815_190055,55.1438,185.4,d
20260815_190055__0160__a,a,20260815_190055,55.4472,303.42,y
20260815_190055__0161__n,n,20260815_190055,55.6143,167.07,a
20260815_190055__0162__g,g,20260815_190055,55.8433,229.05,n
20260815_190055__0163__e,e,20260815_190055,56.2149,371.54,g
20260815_190055__0164__l,l,20260815_190055,56.473,258.14,e
20260815_190055__0165__a,a,20260815_190055,56.8497,376.73,l
20260815_190055__0166__junk,junk,20260815_190055,57.0123,,
20260815_190055__0167__s,s,20260815_190055,57.3019,452.15,a
20260815_190055__0168__h,h,20260815_190055,57.4492,147.28,s
20260815_190055__0169__u,u,20260815_190055,57.6283,179.09,h
20260815_190055__0170__b,b,20260815_190055,57.8421,213.85,u
20260815_190055__0171__h,h,20260815_190055,58.0709,228.82,b
20260815_190055__0172__d,d,20260815_190055,58.422,351.11,h
20260815_190055__0173__n,n,20260815_190055,58.7831,361.04,d
20260815_190055__0174__i,i,20260815_190055,59.1476,364.49,n
20260815_190055__0175__e,e,20260815_190055,59.4608,313.24,i
20260815_190055__0176__l,l,20260815_190055,59.769,308.16,e
20260815_190055__0177__junk,junk,20260815_190055,59.895,,
20260815_190055__0178__t,t,20260815_190055,60.0477,278.71,l
20260815_190055__0179__y,y,20260815_190055,60.3424,294.74,t
20260815_190055__0180__a,a,20260815_190055,60.5899,247.46,y
20260815_190055__0181__w,w,20260815_190055,60.9129,323.04,a
20260815_190055__0182__u,u,20260815_190055,61.2197,306.78,w
20260815_190055__0183__d,d,20260815_190055,61.5809,361.22,u
20260815_190055__0184__c,c,20260815_190055,62.3071,726.19,d
20260815_190055__0185__h,h,20260815_190055,62.5141,207.03,c
20260815_190055__0186__i,i,20260815_190055,62.7704,256.26,h
20260815_190055__0187__r,r,20260815_190055,62.9451,174.65,i
20260815_190055__0188__a,a,20260815_190055,63.2568,311.77,r
20260815_190055__0189__k,k,20260815_190055,63.7022,445.35,a
20260815_190055__0190__o,o,20260815_190055,64.0178,315.6,k
20260815_190055__0191__p,p,20260815_190055,64.2629,245.1,o
20260815_190055__0192__l,l,20260815_190055,64.5308,267.94,p
20260815_190055__0193__o,o,20260815_190055,64.7739,243.11,l
20260815_190055__0194__i,i,20260815_190055,65.1348,360.91,o
20260815_190055__0195__k,k,20260815_190055,65.5198,384.92,i
20260815_190055__0196__u,u,20260815_190055,66.7725,1252.74,k
20260815_190055__0197__r,r,20260815_190055,67.0001,227.62,u
20260815_190055__0198__a,a,20260815_190055,67.2577,257.6,r
20260815_190055__0199__j,j,20260815_190055,67.5641,306.35,a
20260815_190055__0200__a,a,20260815_190055,67.824,259.93,j
20260815_190055__0201__n,n,20260815_190055,68.0821,258.14,a
20260815_190055__0202__d,d,20260815_190055,68.2615,179.34,n
20260815_190055__0203__r,r,20260815_190055,68.5041,242.65,d
20260815_190055__0204__e,e,20260815_190055,69.0161,511.97,r
20260815_190055__0205__w,w,20260815_190055,69.6164,600.34,e
20260815_190055__0206__junk,junk,20260815_190055,70.106,,
20260815_190055__0207__junk,junk,20260815_190055,70.2654,,
20260815_190055__0208__junk,junk,20260815_190055,70.4461,,
20260815_190055__0209__a,a,20260815_190055,70.9945,1378.05,w
20260815_190055__0210__n,n,20260815_190055,71.3048,310.34,a
20260815_190055__0211__d,d,20260815_190055,71.5269,222.04,n
20260815_190055__0212__f,f,20260815_190055,71.837,310.14,d
20260815_190055__0213__r,r,20260815_190055,72.0771,240.07,f
20260815_190055__0214__i,i,20260815_190055,72.3133,236.19,r
20260815_190055__0215__e,e,20260815_190055,72.5194,206.1,i
20260815_190055__0216__n,n,20260815_190055,72.7878,268.48,e
20260815_190055__0217__d,d,20260815_190055,72.9948,206.92,n
20260815_190055__0218__junk,junk,20260815_190055,73.125,,
20260815_190055__0219__s,s,20260815_190055,73.3571,362.29,d
20260815_190055__0220__l,l,20260815_190055,74.2184,861.34,s
20260815_190055__0221__i,i,20260815_190055,74.4612,242.81,l
20260815_190055__0222__k,k,20260815_190055,74.7005,239.32,i
20260815_190055__0223__e,e,20260815_190055,75.0272,326.71,k
20260815_190055__0224__s,s,20260815_190055,75.6093,582.11,e
20260815_190055__0225__k,k,20260815_190055,75.889,279.66,s
20260815_190055__0226__y,y,20260815_190055,76.8855,996.51,k
20260815_190055__0227__junk,junk,20260815_190055,77.3328,,
20260815_190055__0228__t,t,20260815_190055,77.5955,710.02,y
20260815_190055__0229__h,h,20260815_190055,77.7973,201.77,t
20260815_190055__0230__e,e,20260815_190055,78.0869,289.57,h
20260815_190055__0231__l,l,20260815_190055,78.3944,307.55,e
20260815_190055__0232__i,i,20260815_190055,78.6257,231.25,l
20260815_190055__0233__t,t,20260815_190055,78.7572,131.52,i
20260815_190055__0234__e,e,20260815_190055,79.1044,347.19,t
20260815_190055__0235__r,r,20260815_190055,79.3641,259.75,e
20260815_190055__0236__a,a,20260815_190055,79.6849,320.77,r
20260815_190055__0237__c,c,20260815_190055,79.9439,258.98,a
20260815_190055__0238__y,y,20260815_190055,80.1564,212.54,c
20260815_190055__0239__o,o,20260815_190055,80.4198,263.33,y
20260815_190055__0240__junk,junk,20260815_190055,80.546,,
20260815_190055__0241__f,f,20260815_190055,80.8372,417.44,o
20260815_190055__0242__t,t,20260815_190055,81.0929,255.69,f
20260815_190055__0243__h,h,20260815_190055,81.2289,136.01,t
20260815_190055__0244__i,i,20260815_190055,81.4771,248.23,h
20260815_190055__0245__s,s,20260815_190055,81.6691,191.95,i
20260815_190055__0246__p,p,20260815_190055,82.1224,453.33,s
20260815_190055__0247__r,r,20260815_190055,82.3547,232.31,p
20260815_190055__0248__o,o,20260815_190055,82.5275,172.79,r
20260815_190055__0249__g,g,20260815_190055,82.7356,208.12,o
20260815_190055__0250__r,r,20260815_190055,82.9517,216.03,g
20260815_190055__0251__a,a,20260815_190055,83.1832,231.59,r
20260815_190055__0252__m,m,20260815_190055,83.491,307.8,a
20260815_190055__0253__d,d,20260815_190055,83.7392,248.14,m
20260815_190055__0254__e,e,20260815_190055,84.0043,265.12,d
20260815_190055__0255__p,p,20260815_190055,84.258,253.74,e
20260815_190055__0256__e,e,20260815_190055,84.4814,223.36,p
20260815_190055__0257__n,n,20260815_190055,84.6694,188.03,e
20260815_190055__0258__d,d,20260815_190055,84.9735,304.1,n
20260815_190055__0259__s,s,20260815_190055,85.3645,391,d
20260815_190055__0260__o,o,20260815_190055,85.6971,332.56,s
20260815_190055__0261__n,n,20260815_190055,86.0066,309.46,o
20260815_190055__0262__s,s,20260815_190055,86.3341,327.55,n
20260815_190055__0263__u,u,20260815_190055,86.5547,220.59,s
20260815_190055__0264__c,c,20260815_190055,86.7693,214.58,u
20260815_190055__0265__h,h,20260815_190055,86.9962,226.89,c
20260815_190055__0266__a,a,20260815_190055,87.2664,270.23,h
20260815_190055__0267__n,n,20260815_190055,87.5195,253.13,a
20260815_190055__0268__d,d,20260815_190055,87.799,279.5,n
20260815_190055__0269__s,s,20260815_190055,88.1996,400.57,d
20260815_190055__0270__u,u,20260815_190055,88.4824,282.81,s
20260815_190055__0271__c,c,20260815_190055,88.7401,257.73,u
20260815_190055__0272__junk,junk,20260815_190055,88.8775,,
20260815_190055__0273__h,h,20260815_190055,89.1218,381.68,c
20260815_190055__0274__a,a,20260815_190055,90.0324,910.59,h
20260815_190055__0275__n,n,20260815_190055,90.2891,256.73,a
20260815_190055__0276__d,d,20260815_190055,90.4835,194.4,n
20260815_190055__0277__n,n,20260815_190055,90.727,243.47,d
20260815_190055__0278__u,u,20260815_190055,91.0293,302.34,n
20260815_190055__0279__m,m,20260815_190055,91.3098,280.45,u
20260815_190055__0280__b,b,20260815_190055,91.5341,224.35,m
20260815_190055__0281__e,e,20260815_190055,91.782,247.89,b
20260815_190055__0282__r,r,20260815_190055,92.002,219.91,e
20260815_190055__0283__s,s,20260815_190055,92.2497,247.76,r
20260815_190055__0284__l,l,20260815_190055,92.5205,270.77,s
20260815_190055__0285__k,k,20260815_190055,93.0092,488.73,l
20260815_190055__0286__e,e,20260815_190055,93.3366,327.37,k
20260815_190055__0287__3,3,20260815_190055,94.3366,1000.07,e
20260815_190055__0288__junk,junk,20260815_190055,94.8041,,
20260815_190055__0289__6,6,20260815_190055,94.9292,592.52,3
20260815_190055__0290__8,8,20260815_190055,95.78,850.84,6
20260815_190055__0291__junk,junk,20260815_190055,96.2405,,
20260815_190055__0292__a,a,20260815_190055,96.3895,609.46,8
20260815_190055__0293__n,n,20260815_190055,96.6772,287.71,a
20260815_190055__0294__d,d,20260815_190055,96.9689,291.77,n
20260815_190055__0295__a,a,20260815_190055,97.4773,508.41,d
20260815_190055__0296__f,f,20260815_190055,97.8121,334.72,a
20260815_190055__0297__u,u,20260815_190055,98.0971,285.08,f
20260815_190055__0298__n,n,20260815_190055,98.3278,230.7,u
20260815_190055__0299__n,n,20260815_190055,98.5372,209.32,n
20260815_190055__0300__y,y,20260815_190055,98.747,209.82,n
20260815_190055__0301__o,o,20260815_190055,99.1603,413.29,y
20260815_190055__0302__n,n,20260815_190055,99.3851,224.83,o
20260815_190055__0303__e,e,20260815_190055,99.7053,320.23,n
20260815_190055__0304__junk,junk,20260815_190055,100.1047,,
20260815_190055__0305__i,i,20260815_190055,100.2825,577.14,e
20260815_190055__0306__k,k,20260815_190055,100.7138,431.32,i
20260815_190055__0307__e,e,20260815_190055,100.9774,263.63,k
20260815_190055__0308__6,6,20260815_190055,101.4683,490.91,e
20260815_190055__0309__7,7,20260815_190055,101.9071,438.82,6
20260815_190055__0310__junk,junk,20260815_190055,102.0325,,
20260815_190055__0311__junk,junk,20260815_190055,102.1692,,
20260815_190055__0312__junk,junk,20260815_190055,102.8405,,
20260815_190055__0313__junk,junk,20260815_190055,102.9853,,
20260815_190055__0314__b,b,20260815_190055,103.1589,1251.77,7
20260815_190055__0315__c,c,20260815_190055,103.6048,445.9,b
20260815_190055__0316__a,a,20260815_190055,103.8581,253.29,c
20260815_190055__0317__u,u,20260815_190055,104.0837,225.65,a
20260815_190055__0318__s,s,20260815_190055,104.344,260.23,u
20260815_190055__0319__e,e,20260815_190055,104.5865,242.49,s
20260815_190055__0320__junk,junk,20260815_190055,104.9551,,
20260815_190055__0321__f,f,20260815_190055,105.0847,498.23,e
20260815_190055__0322__o,o,20260815_190055,105.3269,242.24,f
20260815_190055__0323__r,r,20260815_190055,105.4529,125.96,o
20260815_190055__0324__junk,junk,20260815_190055,105.6626,,
20260815_190055__0325__s,s,20260815_190055,105.9184,465.51,r
20260815_190055__0326__o,o,20260815_190055,106.2103,291.9,s
20260815_190055__0327__m,m,20260815_190055,106.4099,199.59,o
20260815_190055__0328__e,e,20260815_190055,106.6492,239.25,m
20260815_190055__0329__r,r,20260815_190055,106.9242,275.03,e
20260815_190055__0330__e,e,20260815_190055,107.1775,253.27,r
20260815_190055__0331__a,a,20260815_190055,107.4516,274.15,e
20260815_190055__0332__s,s,20260815_190055,107.7326,281.02,a
20260815_190055__0333__o,o,20260815_190055,108.0122,279.52,s
20260815_190055__0334__n,n,20260815_190055,108.2729,260.77,o
20260815_190055__0335__t,t,20260815_190055,108.5417,268.82,n
20260815_190055__0336__h,h,20260815_190055,108.8289,287.17,t
20260815_190055__0337__a,a,20260815_190055,109.0129,184.04,h
20260815_190055__0338__t,t,20260815_190055,109.2543,241.36,a
20260815_190055__0339__s,s,20260815_190055,109.4943,240.02,t
20260815_190055__0340__w,w,20260815_190055,109.8052,310.86,s
20260815_190055__0341__h,h,20260815_190055,110.0517,246.46,w
20260815_190055__0342__a,a,20260815_190055,110.4505,398.84,h
20260815_190055__0343__t,t,20260815_190055,110.6916,241.11,a
20260815_190055__0344__a,a,20260815_190055,111.0243,332.7,t
20260815_190055__0345__l,l,20260815_190055,111.2955,271.16,a
20260815_190055__0346__l,l,20260815_190055,111.5237,228.28,l
20260815_190055__0347__t,t,20260815_190055,111.7845,260.77,l
20260815_190055__0348__h,h,20260815_190055,112.0156,231.13,t
20260815_190055__0349__e,e,20260815_190055,112.2709,255.22,h
20260815_190055__0350__k,k,20260815_190055,112.5406,269.75,e
20260815_190055__0351__i,i,20260815_190055,112.8133,272.68,k
20260815_190055__0352__d,d,20260815_190055,112.9973,183.99,i
20260815_190055__0353__s,s,20260815_190055,113.2524,255.1,d
20260815_190055__0354__s,s,20260815_190055,113.8231,570.68,s
20260815_190055__0355__a,a,20260815_190055,114.0263,203.24,s
20260815_190055__0356__y,y,20260815_190055,114.2864,260.14,a
20260815_190055__0357__n,n,20260815_190055,114.5713,284.88,y
20260815_190055__0358__o,o,20260815_190055,114.8107,239.41,n
20260815_190055__0359__w,w,20260815_190055,115.1054,294.67,o
20260815_190055__0360__a,a,20260815_190055,115.3602,254.81,w
20260815_190055__0361__d,d,20260815_190055,115.6479,287.69,a
20260815_190055__0362__a,a,20260815_190055,115.905,257.1,d
20260815_190055__0363__junk,junk,20260815_190055,116.0356,,
20260815_190055__0364__y,y,20260815_190055,116.1821,277.14,a
20260815_190055__0365__s,s,20260815_190055,116.4564,274.29,y
20260815_190055__0366__junk,junk,20260815_190055,116.7329,,
20260815_190055__0367__junk,junk,20260815_190055,116.9836,,
20260815_190055__0368__junk,junk,20260815_190055,117.1242,,
20260815_190055__0369__junk,junk,20260815_190055,117.3894,,
20260815_190055__0370__junk,junk,20260815_190055,117.6591,,
20260815_190055__0371__a,a,20260815_190055,117.9267,1470.32,s
20260815_190055__0372__n,n,20260815_190055,118.1583,231.56,a
20260815_190055__0373__d,d,20260815_190055,118.4041,245.76,n
20260815_190055__0374__i,i,20260815_190055,118.7039,299.86,d
20260815_190055__0375__d,d,20260815_190055,119.2238,519.91,i
20260815_190055__0376__o,o,20260815_190055,119.366,142.2,d
20260815_190055__0377__junk,junk,20260815_190055,119.5026,,
20260815_190055__0378__n,n,20260815_190055,119.7012,335.15,o
20260815_190055__0379__t,t,20260815_190055,119.8398,138.66,n
20260815_190055__0380__r,r,20260815_190055,120.1078,267.96,t
20260815_190055__0381__e,e,20260815_190055,120.3463,238.48,r
20260815_190055__0382__a,a,20260815_190055,120.5841,237.85,e
20260815_190055__0383__l,l,20260815_190055,120.8538,269.64,a
20260815_190055__0384__l,l,20260815_190055,121.0122,158.48,l
20260815_190055__0385__y,y,20260815_190055,121.1679,155.62,l
20260815_190055__0386__k,k,20260815_190055,121.416,248.16,y
20260815_190055__0387__n,n,20260815_190055,121.6158,199.77,k
20260815_190055__0388__o,o,20260815_190055,121.8537,237.85,n
20260815_190055__0389__w,w,20260815_190055,122.3025,448.87,o
20260815_190055__0390__w,w,20260815_190055,122.6933,390.82,w
20260815_190055__0391__h,h,20260815_190055,122.9605,267.19,w
20260815_190055__0392__a,a,20260815_190055,123.1931,232.54,h
20260815_190055__0393__t,t,20260815_190055,123.4151,222,a
20260815_190055__0394__junk,junk,20260815_190055,123.7692,,
20260815_190055__0395__i,i,20260815_190055,124.0952,680.16,t
20260815_190055__0396__t,t,20260815_190055,124.373,277.76,i
20260815_190055__0397__junk,junk,20260815_190055,124.5124,,
20260815_190055__0398__m,m,20260815_190055,124.7289,355.94,t
20260815_190055__0399__e,e,20260815_190055,124.9053,176.35,m
20260815_190055__0400__junk,junk,20260815_190055,125.1101,,
20260815_190055__0401__n,n,20260815_190055,125.369,463.76,e
20260815_190055__0402__a,a,20260815_190055,125.6406,271.56,n
20260815_190055__0403__junk,junk,20260815_190055,125.7752,,
20260815_190055__0404__junk,junk,20260815_190055,126.4459,,
20260815_190055__0405__junk,junk,20260815_190055,127.1494,,
20260815_190055__0406__s,s,20260815_190055,127.5393,1898.71,a
20260815_190055__0407__b,b,20260815_190055,127.9941,454.78,s
20260815_190055__0408__u,u,20260815_190055,128.2569,262.81,b
20260815_190055__0409__b,b,20260815_190055,129.0431,786.21,u
20260815_190055__0410__c,c,20260815_190055,129.4813,438.21,b
20260815_190055__0411__a,a,20260815_190055,129.673,191.72,c
20260815_190055__0412__u,u,20260815_190055,129.8846,211.61,a
20260815_190055__0413__s,s,20260815_190055,130.0624,177.76,u
20260815_190055__0414__e,e,20260815_190055,130.2969,234.51,s
20260815_190055__0415__i,i,20260815_190055,130.6085,311.59,e
20260815_190055__0416__d,d,20260815_190055,130.8246,216.1,i
20260815_190055__0417__o,o,20260815_190055,131.066,241.36,d
20260815_190055__0418__n,n,20260815_190055,131.2643,198.32,o
20260815_190055__0419__t,t,20260815_190055,131.5832,318.87,n
20260815_190055__0420__junk,junk,20260815_190055,131.7195,,
20260815_190055__0421__t,t,20260815_190055,132.273,689.86,t
20260815_190055__0422__h,h,20260815_190055,132.4017,128.73,t
20260815_190055__0423__junk,junk,20260815_190055,132.5341,,
20260815_190055__0424__e,e,20260815_190055,132.6799,278.12,h
20260815_190055__0425__n,n,20260815_190055,132.8515,171.61,e
20260815_190055__0426__p,p,20260815_190055,133.5523,700.84,n
20260815_190055__0427__i,i,20260815_190055,133.79,237.64,p
20260815_190055__0428__k,k,20260815_190055,133.9857,195.78,i
20260815_190055__0429__a,a,20260815_190055,134.2294,243.65,k
20260815_190055__0430__c,c,20260815_190055,134.4387,209.3,a
20260815_190055__0431__h,h,20260815_190055,134.6927,254.06,c
20260815_190055__0432__u,u,20260815_190055,134.9516,258.82,h
20260815_190055__0433__junk,junk,20260815_190055,135.1336,,
20260815_190055__0434__u,u,20260815_190055,135.3795,427.98,u
20260815_190055__0435__s,s,20260815_190055,135.596,216.42,u
20260815_190055__0436__e,e,20260815_190055,135.8383,242.29,s
20260815_190055__0437__s,s,20260815_190055,136.0423,204.08,e
20260815_190055__0438__t,t,20260815_190055,136.3253,282.95,s
20260815_190055__0439__h,h,20260815_190055,136.4556,130.34,t
20260815_190055__0440__u,u,20260815_190055,136.6971,241.52,h
20260815_190055__0441__n,n,20260815_190055,136.9037,206.55,u
20260815_190055__0442__d,d,20260815_190055,137.1608,257.1,n
20260815_190055__0443__e,e,20260815_190055,137.365,204.2,d
20260815_190055__0444__r,r,20260815_190055,137.5862,221.25,e
20260815_190055__0445__b,b,20260815_190055,137.7911,204.88,r
20260815_190055__0446__o,o,20260815_190055,138.07,278.84,b
20260815_190055__0447__l,l,20260815_190055,138.3246,254.63,o
20260815_190055__0448__junk,junk,20260815_190055,138.7305,,
20260815_190055__0449__junk,junk,20260815_190055,139.1962,,
20260815_190055__0450__a,a,20260815_190055,139.3379,1013.33,l
20260815_190055__0451__n,n,20260815_190055,139.5122,174.24,a
20260815_190055__0452__d,d,20260815_190055,139.6929,180.7,n
20260815_190055__0453__junk,junk,20260815_190055,139.9932,,
20260815_190055__0454__junk,junk,20260815_190055,140.1297,,
20260815_190055__0455__junk,junk,20260815_190055,140.8301,,
20260815_190055__0456__s,s,20260815_190055,141.3398,1646.89,d
20260815_190055__0457__n,n,20260815_190055,141.5932,253.45,s
20260815_190055__0458__o,o,20260815_190055,141.8602,266.98,n
20260815_190055__0459__o,o,20260815_190055,142.0805,220.34,o
20260815_190055__0460__z,z,20260815_190055,142.3288,248.32,o
20260815_190055__0461__i,i,20260815_190055,142.614,285.19,z
20260815_190055__0462__n,n,20260815_190055,142.8755,261.5,i
20260815_190055__0463__g,g,20260815_190055,143.0556,180.11,n
20260815_190055__0464__junk,junk,20260815_190055,143.1958,,
20260815_190055__0465__w,w,20260815_190055,143.3644,308.78,g
20260815_190055__0466__i,i,20260815_190055,143.5032,138.8,w
20260815_190055__0467__t,t,20260815_190055,143.681,177.8,i
20260815_190055__0468__h,h,20260815_190055,143.8155,134.47,t
20260815_190055__0469__o,o,20260815_190055,143.9448,129.27,h
20260815_190055__0470__junk,junk,20260815_190055,144.0792,,
20260815_190055__0471__u,u,20260815_190055,144.2957,350.93,o
20260815_190055__0472__t,t,20260815_190055,144.5009,205.17,u
20260815_190055__0473__t,t,20260815_190055,144.8973,396.49,t
20260815_190055__0474__h,h,20260815_190055,145.0385,141.16,t
20260815_190055__0475__e,e,20260815_190055,145.2588,220.32,h
20260815_190055__0476__g,g,20260815_190055,145.4579,199.07,e
20260815_190055__0477__r,r,20260815_190055,145.6774,219.5,g
20260815_190055__0478__junk,junk,20260815_190055,145.8112,,
20260815_190055__0479__i,i,20260815_190055,146.0158,338.41,r
20260815_190055__0480__z,z,20260815_190055,146.2521,236.26,i
20260815_190055__0481__z,z,20260815_190055,146.4665,214.42,z
20260815_190055__0482__l,l,20260815_190055,146.7493,282.79,z
20260815_190055__0483__y,y,20260815_190055,146.9874,238.1,l
20260815_190055__0484__b,b,20260815_190055,147.5196,532.24,y
20260815_190055__0485__junk,junk,20260815_190055,147.8732,,
20260815_190055__0486__a,a,20260815_190055,148.0273,507.64,b
20260815_190055__0487__r,r,20260815_190055,148.1696,142.34,a
20260815_190055__0488__junk,junk,20260815_190055,148.3009,,
20260815_190055__0489__junk,junk,20260815_190055,148.5382,,
20260815_190055__0490__s,s,20260815_190055,148.7629,593.31,r
20260815_190055__0491__junk,junk,20260815_190055,148.8936,,
20260815_190055__0492__junk,junk,20260815_190055,149.2073,,
20260815_190055__0493__junk,junk,20260815_190055,149.5817,,
20260815_190055__0494__w,w,20260815_190055,150.3546,1591.75,s
20260815_190055__0495__i,i,20260815_190055,150.594,239.34,w
20260815_190055__0496__h,h,20260815_190055,150.8517,257.66,i
20260815_190055__0497__t,t,20260815_190055,151.6947,843.06,h
20260815_190055__0498__h,h,20260815_190055,151.9735,278.82,t
20260815_190055__0499__x,x,20260815_190055,152.8373,863.81,h
20260815_190055__0500__junk,junk,20260815_190055,153.0445,,
20260815_190055__0501__y,y,20260815_190055,153.255,417.69,x
20260815_190055__0502__z,z,20260815_190055,154.1829,927.87,y
20260815_190055__0503__z,z,20260815_190055,154.3869,203.99,z
20260815_190055__0504__l,l,20260815_190055,155.4946,1107.73,z
20260815_190055__0505__i,i,20260815_190055,155.7927,298.05,l
20260815_190055__0506__k,k,20260815_190055,155.9734,180.68,i
20260815_190055__0507__t,t,20260815_190055,156.3872,413.85,k
20260815_190055__0508__h,h,20260815_190055,156.6378,250.57,t
20260815_190055__0509__a,a,20260815_190055,156.9019,264.1,h
20260815_190055__0510__t,t,20260815_190055,157.1212,219.37,a
20260815_190055__0511__s,s,20260815_190055,157.3469,225.62,t
20260815_190055__0512__junk,junk,20260815_190055,157.5728,,
20260815_190055__0513__m,m,20260815_190055,157.7087,361.79,s
20260815_190055__0514__y,y,20260815_190055,157.9131,204.42,m
20260815_190055__0515__f,f,20260815_190055,158.1205,207.46,y
20260815_190055__0516__junk,junk,20260815_190055,158.3641,,
20260815_190055__0517__a,a,20260815_190055,158.4982,377.62,f
20260815_190055__0518__v,v,20260815_190055,158.6979,199.71,a
20260815_190055__0519__o,o,20260815_190055,158.9883,290.39,v
20260815_190055__0520__r,r,20260815_190055,159.1935,205.22,o
20260815_190055__0521__i,i,20260815_190055,159.406,212.52,r
20260815_190055__0522__e,e,20260815_190055,159.8401,434.15,i
20260815_190055__0523__p,p,20260815_190055,160.2375,397.35,e
20260815_190055__0524__e,e,20260815_190055,160.8482,610.75,p
20260815_190055__0525__m,m,20260815_190055,161,151.79,e
20260815_190055__0526__o,o,20260815_190055,161.2359,235.87,m
20260815_190055__0527__n,n,20260815_190055,161.5237,287.78,o
20260815_190055__0528__g,g,20260815_190055,161.8231,299.41,n
20260815_190055__0529__e,e,20260815_190055,161.9829,159.82,g
20260815_190055__0530__n,n,20260815_190055,162.1505,167.55,e
20260815_190055__0531__e,e,20260815_190055,162.4749,324.49,n
20260815_190055__0532__r,r,20260815_190055,162.7814,306.42,e
20260815_190055__0533__a,a,20260815_190055,163.2902,508.8,r
20260815_190055__0534__t,t,20260815_190055,163.5563,266.19,a
20260815_190055__0535__i,i,20260815_190055,163.7556,199.27,t
20260815_190055__0536__o,o,20260815_190055,164.0218,266.19,i
20260815_190055__0537__n,n,20260815_190055,164.8386,816.76,o
20260815_190055__0538__b,b,20260815_190055,165.7287,890.11,n
20260815_190055__0539__e,e,20260815_190055,165.8884,159.73,b
20260815_190055__0540__c,c,20260815_190055,166.1273,238.93,e
20260815_190055__0541__a,a,20260815_190055,166.3791,251.75,c
20260815_190055__0542__u,u,20260815_190055,166.593,213.92,a
20260815_190055__0543__s,s,20260815_190055,166.782,188.98,u
20260815_190055__0544__e,e,20260815_190055,167.0307,248.75,s
20260815_190055__0545__o,o,20260815_190055,167.36,329.23,e
20260815_190055__0546__f,f,20260815_190055,167.6269,266.92,o
20260815_190055__0547__p,p,20260815_190055,167.8864,259.5,f
20260815_190055__0548__o,o,20260815_190055,168.1264,239.98,p
20260815_190055__0549__k,k,20260815_190055,168.3173,190.88,o
20260815_190055__0550__e,e,20260815_190055,168.5363,219,k
20260815_190055__0551__m,m,20260815_190055,168.7298,193.51,e
20260815_190055__0552__o,o,20260815_190055,168.977,247.26,m
20260815_190055__0553__n,n,20260815_190055,169.2199,242.88,o
20260815_190055__0554__l,l,20260815_190055,169.5557,335.83,n
20260815_190055__0555__i,i,20260815_190055,169.7945,238.75,l
20260815_190055__0556__k,k,20260815_190055,170.0156,221.09,i
20260815_190055__0557__e,e,20260815_190055,170.2414,225.83,k
20260815_190055__0558__a,a,20260815_190055,170.7478,506.37,e
20260815_190055__0559__s,s,20260815_190055,170.9773,229.52,a
20260815_190055__0560__h,h,20260815_190055,171.231,253.7,s
20260815_190055__0561__g,g,20260815_190055,171.4859,254.94,h
20260815_190055__0562__r,r,20260815_190055,171.7647,278.8,g
20260815_190055__0563__e,e,20260815_190055,171.9828,218.05,r
20260815_190055__0564__n,n,20260815_190055,172.1135,130.75,e
20260815_190055__0565__junk,junk,20260815_190055,172.2836,,
20260815_190055__0566__i,i,20260815_190055,172.4703,356.76,n
20260815_190055__0567__n,n,20260815_190055,172.6778,207.55,i
20260815_190055__0568__j,j,20260815_190055,172.9247,246.85,n
20260815_190055__0569__junk,junk,20260815_190055,173.0562,,
20260815_190055__0570__a,a,20260815_190055,173.1848,260.09,j
20260815_190055__0571__junk,junk,20260815_190055,173.3284,,
20260815_190055__0572__a,a,20260815_190055,173.6767,491.9,a
20260815_190055__0573__n,n,20260815_190055,173.9214,244.74,a
20260815_190055__0574__d,d,20260815_190055,174.1165,195.08,n
20260815_190055__0575__t,t,20260815_190055,174.4224,305.9,d
20260815_190055__0576__h,h,20260815_190055,174.5786,156.19,t
20260815_190055__0577__e,e,20260815_190055,174.7756,197.01,h
20260815_190055__0578__i,i,20260815_190055,175.1339,358.3,e
20260815_190055__0579__r,r,20260815_190055,175.4039,270.02,i
20260815_190055__0580__m,m,20260815_190055,175.651,247.07,r
20260815_190055__0581__e,e,20260815_190055,175.8931,242.13,m
20260815_190055__0582__g,g,20260815_190055,176.1041,210.95,e
20260815_190055__0583__a,a,20260815_190055,176.3271,223.02,g
20260815_190055__0584__e,e,20260815_190055,176.6514,324.29,a
20260815_190055__0585__v,v,20260815_190055,176.8718,220.43,e
20260815_190055__0586__o,o,20260815_190055,177.1405,268.68,v
20260815_190055__0587__u,u,20260815_190055,177.6568,516.3,o
20260815_190055__0588__t,t,20260815_190055,178.1276,470.77,u
20260815_190055__0589__i,i,20260815_190055,178.4561,328.55,t
20260815_190055__0590__o,o,20260815_190055,178.7537,297.53,i
20260815_190055__0591__n,n,20260815_190055,179.0995,345.85,o
20260815_190055__0592__junk,junk,20260815_190055,179.5316,,
20260815_190504__0000__junk,junk,20260815_190504,0.0077,,
20260815_190504__0001__junk,junk,20260815_190504,0.2663,,
20260815_190504__0002__junk,junk,20260815_190504,0.3938,,
20260815_190504__0003__1,1,20260815_190504,0.8421,,
20260815_190504__0004__0,0,20260815_190504,1.0181,176.05,1
20260815_190504__0005__2,2,20260815_190504,1.1953,177.19,0
20260815_190504__0006__9,9,20260815_190504,1.34,144.72,2
20260815_190504__0007__junk,junk,20260815_190504,1.5197,,
20260815_190504__0008__q,q,20260815_190504,2.0786,738.53,9
20260815_190504__0009__p,p,20260815_190504,2.2376,159.05,q
20260815_190504__0010__w,w,20260815_190504,2.4524,214.76,p
20260815_190504__0011__o,o,20260815_190504,2.6245,172.15,w
20260815_190504__0012__e,e,20260815_190504,2.8395,214.94,o
20260815_190504__0013__i,i,20260815_190504,3.0248,185.28,e
20260815_190504__0014__r,r,20260815_190504,3.2116,186.85,i
20260815_190504__0015__u,u,20260815_190504,3.4109,199.3,r
20260815_190504__0016__t,t,20260815_190504,3.603,192.06,u
20260815_190504__0017__y,y,20260815_190504,3.7928,189.86,t
20260815_190504__0018__g,g,20260815_190504,3.9898,196.98,y
20260815_190504__0019__h,h,20260815_190504,4.1665,176.69,g
20260815_190504__0020__a,a,20260815_190504,4.5537,387.17,h
20260815_190504__0021__l,l,20260815_190504,4.691,137.28,a
20260815_190504__0022__s,s,20260815_190504,4.9002,209.23,l
20260815_190504__0023__k,k,20260815_190504,5.1017,201.47,s
20260815_190504__0024__j,j,20260815_190504,5.3547,253.02,k
20260815_190504__0025__f,f,20260815_190504,5.6979,343.22,j
20260815_190504__0026__h,h,20260815_190504,5.8568,158.96,f
20260815_190504__0027__g,g,20260815_190504,6.0014,144.58,h
20260815_190504__0028__b,b,20260815_190504,6.2297,228.25,g
20260815_190504__0029__v,v,20260815_190504,6.4781,248.39,b
20260815_190504__0030__n,n,20260815_190504,6.6373,159.18,v
20260815_190504__0031__c,c,20260815_190504,6.8718,234.56,n
20260815_190504__0032__m,m,20260815_190504,7.1058,233.97,c
20260815_190504__0033__z,z,20260815_190504,7.356,250.23,m
20260815_190504__0034__n,n,20260815_190504,7.5562,200.23,z
20260815_190504__0035__x,x,20260815_190504,7.7379,181.68,n
20260815_190504__0036__l,l,20260815_190504,7.9787,240.77,x
20260815_190504__0037__k,k,20260815_190504,8.3071,328.41,l
20260815_190504__0038__s,s,20260815_190504,8.4365,129.39,k
20260815_190504__0039__p,p,20260815_190504,8.7223,285.83,s
20260815_190504__0040__1,1,20260815_190504,8.901,178.73,p
20260815_190504__0041__0,0,20260815_190504,9.0976,196.53,1
20260815_190504__0042__2,2,20260815_190504,9.2398,142.24,0
20260815_190504__0043__9,9,20260815_190504,9.4194,179.61,2
20260815_190504__0044__3,3,20260815_190504,9.6238,204.38,9
20260815_190504__0045__8,8,20260815_190504,9.829,205.22,3
20260815_190504__0046__7,7,20260815_190504,10.1284,299.37,8
20260815_190504__0047__5,5,20260815_190504,10.323,194.65,7
20260815_190504__0048__6,6,20260815_190504,10.5267,203.7,5
20260815_190504__0049__t,t,20260815_190504,10.7709,244.2,6
20260815_190504__0050__y,y,20260815_190504,11.0427,271.72,t
20260815_190504__0051__junk,junk,20260815_190504,11.1849,,
20260815_190504__0052__q,q,20260815_190504,11.4712,428.55,y
20260815_190504__0053__p,p,20260815_190504,11.7044,233.2,q
20260815_190504__0054__w,w,20260815_190504,11.9094,204.97,p
20260815_190504__0055__o,o,20260815_190504,12.1391,229.75,w
20260815_190504__0056__e,e,20260815_190504,12.3624,223.31,o
20260815_190504__0057__i,i,20260815_190504,12.6128,250.41,e
20260815_190504__0058__u,u,20260815_190504,12.8477,234.88,i
20260815_190504__0059__t,t,20260815_190504,13.0605,212.77,u
20260815_190504__0060__y,y,20260815_190504,13.198,137.57,t
20260815_190504__0061__g,g,20260815_190504,13.4197,221.63,y
20260815_190504__0062__h,h,20260815_190504,13.568,148.34,g
20260815_190504__0063__junk,junk,20260815_190504,13.719,,
20260815_190504__0064__b,b,20260815_190504,13.8451,277.03,h
20260815_190504__0065__v,v,20260815_190504,14.0734,228.39,b
20260815_190504__0066__junk,junk,20260815_190504,14.2097,,
20260815_190504__0067__n,n,20260815_190504,14.359,285.58,v
20260815_190504__0068__junk,junk,20260815_190504,14.6189,,
20260815_190504__0069__l,l,20260815_190504,15.0118,652.77,n
20260815_190504__0070__a,a,20260815_190504,15.1398,128.05,l
20260815_190504__0071__k,k,20260815_190504,15.3525,212.65,a
20260815_190504__0072__s,s,20260815_190504,15.4841,131.56,k
20260815_190504__0073__j,j,20260815_190504,15.7326,248.57,s
20260815_190504__0074__d,d,20260815_190504,15.8822,149.52,j
20260815_190504__0075__junk,junk,20260815_190504,16.1222,,
20260815_190504__0076__junk,junk,20260815_190504,16.2885,,
20260815_190504__0077__junk,junk,20260815_190504,16.4946,,
20260815_190504__0078__1,1,20260815_190504,16.6965,814.35,d
20260815_190504__0079__0,0,20260815_190504,16.9134,216.92,1
20260815_190504__0080__2,2,20260815_190504,17.078,164.63,0
20260815_190504__0081__9,9,20260815_190504,17.2972,219.18,2
20260815_190504__0082__3,3,20260815_190504,17.424,126.8,9
20260815_190504__0083__8,8,20260815_190504,17.6607,236.62,3
20260815_190504__0084__4,4,20260815_190504,17.8992,238.55,8
20260815_190504__0085__junk,junk,20260815_190504,18.1944,,
20260815_190504__0086__7,7,20260815_190504,18.3464,447.17,4
20260815_190504__0087__6,6,20260815_190504,18.613,266.67,7
20260815_190504__0088__junk,junk,20260815_190504,18.8311,,
20260815_190504__0089__junk,junk,20260815_190504,18.9607,,
20260815_190504__0090__s,s,20260815_190504,19.0886,475.58,6
20260815_190504__0091__d,d,20260815_190504,19.4415,352.83,s
20260815_190504__0092__h,h,20260815_190504,19.67,228.55,d
20260815_190504__0093__h,h,20260815_190504,20.1339,463.85,h
20260815_190504__0094__junk,junk,20260815_190504,20.3204,,
20260815_190504__0095__s,s,20260815_190504,20.6288,494.99,h
20260815_190504__0096__junk,junk,20260815_190504,20.7602,,
20260815_190504__0097__junk,junk,20260815_190504,20.8894,,
20260815_190504__0098__junk,junk,20260815_190504,21.0682,,
20260815_190504__0099__p,p,20260815_190504,21.4708,841.93,s
20260815_190504__0100__o,o,20260815_190504,21.878,407.23,p
20260815_190504__0101__w,w,20260815_190504,22.0397,161.66,o
20260815_190504__0102__i,i,20260815_190504,22.2863,246.6,w
20260815_190504__0103__e,e,20260815_190504,22.4632,176.96,i
20260815_190504__0104__u,u,20260815_190504,22.6626,199.41,e
20260815_190504__0105__t,t,20260815_190504,22.8641,201.43,u
20260815_190504__0106__y,y,20260815_190504,23.1017,237.62,t
20260815_190504__0107__g,g,20260815_190504,23.2955,193.85,y
20260815_190504__0108__h,h,20260815_190504,23.4472,151.66,g
20260815_190504__0109__b,b,20260815_190504,23.6799,232.72,h
20260815_190504__0110__junk,junk,20260815_190504,23.8782,,
20260815_190504__0111__n,n,20260815_190504,24.0957,415.78,b
20260815_190504__0112__w,w,20260815_190504,24.3512,255.53,n
20260815_190504__0113__junk,junk,20260815_190504,24.5454,,
20260815_190504__0114__l,l,20260815_190504,24.7264,375.22,w
20260815_190504__0115__junk,junk,20260815_190504,24.8532,,
20260815_190504__0116__k,k,20260815_190504,25.0951,368.68,l
20260815_190504__0117__junk,junk,20260815_190504,25.2267,,
20260815_190504__0118__w,w,20260815_190504,25.3804,285.26,k
20260815_190504__0119__junk,junk,20260815_190504,25.6342,,
20260815_190504__0120__junk,junk,20260815_190504,25.7868,,
20260815_190504__0121__0,0,20260815_190504,25.9401,559.68,w
20260815_190504__0122__1,1,20260815_190504,26.1227,182.68,0
20260815_190504__0123__9,9,20260815_190504,26.3131,190.39,1
20260815_190504__0124__2,2,20260815_190504,26.5441,230.93,9
20260815_190504__0125__junk,junk,20260815_190504,26.7159,,
20260815_190504__0126__5,5,20260815_190504,27.1198,575.74,2
20260815_190504__0127__4,4,20260815_190504,27.3302,210.36,5
20260815_190504__0128__6,6,20260815_190504,27.5532,222.99,4
20260815_190504__0129__1,1,20260815_190504,27.8144,261.22,6
20260815_190504__0130__0,0,20260815_190504,27.9394,124.99,1
20260815_190504__0131__2,2,20260815_190504,28.2345,295.1,0
20260815_190504__0132__9,9,20260815_190504,28.3993,164.81,2
20260815_190504__0133__p,p,20260815_190504,28.8947,495.46,9
20260815_190504__0134__q,q,20260815_190504,29.0526,157.87,p
20260815_190504__0135__o,o,20260815_190504,29.2624,209.77,q
20260815_190504__0136__w,w,20260815_190504,29.3882,125.83,o
20260815_190504__0137__i,i,20260815_190504,29.5513,163.13,w
20260815_190504__0138__u,u,20260815_190504,29.7712,219.84,i
20260815_190504__0139__t,t,20260815_190504,30.2261,454.88,u
20260815_190504__0140__y,y,20260815_190504,30.4967,270.66,t
20260815_190504__0141__g,g,20260815_190504,30.7365,239.82,y
20260815_190504__0142__h,h,20260815_190504,31.0065,270,g
20260815_190504__0143__a,a,20260815_190504,31.3861,379.55,h
20260815_190504__0144__l,l,20260815_190504,31.5539,167.8,a
20260815_190504__0145__s,s,20260815_190504,31.7465,192.61,l
20260815_190504__0146__k,k,20260815_190504,31.9553,208.78,s
20260815_190504__0147__j,j,20260815_190504,32.2422,286.89,k
20260815_190504__0148__g,g,20260815_190504,32.4193,177.17,j
20260815_190504__0149__n,n,20260815_190504,32.7051,285.74,g
20260815_190504__0150__b,b,20260815_190504,32.8646,159.57,n
20260815_190504__0151__m,m,20260815_190504,33.1601,295.46,b
20260815_190504__0152__c,c,20260815_190504,33.3973,237.26,m
20260815_190504__0153__n,n,20260815_190504,33.6919,294.58,c
20260815_190504__0154__v,v,20260815_190504,33.8964,204.49,n
20260815_190504__0155__b,b,20260815_190504,34.0836,187.19,v
20260815_190504__0156__z,z,20260815_190504,34.3773,293.67,b
20260815_190504__0157__m,m,20260815_190504,34.7077,330.39,z
20260815_190504__0158__x,x,20260815_190504,34.9443,236.6,m
20260815_190504__0159__n,n,20260815_190504,35.1621,217.82,x
20260815_190504__0160__c,c,20260815_190504,35.3737,211.63,n
20260815_190504__0161__b,b,20260815_190504,35.5685,194.83,c
20260815_190504__0162__v,v,20260815_190504,35.7264,157.87,b
20260815_190504__0163__l,l,20260815_190504,36.0729,346.51,v
20260815_190504__0164__k,k,20260815_190504,36.4544,381.45,l
20260815_190504__0165__s,s,20260815_190504,36.6235,169.16,k
20260815_190504__0166__j,j,20260815_190504,36.8787,255.19,s
20260815_190504__0167__h,h,20260815_190504,37.1006,221.84,j
20260815_190504__0168__g,g,20260815_190504,37.3154,214.88,h
20260815_190504__0169__b,b,20260815_190504,37.6043,288.82,g
20260815_190504__0170__v,v,20260815_190504,37.8447,240.41,b
20260815_190504__0171__n,n,20260815_190504,38.1151,270.39,v
20260815_190504__0172__c,c,20260815_190504,38.3422,227.12,n
20260815_190504__0173__m,m,20260815_190504,38.6168,274.58,c
20260815_190504__0174__z,z,20260815_190504,38.8512,234.44,m
20260815_190504__0175__x,x,20260815_190504,39.1039,252.74,z
20260815_190504__0176__l,l,20260815_190504,39.3412,237.21,x
20260815_190504__0177__a,a,20260815_190504,39.5742,233.06,l
20260815_190504__0178__k,k,20260815_190504,39.8141,239.93,a
20260815_190504__0179__s,s,20260815_190504,39.9453,131.13,k
20260815_190504__0180__j,j,20260815_190504,40.1409,195.65,s
20260815_190504__0181__h,h,20260815_190504,40.3963,255.35,j
20260815_190504__0182__z,z,20260815_190504,40.6975,301.22,h
20260815_190504__0183__x,x,20260815_190504,41.0466,349.07,z
20260815_190504__0184__c,c,20260815_190504,41.3613,314.76,x
20260815_190504__0185__v,v,20260815_190504,41.5875,226.15,c
20260815_190504__0186__z,z,20260815_190504,41.9148,327.28,v
20260815_190504__0187__x,x,20260815_190504,42.1734,258.66,z
20260815_190504__0188__x,x,20260815_190504,42.3751,201.66,x
20260815_190504__0189__m,m,20260815_190504,42.7434,368.32,x
20260815_190504__0190__a,a,20260815_190504,42.9958,252.43,m
20260815_190504__0191__l,l,20260815_190504,43.1815,185.71,a
20260815_190504__0192__junk,junk,20260815_190504,43.4213,,
20260815_190504__0193__k,k,20260815_190504,43.5811,399.59,l
20260815_190504__0194__junk,junk,20260815_190504,43.9002,,
20260815_190504__0195__junk,junk,20260815_190504,44.0656,,
20260815_190504__0196__junk,junk,20260815_190504,44.3046,,
20260815_190504__0197__0,0,20260815_190504,44.4529,871.81,k
20260815_190504__0198__1,1,20260815_190504,44.6129,160,0
20260815_190504__0199__9,9,20260815_190504,44.7583,145.37,1
20260815_190504__0200__2,2,20260815_190504,44.9926,234.26,9
20260815_190504__0201__junk,junk,20260815_190504,45.1222,,
20260815_190504__0202__3,3,20260815_190504,45.3318,339.21,2
20260815_190504__0203__4,4,20260815_190504,45.536,204.17,3
20260815_190504__0204__6,6,20260815_190504,46.4206,884.6,4
20260815_190504__0205__5,5,20260815_190504,46.7044,283.81,6
20260815_190504__0206__7,7,20260815_190504,46.9055,201.16,5
20260815_190504__0207__4,4,20260815_190504,47.0307,125.12,7
20260815_190504__0208__junk,junk,20260815_190504,47.1976,,
20260815_190504__0209__8,8,20260815_190504,47.3497,319.02,4
20260815_190504__0210__junk,junk,20260815_190504,47.4959,,
20260815_190504__0211__1,1,20260815_190504,47.6562,306.51,8
20260815_190504__0212__0,0,20260815_190504,47.8326,176.39,1
20260815_190504__0213__2,2,20260815_190504,47.9871,154.56,0
20260815_190504__0214__9,9,20260815_190504,48.215,227.87,2
20260815_190504__0215__junk,junk,20260815_190504,48.4514,,
20260815_190504__0216__p,p,20260815_190504,48.6067,391.68,9
20260815_190504__0217__junk,junk,20260815_190504,48.7552,,
20260815_190504__0218__o,o,20260815_190504,49.0556,448.89,p
20260815_190504__0219__i,i,20260815_190504,49.3142,258.64,o
20260815_190504__0220__w,w,20260815_190504,49.6012,286.94,i
20260815_190504__0221__u,u,20260815_190504,49.7979,196.73,w
20260815_190504__0222__y,y,20260815_190504,50.0322,234.26,u
20260815_190504__0223__t,t,20260815_190504,50.2172,185.01,y
20260815_190504__0224__h,h,20260815_190504,50.4167,199.57,t
20260815_190504__0225__g,g,20260815_190504,50.5797,162.99,h
20260815_190504__0226__n,n,20260815_190504,50.8937,314.01,g
20260815_190504__0227__b,b,20260815_190504,51.068,174.24,n
20260815_190504__0228__m,m,20260815_190504,51.344,276.05,b
20260815_190504__0229__c,c,20260815_190504,51.6832,339.16,m
20260815_190504__0230__l,l,20260815_190504,51.899,215.83,c
20260815_190504__0231__k,k,20260815_190504,52.2208,321.79,l
20260815_190504__0232__a,a,20260815_190504,52.3914,170.57,k
20260815_190504__0233__j,j,20260815_190504,52.61,218.66,a
20260815_190504__0234__s,s,20260815_190504,52.7738,163.79,j
20260815_190504__0235__h,h,20260815_190504,52.9805,206.69,s
20260815_190504__0236__g,g,20260815_190504,53.2438,263.27,h
20260815_190504__0237__b,b,20260815_190504,53.468,224.22,g
20260815_190504__0238__v,v,20260815_190504,53.6443,176.28,b
20260815_190504__0239__n,n,20260815_190504,53.866,221.68,v
20260815_190504__0240__x,x,20260815_190504,54.7135,847.53,n
20260815_190504__0241__n,n,20260815_190504,54.8796,166.15,x
20260815_190504__0242__l,l,20260815_190504,55.2844,404.74,n
20260815_190504__0243__s,s,20260815_190504,55.4942,209.8,l
20260815_190504__0244__k,k,20260815_190504,55.7394,245.24,s
20260815_190504__0245__j,j,20260815_190504,55.9654,226.03,k
20260815_190504__0246__g,g,20260815_190504,56.2066,241.2,j
20260815_190504__0247__h,h,20260815_190504,56.4627,256.03,g
20260815_190504__0248__b,b,20260815_190504,56.6691,206.44,h
20260815_190504__0249__v,v,20260815_190504,56.8967,227.6,b
20260815_190504__0250__n,n,20260815_190504,57.1666,269.89,v
20260815_190504__0251__z,z,20260815_190504,57.3927,226.1,n
20260815_190504__0252__m,m,20260815_190504,57.6166,223.95,z
20260815_190504__0253__x,x,20260815_190504,57.8465,229.82,m
20260815_190504__0254__n,n,20260815_190504,58.021,174.54,x
20260815_190504__0255__c,c,20260815_190504,58.2135,192.54,n
20260815_190504__0256__b,b,20260815_190504,58.3616,148.1,c
20260815_190504__0257__v,v,20260815_190504,58.5071,145.46,b
20260815_190504__0258__q,q,20260815_190504,59.1705,663.45,v
20260815_190504__0259__p,p,20260815_190504,59.3579,187.39,q
20260815_190504__0260__w,w,20260815_190504,59.5433,185.33,p
20260815_190504__0261__o,o,20260815_190504,59.7273,184.04,w
20260815_190504__0262__1,1,20260815_190504,59.9108,183.54,o
20260815_190504__0263__0,0,20260815_190504,60.0876,176.78,1
20260815_190504__0264__2,2,20260815_190504,60.2992,211.61,0
20260815_190504__0265__9,9,20260815_190504,60.4987,199.48,2
20260815_190504__0266__3,3,20260815_190504,60.6729,174.2,9
20260815_190504__0267__8,8,20260815_190504,60.8906,217.71,3
20260815_190504__0268__7,7,20260815_190504,61.2047,314.13,8
20260815_190504__0269__5,5,20260815_190504,61.4978,293.04,7
20260815_190504__0270__6,6,20260815_190504,61.7624,264.6,5
20260815_190504__0271__t,t,20260815_190504,61.9755,213.08,6
20260815_190504__0272__junk,junk,20260815_190504,62.4007,,
20260815_190504__0273__w,w,20260815_190504,62.5375,562,t
20260815_190504__0274__a,a,20260815_190504,63.0434,505.96,w
20260815_190504__0275__n,n,20260815_190504,63.2327,189.27,a
20260815_190504__0276__d,d,20260815_190504,63.3929,160.16,n
20260815_190504__0277__y,y,20260815_190504,63.5322,139.39,d
20260815_190504__0278__w,w,20260815_190504,63.7658,233.56,y
20260815_190504__0279__n,n,20260815_190504,64.2137,447.87,w
20260815_190504__0280__g,g,20260815_190504,64.4384,224.76,n
20260815_190504__0281__h,h,20260815_190504,64.6801,241.63,g
20260815_190504__0282__f,f,20260815_190504,64.9315,251.43,h
20260815_190504__0283__g,g,20260815_190504,65.2266,295.08,f
20260815_190504__0284__h,h,20260815_190504,65.5661,339.55,g
20260815_190504__0285__s,s,20260815_190504,65.7681,201.95,h
20260815_190504__0286__j,j,20260815_190504,65.9915,223.4,s
20260815_190504__0287__k,k,20260815_190504,66.2374,245.94,j
20260815_190504__0288__l,l,20260815_190504,66.567,329.59,k
20260815_190504__0289__s,s,20260815_190504,66.7929,225.92,l
20260815_190504__0290__k,k,20260815_190504,66.9379,144.94,s
20260815_190504__0291__d,d,20260815_190504,67.1704,232.49,k
20260815_190504__0292__j,j,20260815_190504,67.3695,199.14,d
20260815_190504__0293__h,h,20260815_190504,67.7427,373.17,j
20260815_190504__0294__g,g,20260815_190504,67.9881,245.4,h
20260815_190504__0295__b,b,20260815_190504,68.2264,238.32,g
20260815_190504__0296__n,n,20260815_190504,68.8735,647.14,b
20260815_190504__0297__s,s,20260815_190504,69.0874,213.88,n
20260815_190504__0298__b,b,20260815_190504,69.3045,217.12,s
20260815_190504__0299__d,d,20260815_190504,69.6057,301.16,b
20260815_190504__0300__f,f,20260815_190504,69.8406,234.94,d
20260815_190504__0301__n,n,20260815_190504,70.0469,206.26,f
20260815_190504__0302__a,a,20260815_190504,71.1342,1087.32,n
20260815_190504__0303__k,k,20260815_190504,71.2949,160.7,a
20260815_190504__0304__s,s,20260815_190504,71.4205,125.62,k
20260815_190504__0305__i,i,20260815_190504,72.1086,688.05,s
20260815_190504__0306__w,w,20260815_190504,72.2582,149.64,i
20260815_190504__0307__u,u,20260815_190504,72.481,222.74,w
20260815_190504__0308__1,1,20260815_190504,72.9088,427.78,u
20260815_190504__0309__0,0,20260815_190504,73.0799,171.13,1
20260815_190504__0310__2,2,20260815_190504,73.2455,165.65,0
20260815_190504__0311__9,9,20260815_190504,73.4485,202.97,2
20260815_190504__0312__3,3,20260815_190504,73.621,172.49,9
20260815_190504__0313__8,8,20260815_190504,73.8461,225.15,3
20260815_190504__0314__4,4,20260815_190504,73.9974,151.25,8
20260815_190504__0315__7,7,20260815_190504,74.2359,238.5,4
20260815_190504__0316__6,6,20260815_190504,74.8244,588.53,7
20260815_190504__0317__5,5,20260815_190504,75.1016,277.17,6
20260815_190504__0318__7,7,20260815_190504,75.3888,287.21,5
20260815_190504__0319__4,4,20260815_190504,75.6425,253.67,7
20260815_190504__0320__8,8,20260815_190504,75.9645,322,4
20260815_190504__0321__junk,junk,20260815_190504,76.0905,,
20260815_190504__0322__3,3,20260815_190504,76.2413,276.83,8
20260815_190504__0323__junk,junk,20260815_190504,76.3681,,
20260815_190504__0324__9,9,20260815_190504,76.5747,333.45,3
20260815_190504__0325__1,1,20260815_190504,76.7601,185.37,9
20260815_190504__0326__0,0,20260815_190504,76.9738,213.65,1
20260815_190504__0327__2,2,20260815_190504,77.1826,208.8,0
20260815_190504__0328__9,9,20260815_190504,77.4175,234.97,2
20260815_190504__0329__p,p,20260815_190504,77.9417,524.13,9
20260815_190504__0330__q,q,20260815_190504,78.1938,252.15,p
20260815_190504__0331__o,o,20260815_190504,78.5424,348.59,q
20260815_190504__0332__w,w,20260815_190504,78.774,231.56,o
20260815_190504__0333__i,i,20260815_190504,79.0362,262.27,w
20260815_190504__0334__e,e,20260815_190504,79.2405,204.22,i
20260815_190504__0335__u,u,20260815_190504,79.4389,198.41,e
20260815_190504__0336__t,t,20260815_190504,79.6441,205.26,u
20260815_190504__0337__y,y,20260815_190504,79.8841,239.98,t
20260815_190504__0338__g,g,20260815_190504,80.1476,263.47,y
20260815_190504__0339__h,h,20260815_190504,80.4474,299.84,g
20260815_190504__0340__f,f,20260815_190504,80.7273,279.91,h
20260815_190504__0341__l,l,20260815_190504,81.0455,318.14,f
20260815_190504__0342__a,a,20260815_190504,81.2131,167.64,l
20260815_190504__0343__k,k,20260815_190504,81.5409,327.8,a
20260815_190504__0344__s,s,20260815_190504,81.7092,168.32,k
20260815_190504__0345__m,m,20260815_190504,82.0276,318.34,s
20260815_190504__0346__z,z,20260815_190504,82.2849,257.35,m
20260815_190504__0347__n,n,20260815_190504,82.5261,241.2,z
20260815_190504__0348__x,x,20260815_190504,82.7635,237.39,n
20260815_190504__0349__b,b,20260815_190504,82.9861,222.54,x
20260815_190504__0350__c,c,20260815_190504,83.2027,216.62,b
20260815_190504__0351__v,v,20260815_190504,83.4663,263.61,c
20260815_190504__0352__n,n,20260815_190504,83.7037,237.41,v
20260815_190504__0353__a,a,20260815_190504,83.9737,270.02,n
20260815_190504__0354__m,m,20260815_190504,84.1572,183.45,a
20260815_190504__0355__s,s,20260815_190504,84.3332,176.08,m
20260815_190504__0356__l,l,20260815_190504,84.532,198.78,s
20260815_190504__0357__d,d,20260815_190504,84.7924,260.34,l
20260815_190504__0358__k,k,20260815_190504,85.0218,229.46,d
20260815_190504__0359__f,f,20260815_190504,85.2348,212.99,k
20260815_190504__0360__j,j,20260815_190504,85.4583,223.51,f
20260815_190504__0361__h,h,20260815_190504,85.6843,225.99,j
20260815_190504__0362__g,g,20260815_190504,85.8809,196.62,h
20260815_190504__0363__b,b,20260815_190504,86.175,294.08,g
20260815_190504__0364__v,v,20260815_190504,86.4592,284.15,b
20260815_190504__0365__n,n,20260815_190504,86.7195,260.29,v
20260815_190504__0366__c,c,20260815_190504,86.9595,240.09,n
20260815_190504__0367__m,m,20260815_190504,87.2094,249.86,c
20260815_190504__0368__z,z,20260815_190504,87.4721,262.65,m
20260815_190504__0369__l,l,20260815_190504,87.769,296.98,z
20260815_190504__0370__x,x,20260815_190504,88.0026,233.51,l
20260815_190504__0371__k,k,20260815_190504,88.2774,274.83,x
20260815_190504__0372__a,a,20260815_190504,88.4802,202.83,k
20260815_190504__0373__j,j,20260815_190504,88.7134,233.13,a
20260815_190504__0374__s,s,20260815_190504,88.9285,215.17,j
20260815_190504__0375__h,h,20260815_190504,89.1806,252.09,s
20260815_190504__0376__f,f,20260815_190504,89.5096,328.98,h
20260815_190504__0377__g,g,20260815_190504,89.7559,246.26,f
20260815_190504__0378__b,b,20260815_190504,90.0498,293.9,g
20260815_190504__0379__v,v,20260815_190504,90.418,368.25,b
20260815_190504__0380__b,b,20260815_190504,90.6811,263.06,v
20260815_190504__0381__n,n,20260815_190504,90.9342,253.13,b
20260815_190504__0382__1,1,20260815_190504,91.2519,317.66,n
20260815_190504__0383__junk,junk,20260815_190504,91.3812,,
20260815_190504__0384__0,0,20260815_190504,91.5349,283.04,1
20260815_190504__0385__2,2,20260815_190504,91.7254,190.52,0
20260815_190504__0386__9,9,20260815_190504,91.9492,223.76,2
20260815_190504__0387__4,4,20260815_190504,92.184,234.81,9
20260815_190504__0388__8,8,20260815_190504,92.4176,233.61,4
20260815_190504__0389__5,5,20260815_190504,92.6827,265.1,8
20260815_190504__0390__7,7,20260815_190504,92.9334,250.66,5
20260815_190504__0391__6,6,20260815_190504,93.2094,276.01,7
20260815_190504__0392__q,q,20260815_190504,93.5427,333.31,6
20260815_190504__0393__junk,junk,20260815_190504,93.6788,,
20260815_190504__0394__p,p,20260815_190504,93.8659,323.17,q
20260815_190504__0395__w,w,20260815_190504,94.0491,183.22,p
20260815_190504__0396__o,o,20260815_190504,94.3033,254.2,w
20260815_190504__0397__i,i,20260815_190504,94.5763,273.02,o
20260815_190504__0398__u,u,20260815_190504,94.8567,280.39,i
20260815_190504__0399__y,y,20260815_190504,95.077,220.34,u
20260815_190504__0400__g,g,20260815_190504,95.3935,316.49,y
20260815_190504__0401__h,h,20260815_190504,95.6311,237.64,g
20260815_190504__0402__a,a,20260815_190504,95.8866,255.42,h
20260815_190504__0403__l,l,20260815_190504,96.0405,153.92,a
20260815_190504__0404__junk,junk,20260815_190504,96.179,,
20260815_190504__0405__s,s,20260815_190504,96.3295,289.05,l
20260815_190504__0406__k,k,20260815_190504,96.5359,206.33,s
20260815_190504__0407__j,j,20260815_190504,96.8108,274.92,k
20260815_190504__0408__h,h,20260815_190504,97.0622,251.45,j
20260815_190504__0409__g,g,20260815_190504,97.4387,376.44,h
20260815_190504__0410__b,b,20260815_190504,97.677,238.34,g
20260815_190504__0411__n,n,20260815_190504,97.902,224.99,b
20260815_190504__0412__m,m,20260815_190504,98.359,457.01,n
20260815_190504__0413__s,s,20260815_190504,98.5416,182.56,m
20260815_190504__0414__l,l,20260815_190504,98.7449,203.29,s
20260815_190504__0415__junk,junk,20260815_190504,98.8896,,
20260815_190504__0416__k,k,20260815_190504,99.0336,288.71,l
20260815_190504__0417__d,d,20260815_190504,99.2318,198.25,k
20260815_190504__0418__j,j,20260815_190504,99.4965,264.65,d
20260815_190504__0419__h,h,20260815_190504,99.9703,473.81,j
20260815_190504__0420__g,g,20260815_190504,100.2312,260.91,h
20260815_190504__0421__junk,junk,20260815_190504,100.5271,,
20260815_190504__0422__h,h,20260815_190504,100.6619,430.73,g
20260815_190504__0423__e,e,20260815_190504,100.88,218.12,h
20260815_190504__0424__0,0,20260815_190504,101.3029,422.83,e
20260815_190504__0425__1,1,20260815_190504,101.4346,131.79,0
20260815_190504__0426__9,9,20260815_190504,101.6409,206.24,1
20260815_190504__0427__2,2,20260815_190504,101.8436,202.72,9
20260815_190504__0428__9,9,20260815_190504,102.0774,233.81,2
20260815_190504__0429__3,3,20260815_190504,102.2666,189.18,9
20260815_190504__0430__8,8,20260815_190504,102.5253,258.71,3
20260815_190504__0431__7,7,20260815_190504,102.7877,262.36,8
20260815_190504__0432__7,7,20260815_190504,103.0408,253.11,7
20260815_190504__0433__5,5,20260815_190504,103.3651,324.35,7
20260815_190504__0434__6,6,20260815_190504,103.5906,225.49,5
20260815_190504__0435__4,4,20260815_190504,103.8088,218.16,6
20260815_190504__0436__7,7,20260815_190504,104.032,223.17,4
20260815_190504__0437__2,2,20260815_190504,104.2125,180.52,7
20260815_190504__0438__8,8,20260815_190504,104.4476,235.12,2
20260815_190504__0439__1,1,20260815_190504,104.6789,231.34,8
20260815_190504__0440__9,9,20260815_190504,104.8081,129.14,1
20260815_190504__0441__2,2,20260815_190504,105.0343,226.19,9
20260815_190504__0442__0,0,20260815_190504,105.2281,193.81,2
20260815_190504__0443__3,3,20260815_190504,105.4108,182.74,0
20260815_190504__0444__9,9,20260815_190504,105.5886,177.8,3
20260815_190504__0445__8,8,20260815_190504,105.8402,251.54,9
20260815_190504__0446__7,7,20260815_190504,106.0621,221.97,8
20260815_190504__0447__6,6,20260815_190504,106.3383,276.21,7
20260815_190504__0448__5,5,20260815_190504,106.5662,227.85,6
20260815_190504__0449__y,y,20260815_190504,106.8406,274.38,5
20260815_190504__0450__t,t,20260815_190504,107.06,219.48,y
20260815_190504__0451__u,u,20260815_190504,107.3154,255.31,t
20260815_190504__0452__r,r,20260815_190504,107.558,242.61,u
20260815_190504__0453__i,i,20260815_190504,107.7843,226.33,r
20260815_190504__0454__q,q,20260815_190504,108.1635,379.21,i
20260815_190504__0455__p,p,20260815_190504,108.3294,165.92,q
20260815_190504__0456__w,w,20260815_190504,108.4755,146.1,p
20260815_190504__0457__o,o,20260815_190504,108.7079,232.4,w
20260815_190504__0458__i,i,20260815_190504,109.1668,458.91,o
20260815_190504__0459__u,u,20260815_190504,109.4579,291.04,i
20260815_190504__0460__h,h,20260815_190504,109.7693,311.43,u
20260815_190504__0461__g,g,20260815_190504,109.9106,141.32,h
20260815_190504__0462__j,j,20260815_190504,110.1,189.41,g
20260815_190504__0463__s,s,20260815_190504,110.5941,494.13,j
20260815_190504__0464__k,k,20260815_190504,110.8212,227.07,s
20260815_190504__0465__d,d,20260815_190504,111.0476,226.35,k
20260815_190504__0466__j,j,20260815_190504,111.3092,261.61,d
20260815_190504__0467__1,1,20260815_190504,111.7546,445.42,j
20260815_190504__0468__0,0,20260815_190504,111.9213,166.73,1
20260815_190504__0469__2,2,20260815_190504,112.1032,181.88,0
20260815_190504__0470__9,9,20260815_190504,112.3207,217.48,2
20260815_190504__0471__3,3,20260815_190504,112.5048,184.1,9
20260815_190504__0472__8,8,20260815_190504,112.7104,205.6,3
20260815_190504__0473__7,7,20260815_190504,112.9972,286.8,8
20260815_190504__0474__4,4,20260815_190504,113.1319,134.67,7
20260815_190504__0475__6,6,20260815_190504,113.3406,208.75,4
20260815_190504__0476__5,5,20260815_190504,113.5361,195.49,6
20260815_190504__0477__y,y,20260815_190504,113.7483,212.13,5
20260815_190504__0478__t,t,20260815_190504,113.8983,150,y
20260815_190504__0479__h,h,20260815_190504,114.1699,271.63,t
20260815_190504__0480__k,k,20260815_190504,114.9926,822.74,h
20260815_190504__0481__a,a,20260815_190504,115.3646,371.95,k
20260815_190504__0482__l,l,20260815_190504,115.7278,363.2,a
20260815_190504__0483__s,s,20260815_190504,116.0176,289.86,l
20260815_190504__0484__k,k,20260815_190504,116.2578,240.11,s
20260815_190504__0485__1,1,20260815_190504,116.7425,484.72,k
20260815_190504__0486__0,0,20260815_190504,116.9953,252.83,1
20260815_190504__0487__p,p,20260815_190504,117.2972,301.86,0
20260815_190504__0488__p,p,20260815_190504,117.5689,271.72,p
20260815_190504__0489__p,p,20260815_190504,117.8143,245.37,p
20260815_190504__0490__q,q,20260815_190504,118.0466,232.38,p
20260815_190504__0491__o,o,20260815_190504,118.2756,228.96,q
20260815_190504__0492__w,w,20260815_190504,118.4845,208.87,o
20260815_190504__0493__i,i,20260815_190504,118.7092,224.69,w
20260815_190504__0494__u,u,20260815_190504,118.9662,257.01,i
20260815_190504__0495__y,y,20260815_190504,119.222,255.78,u
20260815_190504__0496__r,r,20260815_190504,119.4425,220.59,y
20260815_190504__0497__t,t,20260815_190504,119.8779,435.33,r
20260815_190504__0498__y,y,20260815_190504,120.0961,218.25,t
20260815_190504__0499__y,y,20260815_190504,120.338,241.84,y
20260815_190504__0500__y,y,20260815_190504,120.6208,282.83,y
20260815_190504__0501__q,q,20260815_190504,121.1666,545.83,y
20260815_190504__0502__y,y,20260815_190504,121.4141,247.53,q
20260815_190504__0503__h,h,20260815_190504,121.8901,475.96,y
20260815_190504__0504__s,s,20260815_190504,122.0597,169.59,h
20260815_190504__0505__j,j,20260815_190504,122.2693,209.55,s
20260815_190504__0506__d,d,20260815_190504,122.5141,244.88,j
20260815_190504__0507__g,g,20260815_190504,123.0443,530.18,d
20260815_190504__0508__h,h,20260815_190504,123.2646,220.29,g
20260815_190504__0509__g,g,20260815_190504,123.4303,165.71,h
20260815_190504__0510__h,h,20260815_190504,123.7035,273.15,g
20260815_190504__0511__m,m,20260815_190504,124.082,378.53,h
20260815_190504__0512__d,d,20260815_190504,124.2882,206.21,m
20260815_190504__0513__n,n,20260815_190504,124.5148,226.55,d
20260815_190504__0514__1,1,20260815_190504,124.8307,315.9,n
20260815_190504__0515__0,0,20260815_190504,125.0622,231.59,1
20260815_190504__0516__2,2,20260815_190504,125.4259,363.7,0
20260815_190504__0517__9,9,20260815_190504,125.7095,283.56,2
20260815_190504__0518__4,4,20260815_190504,125.9626,253.06,9
20260815_190504__0519__8,8,20260815_190504,126.2213,258.78,4
20260815_190504__0520__7,7,20260815_190504,126.5037,282.4,8
20260815_190504__0521__5,5,20260815_190504,126.7671,263.31,7
20260815_190504__0522__6,6,20260815_190504,127.0152,248.19,5
20260815_190504__0523__t,t,20260815_190504,127.27,254.78,6
20260815_190504__0524__r,r,20260815_190504,127.5078,237.76,t
20260815_190504__0525__y,y,20260815_190504,127.7465,238.73,r
20260815_190504__0526__u,u,20260815_190504,128.0417,295.24,y
20260815_190504__0527__e,e,20260815_190504,128.2677,225.94,u
20260815_190504__0528__i,i,20260815_190504,128.5309,263.24,e
20260815_190504__0529__q,q,20260815_190504,128.7895,258.59,i
20260815_190504__0530__p,p,20260815_190504,129.0375,248,q
20260815_190504__0531__w,w,20260815_190504,129.2181,180.54,p
20260815_190504__0532__o,o,20260815_190504,129.4785,260.43,w
20260815_190504__0533__e,e,20260815_190504,129.7,221.54,o
20260815_190504__0534__i,i,20260815_190504,129.9222,222.2,e
20260815_190504__0535__r,r,20260815_190504,130.0676,145.4,i
20260815_190504__0536__u,u,20260815_190504,130.2808,213.2,r
20260815_190504__0537__junk,junk,20260815_190504,130.5396,,
20260815_190504__0538__junk,junk,20260815_190504,131.0979,,
20260815_210015__0000__junk,junk,20260815_210015,0.0024,,
20260815_210015__0001__q,q,20260815_210015,1.8285,,
20260815_210015__0002__w,w,20260815_210015,2.376,547.51,q
20260815_210015__0003___,_,20260815_210015,2.5496,173.61,w
20260815_210015__0004__q,q,20260815_210015,2.9196,370.02,_
20260815_210015__0005__p,p,20260815_210015,3.1052,185.58,q
20260815_210015__0006__w,w,20260815_210015,3.2862,181.04,p
20260815_210015__0007__o,o,20260815_210015,3.4198,133.51,w
20260815_210015__0008___,_,20260815_210015,3.878,458.28,o
20260815_210015__0009__q,q,20260815_210015,4.3944,516.42,_
20260815_210015__0010__p,p,20260815_210015,4.5279,133.45,q
20260815_210015__0011__w,w,20260815_210015,4.718,190.09,p
20260815_210015__0012__o,o,20260815_210015,4.9216,203.58,w
20260815_210015__0013__i,i,20260815_210015,5.3036,382.04,o
20260815_210015__0014__u,u,20260815_210015,5.4902,186.58,i
20260815_210015__0015___,_,20260815_210015,5.7667,276.55,u
20260815_210015__0016__h,h,20260815_210015,6.199,432.29,_
20260815_210015__0017__d,d,20260815_210015,6.4792,280.16,h
20260815_210015__0018__j,j,20260815_210015,6.6559,176.71,d
20260815_210015__0019__f,f,20260815_210015,6.7941,138.25,j
20260815_210015__0020__l,l,20260815_210015,7.0744,280.25,f
20260815_210015__0021__d,d,20260815_210015,8.0861,1011.7,l
20260815_210015__0022__k,k,20260815_210015,8.2709,184.83,d
20260815_210015__0023__f,f,20260815_210015,8.4281,157.17,k
20260815_210015__0024__j,j,20260815_210015,8.6337,205.56,f
20260815_210015__0025__h,h,20260815_210015,9.0053,371.68,j
20260815_210015__0026___,_,20260815_210015,9.3776,372.31,h
20260815_210015__0027__b,b,20260815_210015,9.789,411.34,_
20260815_210015__0028__v,v,20260815_210015,10.0427,253.67,b
20260815_210015__0029__n,n,20260815_210015,10.2967,254.01,v
20260815_210015__0030__n,n,20260815_210015,10.7885,491.81,n
20260815_210015__0031___,_,20260815_210015,11.0309,242.38,n
20260815_210015__0032__j,j,20260815_210015,11.4563,425.46,_
20260815_210015__0033__s,s,20260815_210015,11.629,172.68,j
20260815_210015__0034__h,h,20260815_210015,11.8667,237.66,s
20260815_210015__0035__d,d,20260815_210015,12.0358,169.12,h
20260815_210015__0036__g,g,20260815_210015,12.2112,175.4,d
20260815_210015__0037__f,f,20260815_210015,12.3409,129.73,g
20260815_210015__0038__b,b,20260815_210015,12.5942,253.31,f
20260815_210015__0039__m,m,20260815_210015,13.4952,900.98,b
20260815_210015__0040__n,n,20260815_210015,14.0662,571.02,m
20260815_210015__0041__l,l,20260815_210015,14.6663,600.05,n
20260815_210015__0042__a,a,20260815_210015,14.8941,227.87,l
20260815_210015__0043__k,k,20260815_210015,15.1607,266.6,a
20260815_210015__0044__s,s,20260815_210015,15.3623,201.56,k
20260815_210015__0045__p,p,20260815_210015,15.5793,217.01,s
20260815_210015__0046__q,q,20260815_210015,15.81,230.75,p
20260815_210015__0047__o,o,20260815_210015,16.0736,263.54,q
20260815_210015__0048__w,w,20260815_210015,16.3157,242.09,o
20260815_210015__0049__i,i,20260815_210015,16.54,224.29,w
20260815_210015__0050__u,u,20260815_210015,16.7553,215.33,i
20260815_210015__0051__junk,junk,20260815_210015,17.0592,,
20260815_210015__0052__1,1,20260815_210015,17.2278,472.49,u
20260815_210015__0053__0,0,20260815_210015,17.3548,127.05,1
20260815_210015__0054__2,2,20260815_210015,17.652,297.12,0
20260815_210015__0055__9,9,20260815_210015,17.8958,243.88,2
20260815_210015__0056__8,8,20260815_210015,18.1432,247.32,9
20260815_210015__0057__7,7,20260815_210015,18.4067,263.58,8
20260815_210015__0058__6,6,20260815_210015,18.603,196.24,7
20260815_210015__0059__5,5,20260815_210015,18.8241,221.11,6
20260815_210015__0060__6,6,20260815_210015,19.0809,256.85,5
20260815_210015__0061__4,4,20260815_210015,19.2553,174.4,6
20260815_210015__0062__7,7,20260815_210015,19.5336,278.28,4
20260815_210015__0063__3,3,20260815_210015,19.7929,259.34,7
20260815_210015__0064__8,8,20260815_210015,20.0546,261.66,3
20260815_210015__0065__1,1,20260815_210015,20.3286,274.04,8
20260815_210015__0066__junk,junk,20260815_210015,20.454,,
20260815_210015__0067__0,0,20260815_210015,20.5886,259.98,1
20260815_210015__0068__2,2,20260815_210015,20.7938,205.17,0
20260815_210015__0069__9,9,20260815_210015,21.0444,250.63,2
20260815_210015__0070__8,8,20260815_210015,21.2918,247.39,9
20260815_210015__0071__7,7,20260815_210015,21.5279,236.1,8
20260815_210015__0072__6,6,20260815_210015,21.7519,223.97,7
20260815_210015__0073__5,5,20260815_210015,21.9766,224.69,6
20260815_210015__0074__t,t,20260815_210015,22.2344,257.87,5
20260815_210015__0075__r,r,20260815_210015,22.4438,209.39,t
20260815_210015__0076__y,y,20260815_210015,22.6505,206.62,r
20260815_210015__0077__q,q,20260815_210015,23.2555,605.03,y
20260815_210015__0078__p,p,20260815_210015,23.4906,235.12,q
20260815_210015__0079__w,w,20260815_210015,23.6875,196.85,p
20260815_210015__0080__o,o,20260815_210015,23.893,205.58,w
20260815_210015__0081__i,i,20260815_210015,24.1299,236.83,o
20260815_210015__0082__u,u,20260815_210015,24.3278,197.96,i
20260815_210015__0083__y,y,20260815_210015,24.5316,203.81,u
20260815_210015__0084__h,h,20260815_210015,24.749,217.39,y
20260815_210015__0085__g,g,20260815_210015,24.9768,227.73,h
20260815_210015__0086__b,b,20260815_210015,25.2837,306.92,g
20260815_210015__0087__n,n,20260815_210015,25.5637,280.05,b
20260815_210015__0088__c,c,20260815_210015,25.828,264.33,n
20260815_210015__0089__m,m,20260815_210015,26.1398,311.72,c
20260815_210015__0090__z,z,20260815_210015,26.4165,276.73,m
20260815_210015__0091__n,n,20260815_210015,26.7046,288.1,z
20260815_210015__0092__x,x,20260815_210015,26.9783,273.7,n
20260815_210015__0093__b,b,20260815_210015,27.2132,234.9,x
20260815_210015__0094__c,c,20260815_210015,27.4716,258.37,b
20260815_210015__0095__v,v,20260815_210015,27.743,271.47,c
20260815_210015__0096___,_,20260815_210015,28.0087,265.65,v
20260815_210015__0097__b,b,20260815_210015,28.3007,292.02,_
20260815_210015__0098__v,v,20260815_210015,28.5292,228.46,b
20260815_210015__0099__n,n,20260815_210015,28.7443,215.1,v
20260815_210015__0100___,_,20260815_210015,28.9752,230.91,n
20260815_210015__0101__m,m,20260815_210015,29.4854,510.27,_
20260815_210015__0102__a,a,20260815_210015,29.7042,218.8,m
20260815_210015__0103__n,n,20260815_210015,29.9446,240.36,a
20260815_210015__0104___,_,20260815_210015,30.4179,473.27,n
20260815_210015__0105___,_,20260815_210015,30.7017,283.88,_
20260815_210015__0106__n,n,20260815_210015,31.0492,347.46,_
20260815_210015__0107__j,j,20260815_210015,31.3535,304.29,n
20260815_210015__0108__k,k,20260815_210015,31.9292,575.67,j
20260815_210015__0109__d,d,20260815_210015,32.1744,245.24,k
20260815_210015__0110__l,l,20260815_210015,32.4302,255.76,d
20260815_210015__0111__f,f,20260815_210015,32.5792,149.07,l
20260815_210015__0112__k,k,20260815_210015,32.866,286.8,f
20260815_210015__0113___,_,20260815_210015,33.2578,391.75,k
20260815_210015__0114__n,n,20260815_210015,33.511,253.2,_
20260815_210015__0115__g,g,20260815_210015,33.8314,320.41,n
20260815_210015__0116__j,j,20260815_210015,34.09,258.62,g
20260815_210015__0117__h,h,20260815_210015,34.2826,192.59,j
20260815_210015__0118__v,v,20260815_210015,34.4994,216.78,h
20260815_210015__0119__b,b,20260815_210015,34.7503,250.95,v
20260815_210015__0120___,_,20260815_210015,34.9993,248.93,b
20260815_210015__0121__n,n,20260815_210015,35.2704,271.11,_
20260815_210015__0122__m,m,20260815_210015,35.5494,279.07,n
20260815_210015__0123__c,c,20260815_210015,35.792,242.61,m
20260815_210015__0124__n,n,20260815_210015,36.0274,235.4,c
20260815_210015__0125__b,b,20260815_210015,36.2298,202.36,n
20260815_210015__0126___,_,20260815_210015,36.504,274.22,b
20260815_210015__0127__z,z,20260815_210015,36.7607,256.64,_
20260815_210015__0128__b,b,20260815_210015,36.9938,233.11,z
20260815_210015__0129__x,x,20260815_210015,37.2486,254.81,b
20260815_210015__0130__n,n,20260815_210015,37.488,239.41,x
20260815_210015__0131__l,l,20260815_210015,38.3323,844.33,n
20260815_210015__0132__s,s,20260815_210015,38.5312,198.89,l
20260815_210015__0133__k,k,20260815_210015,38.7597,228.48,s
20260815_210015__0134__j,j,20260815_210015,39.0079,248.23,k
20260815_210015__0135__g,g,20260815_210015,39.2239,216.03,j
20260815_210015__0136__h,h,20260815_210015,39.436,212.02,g
20260815_210015__0137__b,b,20260815_210015,39.6634,227.41,h
20260815_210015__0138__v,v,20260815_210015,39.8813,217.89,b
20260815_210015__0139___,_,20260815_210015,40.1088,227.51,v
20260815_210015__0140__n,n,20260815_210015,40.3412,232.43,_
20260815_210015__0141__c,c,20260815_210015,40.5834,242.22,n
20260815_210015__0142__m,m,20260815_210015,40.8343,250.88,c
20260815_210015__0143__z,z,20260815_210015,41.0474,213.11,m
20260815_210015__0144__n,n,20260815_210015,41.2759,228.48,z
20260815_210015__0145__x,x,20260815_210015,41.4647,188.78,n
20260815_210015__0146__l,l,20260815_210015,41.7456,280.98,x
20260815_210015__0147__a,a,20260815_210015,41.969,223.33,l
20260815_210015__0148__k,k,20260815_210015,42.2086,239.59,a
20260815_210015__0149__s,s,20260815_210015,42.3986,190.02,k
20260815_210015__0150__j,j,20260815_210015,42.6478,249.21,s
20260815_210015__0151__h,h,20260815_210015,42.9498,302.02,j
20260815_210015__0152__g,g,20260815_210015,43.1539,204.1,h
20260815_210015__0153__b,b,20260815_210015,43.3967,242.81,g
20260815_210015__0154___,_,20260815_210015,43.6566,259.84,b
20260815_210015__0155__n,n,20260815_210015,43.8906,234.04,_
20260815_210015__0156__v,v,20260815_210015,44.1093,218.68,n
20260815_210015__0157__m,m,20260815_210015,44.3481,238.84,v
20260815_210015__0158__a,a,20260815_210015,44.5584,210.23,m
20260815_210015__0159__l,l,20260815_210015,44.7318,173.45,a
20260815_210015__0160__s,s,20260815_210015,44.9173,185.46,l
20260815_210015__0161__k,k,20260815_210015,45.1316,214.33,s
20260815_210015__0162__j,j,20260815_210015,45.3922,260.61,k
20260815_210015__0163__h,h,20260815_210015,45.6067,214.49,j
20260815_210015__0164__g,g,20260815_210015,45.8505,243.74,h
20260815_210015__0165__b,b,20260815_210015,46.0912,240.77,g
20260815_210015__0166___,_,20260815_210015,46.3364,245.22,b
20260815_210015__0167__b,b,20260815_210015,46.6165,280.02,_
20260815_210015__0168__n,n,20260815_210015,46.8637,247.28,b
20260815_210015__0169__v,v,20260815_210015,47.1021,238.34,n
20260815_210015__0170__m,m,20260815_210015,47.3113,209.25,v
20260815_210015__0171__n,n,20260815_210015,47.8971,585.8,m
20260815_210015__0172__x,x,20260815_210015,48.0485,151.41,n
20260815_210015__0173__b,b,20260815_210015,48.2681,219.57,x
20260815_210015__0174__v,v,20260815_210015,48.6775,409.41,b
20260815_210015__0175__junk,junk,20260815_210015,48.8716,,
20260815_210015__0176__h,h,20260815_210015,49.1258,448.25,v
20260815_210015__0177__j,j,20260815_210015,49.5213,395.49,h
20260815_210015__0178__s,s,20260815_210015,49.7117,190.48,j
20260815_210015__0179__k,k,20260815_210015,49.9433,231.54,s
20260815_210015__0180__junk,junk,20260815_210015,50.8173,,
20260815_210015__0181__j,j,20260815_210015,50.9457,1002.38,k
20260815_210015__0182__e,e,20260815_210015,51.1471,201.38,j
20260815_210015__0183___,_,20260815_210015,51.2939,146.83,e
20260815_210015__0184__junk,junk,20260815_210015,51.516,,
20260815_210015__0185__junk,junk,20260815_210015,52.2794,,
20260815_210015__0186__q,q,20260815_210015,52.5981,1304.24,_
20260815_210015__0187__o,o,20260815_210015,52.8748,276.71,q
20260815_210015__0188__w,w,20260815_210015,53.0734,198.53,o
20260815_210015__0189__i,i,20260815_210015,53.2083,134.9,w
20260815_210015__0190__junk,junk,20260815_210015,53.3464,,
20260815_210015__0191__e,e,20260815_210015,53.4909,282.68,i
20260815_210015__0192__u,u,20260815_210015,53.6598,168.82,e
20260815_210015__0193__y,y,20260815_210015,53.9477,287.96,u
20260815_210015__0194__t,t,20260815_210015,54.208,260.34,y
20260815_210015__0195___,_,20260815_210015,54.5651,357.05,t
20260815_210015__0196__h,h,20260815_210015,55.2907,725.65,_
20260815_210015__0197__g,g,20260815_210015,55.4656,174.83,h
20260815_210015__0198__b,b,20260815_210015,55.6686,202.99,g
20260815_210015__0199__v,v,20260815_210015,55.8444,175.87,b
20260815_210015__0200__n,n,20260815_210015,56.0744,229.93,v
20260815_210015__0201__z,z,20260815_210015,56.3896,315.22,n
20260815_210015__0202__m,m,20260815_210015,56.5353,145.69,z
20260815_210015__0203__n,n,20260815_210015,56.8326,297.35,m
20260815_210015__0204__a,a,20260815_210015,56.9783,145.62,n
20260815_210015__0205__l,l,20260815_210015,57.3471,368.84,a
20260815_210015__0206__s,s,20260815_210015,57.4766,129.52,l
20260815_210015__0207__k,k,20260815_210015,57.6781,201.47,s
20260815_210015__0208__j,j,20260815_210015,57.9572,279.09,k
20260815_210015__0209__g,g,20260815_210015,58.1859,228.66,j
20260815_210015__0210__h,h,20260815_210015,58.3498,163.99,g
20260815_210015__0211__b,b,20260815_210015,58.5883,238.46,h
20260815_210015__0212__junk,junk,20260815_210015,58.801,,
20260815_210015__0213__junk,junk,20260815_210015,58.9998,,
20260815_210015__0214___,_,20260815_210015,59.1876,599.32,b
20260815_210015__0215__junk,junk,20260815_210015,59.3362,,
20260815_210015__0216__junk,junk,20260815_210015,59.5878,,
20260815_210015__0217__n,n,20260815_210015,60.1346,947.01,_
20260815_210015__0218__b,b,20260815_210015,60.6305,495.92,n
20260815_210015__0219__v,v,20260815_210015,60.809,178.48,b
20260815_210015__0220___,_,20260815_210015,61.0385,229.46,v
20260815_210015__0221__m,m,20260815_210015,61.4657,427.23,_
20260815_210015__0222__a,a,20260815_210015,61.6232,157.53,m
20260815_210015__0223__l,l,20260815_210015,61.846,222.77,a
20260815_210015__0224__s,s,20260815_210015,62.0404,194.42,l
20260815_210015__0225__k,k,20260815_210015,62.2663,225.92,s
20260815_210015__0226__j,j,20260815_210015,62.5118,245.44,k
20260815_210015__0227__h,h,20260815_210015,62.729,217.17,j
20260815_210015__0228__g,g,20260815_210015,62.9612,232.24,h
20260815_210015__0229__b,b,20260815_210015,63.1967,235.53,g
20260815_210015__0230__v,v,20260815_210015,63.477,280.25,b
20260815_210015__0231___,_,20260815_210015,63.7329,255.96,v
20260815_210015__0232__junk,junk,20260815_210015,64.2387,,
20260815_210015__0233__junk,junk,20260815_210015,64.5685,,
20260815_210015__0234__1,1,20260815_210015,64.998,1265.1,_
20260815_210015__0235__0,0,20260815_210015,65.2512,253.17,1
20260815_210015__0236__2,2,20260815_210015,65.4481,196.89,0
20260815_210015__0237__9,9,20260815_210015,65.6701,222,2
20260815_210015__0238__9,9,20260815_210015,65.9053,235.17,9
20260815_210015__0239__7,7,20260815_210015,66.1572,251.9,9
20260815_210015__0240___,_,20260815_210015,66.3544,197.26,7
20260815_210015__0241__6,6,20260815_210015,66.5731,218.64,_
20260815_210015__0242__4,4,20260815_210015,66.8872,314.13,6
20260815_210015__0243__7,7,20260815_210015,67.1062,218.98,4
20260815_210015__0244__8,8,20260815_210015,67.413,306.78,7
20260815_210015__0245__5,5,20260815_210015,67.6402,227.21,8
20260815_210015__0246___,_,20260815_210015,67.8812,241.02,5
20260815_210015__0247___,_,20260815_210015,68.4155,534.31,_
20260815_210015__0248__8,8,20260815_210015,68.6704,254.85,_
20260815_210015__0249___,_,20260815_210015,68.8754,205.06,8
20260815_210015__0250___,_,20260815_210015,69.1289,253.51,_
20260815_210015__0251__8,8,20260815_210015,69.3567,227.73,_
20260815_210015__0252___,_,20260815_210015,69.5779,221.25,8
20260815_210015__0253__h,h,20260815_210015,69.8263,248.37,_
20260815_210015__0254__j,j,20260815_210015,70.1773,350.98,h
20260815_210015__0255__d,d,20260815_210015,70.406,228.73,j
20260815_210015__0256__h,h,20260815_210015,70.6601,254.1,d
20260815_210015__0257___,_,20260815_210015,70.8846,224.51,h
20260815_210015__0258__n,n,20260815_210015,71.1642,279.61,_
20260815_210015__0259__b,b,20260815_210015,71.3332,168.98,n
20260815_210015__0260__m,m,20260815_210015,71.6693,336.05,b
20260815_210015__0261__junk,junk,20260815_210015,71.8153,,
20260815_210015__0262__n,n,20260815_210015,71.9514,282.13,m
20260815_210015__0263__b,b,20260815_210015,72.3887,437.35,n
20260815_210015__0264__x,x,20260815_210015,72.5888,200.05,b
20260815_210015__0265__v,v,20260815_210015,72.8311,242.34,x
20260815_210015__0266__v,v,20260815_210015,73.0915,260.41,v
20260815_210015__0267___,_,20260815_210015,73.3021,210.61,v
20260815_210015__0268__n,n,20260815_210015,73.5656,263.47,_
20260815_210015__0269__n,n,20260815_210015,74.3787,813.11,n
20260815_210015__0270__b,b,20260815_210015,74.6309,252.18,n
20260815_210015__0271__v,v,20260815_210015,74.861,230.16,b
20260815_210015__0272___,_,20260815_210015,75.0931,232.04,v
20260815_210015__0273__m,m,20260815_210015,75.716,622.9,_
20260815_210015__0274__x,x,20260815_210015,75.9729,256.96,m
20260815_210015__0275__n,n,20260815_210015,76.1746,201.7,x
20260815_210015__0276__b,b,20260815_210015,76.3876,212.93,n
20260815_210015__0277__v,v,20260815_210015,76.6205,232.9,b
20260815_210015__0278___,_,20260815_210015,76.823,202.49,v
20260815_210015__0279__l,l,20260815_210015,77.4633,640.32,_
20260815_210015__0280__s,s,20260815_210015,77.6602,196.89,l
20260815_210015__0281__k,k,20260815_210015,77.9203,260.16,s
20260815_210015__0282__j,j,20260815_210015,78.1573,236.98,k
20260815_210015__0283__h,h,20260815_210015,78.388,230.68,j
20260815_210015__0284__g,g,20260815_210015,78.5707,182.7,h
20260815_210015__0285__b,b,20260815_210015,78.8059,235.15,g
20260815_210015__0286__n,n,20260815_210015,79.3614,555.56,b
20260815_210015__0287__s,s,20260815_210015,79.5515,190.09,n
20260815_210015__0288___,_,20260815_210015,79.9799,428.41,s
20260815_210015__0289__m,m,20260815_210015,80.6226,642.65,_
20260815_210015__0290__m,m,20260815_210015,81.4151,792.54,m
20260815_210015__0291__n,n,20260815_210015,81.7997,384.56,m
20260815_210015__0292__b,b,20260815_210015,82.0729,273.2,n
20260815_210015__0293__v,v,20260815_210015,82.3099,237.05,b
20260815_210015__0294__c,c,20260815_210015,82.5168,206.94,v
20260815_210015__0295___,_,20260815_210015,82.7203,203.47,c
20260815_210015__0296__p,p,20260815_210015,83.3802,659.91,_
20260815_210015__0297__w,w,20260815_210015,83.5599,179.64,p
20260815_210015__0298__o,o,20260815_210015,83.7253,165.46,w
20260815_210015__0299__i,i,20260815_210015,83.9688,243.49,o
20260815_210015__0300__u,u,20260815_210015,84.1961,227.32,i
20260815_210015__0301__h,h,20260815_210015,84.6551,458.96,u
20260815_210015__0302__g,g,20260815_210015,84.9205,265.42,h
20260815_210015__0303__l,l,20260815_210015,85.6741,753.56,g
20260815_210015__0304__s,s,20260815_210015,85.8742,200.16,l
20260815_210015__0305__k,k,20260815_210015,86.0979,223.63,s
20260815_210015__0306__j,j,20260815_210015,86.3319,234.04,k
20260815_210015__0307__n,n,20260815_210015,86.5379,205.96,j
20260815_210015__0308__b,b,20260815_210015,86.7265,188.62,n
20260815_210015__0309___,_,20260815_210015,87.0374,310.88,b
20260815_210015__0310__n,n,20260815_210015,87.5144,476.98,_
20260815_210015__0311__b,b,20260815_210015,87.9872,472.83,n
20260815_210015__0312___,_,20260815_210015,88.2472,260,b
20260815_210015__0313__c,c,20260815_210015,88.5241,276.96,_
20260815_210015__0314__b,b,20260815_210015,88.7262,202.02,c
20260815_210015__0315__n,n,20260815_210015,89.0188,292.59,b
20260815_210015__0316__junk,junk,20260815_210015,89.2836,,
20260815_210015__0317__m,m,20260815_210015,89.4427,423.9,n
20260815_210015__0318__x,x,20260815_210015,89.5725,129.82,m
20260815_210015__0319__junk,junk,20260815_210015,89.7033,,
20260815_210015__0320__l,l,20260815_210015,89.8578,285.37,x
20260815_210015__0321__a,a,20260815_210015,90.0182,160.36,l
20260815_210015__0322__k,k,20260815_210015,90.1829,164.72,a
20260815_210015__0323__s,s,20260815_210015,90.3837,200.82,k
20260815_210015__0324__j,j,20260815_210015,90.5764,192.68,s
20260815_210015__0325__h,h,20260815_210015,90.8007,224.24,j
20260815_210015__0326__g,g,20260815_210015,91.0091,208.48,h
20260815_210015__0327__b,b,20260815_210015,91.1836,174.42,g
20260815_210015__0328___,_,20260815_210015,91.6713,487.73,b
20260815_210015__0329__m,m,20260815_210015,92.0284,357.12,_
20260815_210015__0330__s,s,20260815_210015,92.6149,586.46,m
20260815_210015__0331__e,e,20260815_210015,93.2177,602.81,s
20260815_210015__0332__o,o,20260815_210015,93.3642,146.53,e
20260815_210015__0333__i,i,20260815_210015,93.7524,388.21,o
20260815_210015__0334__1,1,20260815_210015,94.6077,855.28,i
20260815_210015__0335__0,0,20260815_210015,94.7915,183.81,1
20260815_210015__0336__2,2,20260815_210015,94.9952,203.67,0
20260815_210015__0337__9,9,20260815_210015,95.2238,228.62,2
20260815_210015__0338__8,8,20260815_210015,95.4804,256.62,9
20260815_210015__0339__7,7,20260815_210015,95.6894,208.96,8
20260815_210015__0340__6,6,20260815_210015,95.9217,232.36,7
20260815_210015__0341__5,5,20260815_210015,96.1218,200.02,6
20260815_210015__0342__t,t,20260815_210015,96.3516,229.8,5
20260815_210015__0343__y,y,20260815_210015,96.5899,238.34,t
20260815_210015__0344__q,q,20260815_210015,96.8191,229.16,y
20260815_210015__0345__u,u,20260815_210015,97.0497,230.63,q
20260815_210015__0346__w,w,20260815_210015,97.2712,221.5,u
20260815_210015__0347__i,i,20260815_210015,97.5574,286.19,w
20260815_210015__0348__o,o,20260815_210015,97.8616,304.24,i
20260815_210015__0349__p,p,20260815_210015,98.1461,284.42,o
20260815_210015__0350__o,o,20260815_210015,98.4192,273.13,p
20260815_210015__0351__i,i,20260815_210015,98.8246,405.46,o
20260815_210015__0352__u,u,20260815_210015,99.0267,202.06,i
20260815_210015__0353__h,h,20260815_210015,99.2752,248.48,u
20260815_210015__0354__g,g,20260815_210015,99.4652,190,h
20260815_210015__0355___,_,20260815_210015,99.6708,205.62,g
20260815_210015__0356__b,b,20260815_210015,99.9154,244.58,_
20260815_210015__0357__v,v,20260815_210015,100.1644,249.05,b
20260815_210015__0358__n,n,20260815_210015,100.4091,244.65,v
20260815_210015__0359__x,x,20260815_210015,101.0789,669.84,n
20260815_210015__0360__n,n,20260815_210015,101.2571,178.16,x
20260815_210015__0361__b,b,20260815_210015,101.4407,183.58,n
20260815_210015__0362__v,v,20260815_210015,101.594,153.31,b
20260815_210015__0363___,_,20260815_210015,101.7291,135.15,v
20260815_210015__0364__n,n,20260815_210015,101.9526,223.49,_
20260815_210015__0365__c,c,20260815_210015,102.3209,368.3,n
20260815_210015__0366__m,m,20260815_210015,102.4698,148.82,c
20260815_210015__0367__v,v,20260815_210015,102.6023,132.54,m
20260815_210015__0368__n,n,20260815_210015,102.7642,161.9,v
20260815_210015__0369__b,b,20260815_210015,103.007,242.77,n
20260815_210015__0370___,_,20260815_210015,103.2657,258.78,b
20260815_210015__0371__w,w,20260815_210015,103.4785,212.72,_
20260815_210015__0372__h,h,20260815_210015,103.745,266.58,w
20260815_210015__0373__e,e,20260815_210015,104.0434,298.37,h
20260815_210015__0374___,_,20260815_210015,104.706,662.59,e
20260815_210015__0375__n,n,20260815_210015,105.0357,329.73,_
20260815_210015__0376__b,b,20260815_210015,105.2201,184.38,n
20260815_210015__0377__m,m,20260815_210015,105.4989,278.84,b
20260815_210015__0378__n,n,20260815_210015,105.7699,270.95,m
20260815_210015__0379__z,z,20260815_210015,105.9351,165.19,n
20260815_210015__0380__b,b,20260815_210015,106.1749,239.82,z
20260815_210015__0381__v,v,20260815_210015,106.482,307.1,b
20260815_210015__0382__c,c,20260815_210015,106.699,217.01,v
20260815_210015__0383___,_,20260815_210015,106.9364,237.37,c
20260815_210015__0384__l,l,20260815_210015,107.6091,672.74,_
20260815_210015__0385__s,s,20260815_210015,107.8054,196.28,l
20260815_210015__0386__k,k,20260815_210015,108.0553,249.86,s
20260815_210015__0387__j,j,20260815_210015,108.2995,244.26,k
20260815_210015__0388__h,h,20260815_210015,108.5456,246.08,j
20260815_210015__0389__g,g,20260815_210015,108.7667,221.07,h
20260815_210015__0390__b,b,20260815_210015,108.9795,212.88,g
20260815_210015__0391___,_,20260815_210015,109.2377,258.12,b
20260815_210015__0392___,_,20260815_210015,109.4576,219.98,_
20260815_210015__0393__n,n,20260815_210015,109.7383,280.61,_
20260815_210015__0394__v,v,20260815_210015,109.8941,155.9,n
20260815_210015__0395__m,m,20260815_210015,110.1345,240.36,v
20260815_210015__0396__c,c,20260815_210015,110.3117,177.23,m
20260815_210015__0397__n,n,20260815_210015,110.5139,202.11,c
20260815_210015__0398__l,l,20260815_210015,111.1602,646.3,n
20260815_210015__0399__a,a,20260815_210015,111.3633,203.17,l
20260815_210015__0400__k,k,20260815_210015,111.6602,296.92,a
20260815_210015__0401__s,s,20260815_210015,111.9152,254.92,k
20260815_210015__0402___,_,20260815_210015,112.1515,236.37,s
20260815_210015__0403___,_,20260815_210015,112.3917,240.18,_
20260815_210015__0404___,_,20260815_210015,112.799,407.23,_
20260815_210015__0405___,_,20260815_210015,113.0719,272.93,_
20260815_210015__0406__o,o,20260815_210015,113.3344,262.52,_
20260815_210015__0407__p,p,20260815_210015,113.569,234.65,o
20260815_210015__0408__q,q,20260815_210015,113.7476,178.53,p
20260815_210015__0409__o,o,20260815_210015,113.9879,240.36,q
20260815_210015__0410__w,w,20260815_210015,114.2228,234.85,o
20260815_210015__0411__i,i,20260815_210015,114.485,262.22,w
20260815_210015__0412__u,u,20260815_210015,114.7632,278.16,i
20260815_210015__0413__y,y,20260815_210015,115.01,246.87,u
20260815_210015__0414__t,t,20260815_210015,115.1465,136.42,y
20260815_210015__0415__g,g,20260815_210015,115.3726,226.12,t
20260815_210015__0416__1,1,20260815_210015,115.5633,190.73,g
20260815_210015__0417__7,7,20260815_210015,115.7967,233.38,1
20260815_210015__0418__2,2,20260815_210015,115.981,184.35,7
20260815_210015__0419__6,6,20260815_210015,116.2107,229.64,2
20260815_210015__0420__4,4,20260815_210015,116.4199,209.23,6
20260815_210015__0421__5,5,20260815_210015,116.6415,221.56,4
20260815_210015__0422__1,1,20260815_210015,116.8454,203.92,5
20260815_210015__0423__6,6,20260815_210015,117.098,252.63,1
20260815_210015__0424__2,2,20260815_210015,117.2274,129.37,6
20260815_210015__0425__7,7,20260815_210015,117.4811,253.67,2
20260815_210015__0426__3,3,20260815_210015,117.667,185.9,7
20260815_210015__0427__1,1,20260815_210015,118.0885,421.54,3
20260815_210015__0428__0,0,20260815_210015,118.2583,169.82,1
20260815_210015__0429__2,2,20260815_210015,118.4364,178.1,0
20260815_210015__0430__9,9,20260815_210015,118.6728,236.37,2
20260815_210015__0431__3,3,20260815_210015,118.8352,162.43,9
20260815_210015__0432__8,8,20260815_210015,119.0275,192.24,3
20260815_210015__0433__7,7,20260815_210015,119.277,249.57,8
20260815_210015__0434__6,6,20260815_210015,119.5032,226.19,7
20260815_210015__0435__5,5,20260815_210015,119.7416,238.41,6
20260815_210015__0436__7,7,20260815_210015,120.0449,303.31,5
20260815_210015__0437__1,1,20260815_210015,120.3017,256.76,7
20260815_210015__0438__0,0,20260815_210015,120.5187,216.98,1
20260815_210015__0439__2,2,20260815_210015,120.6862,167.53,0
20260815_210015__0440__9,9,20260815_210015,120.9192,232.95,2
20260815_210015__0441__8,8,20260815_210015,121.1945,275.35,9
20260815_210015__0442__7,7,20260815_210015,121.4178,223.24,8
20260815_210015__0443__6,6,20260815_210015,121.6554,237.66,7
20260815_210015__0444__5,5,20260815_210015,121.8603,204.92,6
20260815_210015__0445__6,6,20260815_210015,122.0867,226.39,5
20260815_210015__0446__4,4,20260815_210015,122.2701,183.4,6
20260815_210015__0447__7,7,20260815_210015,122.515,244.83,4
20260815_210015__0448__1,1,20260815_210015,122.7341,219.18,7
20260815_210015__0449__8,8,20260815_210015,122.9443,210.14,1
20260815_210015__0450__2,2,20260815_210015,123.1296,185.31,8
20260815_210015__0451__9,9,20260815_210015,123.4008,271.2,2
20260815_210015__0452__0,0,20260815_210015,123.6317,230.91,9
20260815_210015__0453__p,p,20260815_210015,124.2787,647.03,0
20260815_210015__0454__q,q,20260815_210015,124.4853,206.53,p
20260815_210015__0455__o,o,20260815_210015,124.7195,234.24,q
20260815_210015__0456__w,w,20260815_210015,124.9273,207.82,o
20260815_210015__0457__i,i,20260815_210015,125.1146,187.26,w
20260815_210015__0458__u,u,20260815_210015,125.3101,195.53,i
20260815_210015__0459___,_,20260815_210015,125.4746,164.44,u
20260815_210015__0460__n,n,20260815_210015,125.9744,499.89,_
20260815_210015__0461__d,d,20260815_210015,126.1601,185.65,n
20260815_210015__0462__y,y,20260815_210015,126.2857,125.62,d
20260815_210015__0463___,_,20260815_210015,126.5273,241.61,y
20260815_210015__0464__w,w,20260815_210015,126.7263,198.93,_
20260815_210015__0465__n,n,20260815_210015,127.1227,396.44,w
20260815_210015__0466__g,g,20260815_210015,127.38,257.35,n
20260815_210015__0467___,_,20260815_210015,127.684,303.92,g
20260815_210015__0468__a,a,20260815_210015,127.9046,220.63,_
20260815_210015__0469__n,n,20260815_210015,128.1513,246.71,a
20260815_210015__0470__h,h,20260815_210015,128.3823,231.02,n
20260815_210015__0471__g,g,20260815_210015,128.6564,274.1,h
20260815_210015__0472__j,j,20260815_210015,128.9147,258.28,g
20260815_210015__0473__k,k,20260815_210015,129.1918,277.12,j
20260815_210015__0474__d,d,20260815_210015,129.446,254.17,k
20260815_210015__0475___,_,20260815_210015,129.889,442.95,d
20260815_210015__0476__a,a,20260815_210015,130.9465,1057.57,_
20260815_210015__0477__n,n,20260815_210015,131.1451,198.59,a
20260815_210015__0478__i,i,20260815_210015,131.3752,230.09,n
20260815_210015__0479__e,e,20260815_210015,131.5699,194.65,i
20260815_210015__0480__l,l,20260815_210015,131.8009,231.02,e
20260815_210015__0481___,_,20260815_210015,132.0378,236.92,l
20260815_210015__0482__c,c,20260815_210015,132.3346,296.76,_
20260815_210015__0483__h,h,20260815_210015,132.4628,128.21,c
20260815_210015__0484__i,i,20260815_210015,133.2127,749.91,h
20260815_210015__0485__r,r,20260815_210015,133.4072,194.54,i
20260815_210015__0486__n,n,20260815_210015,133.9095,502.27,r
20260815_210015__0487__k,k,20260815_210015,134.2085,299.02,n
20260815_210015__0488__n,n,20260815_210015,134.6683,459.82,k
20260815_210015__0489___,_,20260815_210015,134.8307,162.43,n
20260815_210015__0490__a,a,20260815_210015,135.0408,210.09,_
20260815_210015__0491__g,g,20260815_210015,135.3105,269.66,a
20260815_210015__0492__e,e,20260815_210015,135.5502,239.71,g
20260815_210015__0493__l,l,20260815_210015,135.8573,307.07,e
20260815_210015__0494__a,a,20260815_210015,136.0173,159.98,l
20260815_210015__0495___,_,20260815_210015,136.2808,263.56,a
20260815_210015__0496__y,y,20260815_210015,136.7278,446.94,_
20260815_210015__0497__n,n,20260815_210015,136.9815,253.72,y
20260815_210015__0498__g,g,20260815_210015,137.1226,141.16,n
20260815_210015__0499___,_,20260815_210015,137.2784,155.74,g
20260815_210015__0500__a,a,20260815_210015,138.4869,1208.55,_
20260815_210015__0501__g,g,20260815_210015,138.7562,269.32,a
20260815_210015__0502__e,e,20260815_210015,138.9397,183.45,g
20260815_210015__0503__l,l,20260815_210015,139.3342,394.54,e
20260815_210015__0504__a,a,20260815_210015,139.611,276.78,l
20260815_210015__0505___,_,20260815_210015,139.8936,282.56,a
20260815_210015__0506__y,y,20260815_210015,140.1301,236.51,_
20260815_210015__0507__a,a,20260815_210015,140.2934,163.31,y
20260815_210015__0508__n,n,20260815_210015,140.4189,125.51,a
20260815_210015__0509__g,g,20260815_210015,140.6056,186.67,n
20260815_210015__0510___,_,20260815_210015,140.8373,231.77,g
20260815_210015__0511__h,h,20260815_210015,143.2927,2455.42,_
20260815_210015__0512__b,b,20260815_210015,144.5621,1269.39,h
20260815_210015__0513___,_,20260815_210015,144.8254,263.29,b
20260815_210015__0514__i,i,20260815_210015,146.5871,1761.68,_
20260815_210015__0515__g,g,20260815_210015,146.7506,163.49,i
20260815_210015__0516__t,t,20260815_210015,146.9909,240.32,g
20260815_210015__0517___,_,20260815_210015,147.4188,427.91,t
20260815_210015__0518__a,a,20260815_210015,148.2505,831.7,_
20260815_210015__0519__m,m,20260815_210015,148.409,158.53,a
20260815_210015__0520___,_,20260815_210015,148.6082,199.18,m
20260815_210015__0521__i,i,20260815_210015,148.8544,246.12,_
20260815_210015__0522___,_,20260815_210015,148.9805,126.17,i
20260815_210015__0523__r,r,20260815_210015,149.1802,199.71,_
20260815_210015__0524__h,h,20260815_210015,149.5048,324.6,r
20260815_210015__0525__t,t,20260815_210015,149.6697,164.88,h
20260815_210015__0526___,_,20260815_210015,149.8393,169.64,t
20260815_210015__0527__i,i,20260815_210015,150.3606,521.27,_
20260815_210015__0528___,_,20260815_210015,150.6023,241.66,i
20260815_210015__0529__w,w,20260815_210015,150.8543,252.02,_
20260815_210015__0530__a,a,20260815_210015,151.1254,271.11,w
20260815_210015__0531__n,n,20260815_210015,151.9622,836.78,a
20260815_210015__0532__t,t,20260815_210015,152.2319,269.71,n
20260815_210015__0533___,_,20260815_210015,152.4613,229.39,t
20260815_210015__0534__t,t,20260815_210015,152.7942,332.93,_
20260815_210015__0535__o,o,20260815_210015,153.0754,281.16,t
20260815_210015__0536___,_,20260815_210015,153.2912,215.85,o
20260815_210015__0537__g,g,20260815_210015,153.517,225.83,_
20260815_210015__0538__o,o,20260815_210015,153.7829,265.85,g
20260815_210015__0539__h,h,20260815_210015,154.3328,549.89,o
20260815_210015__0540__i,i,20260815_210015,154.5714,238.62,h
20260815_210015__0541__k,k,20260815_210015,154.8268,255.46,i
20260815_210015__0542__n,n,20260815_210015,155.2178,390.91,k
20260815_210015__0543__g,g,20260815_210015,155.4604,242.68,n
20260815_210015__0544___,_,20260815_210015,155.7227,262.27,g
20260815_210015__0545__p,p,20260815_210015,156.6831,960.43,_
20260815_210015__0546__e,e,20260815_210015,157.0048,321.7,p
20260815_210015__0547__s,s,20260815_210015,157.593,588.16,e
20260815_210015__0548__e,e,20260815_210015,157.8453,252.34,s
20260815_210015__0549___,_,20260815_210015,158.0841,238.82,e
20260815_210015__0550__g,g,20260815_210015,158.4461,361.95,_
20260815_210015__0551__o,o,20260815_210015,158.6126,166.51,g
20260815_210015__0552___,_,20260815_210015,158.826,213.4,o
20260815_210015__0553__m,m,20260815_210015,159.1023,276.26,_
20260815_210015__0554__u,u,20260815_210015,159.5813,479.05,m
20260815_210015__0555__n,n,20260815_210015,159.7408,159.46,u
20260815_210015__0556__t,t,20260815_210015,159.875,134.26,n
20260815_210015__0557__a,a,20260815_210015,160.0505,175.51,t
20260815_210015__0558__i,i,20260815_210015,160.3793,328.75,a
20260815_210015__0559__n,n,20260815_210015,160.6263,246.98,i
20260815_210015__0560__i,i,20260815_210015,160.8925,266.24,n
20260815_210015__0561__e,e,20260815_210015,161.1026,210.11,i
20260815_210015__0562__r,r,20260815_210015,161.5278,425.15,e
20260815_210015__0563__n,n,20260815_210015,161.7376,209.86,r
20260815_210015__0564__g,g,20260815_210015,162.1166,378.93,n
20260815_210015__0565___,_,20260815_210015,162.4748,358.21,g
20260815_210015__0566__h,h,20260815_210015,162.8074,332.65,_
20260815_210015__0567__j,j,20260815_210015,163.0958,288.34,h
20260815_210015__0568__a,a,20260815_210015,163.3682,272.43,j
20260815_210015__0569__l,l,20260815_210015,163.6119,243.67,a
20260815_210015__0570__s,s,20260815_210015,163.8415,229.57,l
20260815_210015__0571__k,k,20260815_210015,164.0556,214.15,s
20260815_210015__0572__j,j,20260815_210015,164.3106,255.01,k
20260815_210015__0573__h,h,20260815_210015,164.5659,255.28,j
20260815_210015__0574__g,g,20260815_210015,164.8163,250.41,h
20260815_210015__0575__b,b,20260815_210015,165.0364,220.11,g
20260815_210015__0576___,_,20260815_210015,165.2639,227.53,b
20260815_210015__0577__n,n,20260815_210015,165.5667,302.79,_
20260815_210015__0578__m,m,20260815_210015,165.8608,294.1,n
20260815_210015__0579___,_,20260815_210015,166.2964,435.53,m
20260815_210015__0580__n,n,20260815_210015,166.5345,238.1,_
20260815_210015__0581__o,o,20260815_210015,166.7627,228.19,n
20260815_210015__0582__w,w,20260815_210015,166.8935,130.82,o
20260815_210015__0583___,_,20260815_210015,167.1839,290.48,w
20260815_210015__0584__i,i,20260815_210015,167.452,268.05,_
20260815_210015__0585___,_,20260815_210015,167.5958,143.81,i
20260815_210015__0586___,_,20260815_210015,168.298,702.22,_
20260815_210015__0587__j,j,20260815_210015,168.5819,283.85,_
20260815_210015__0588__u,u,20260815_210015,168.829,247.17,j
20260815_210015__0589__t,t,20260815_210015,169.2347,405.67,u
20260815_210015__0590___,_,20260815_210015,169.3991,164.38,t
20260815_210015__0591__g,g,20260815_210015,169.6821,283.04,_
20260815_210015__0592__i,i,20260815_210015,170.0759,393.74,g
20260815_210015__0593__n,n,20260815_210015,170.2709,195.06,i
20260815_210015__0594__g,g,20260815_210015,170.4277,156.76,n
20260815_210015__0595___,_,20260815_210015,170.6684,240.68,g
20260815_210015__0596__c,c,20260815_210015,170.8733,204.97,_
20260815_210015__0597__a,a,20260815_210015,171.3865,513.2,c
20260815_210015__0598__z,z,20260815_210015,171.7749,388.41,a
20260815_210015__0599__y,y,20260815_210015,172.069,294.1,z
20260815_210015__0600___,_,20260815_210015,172.343,273.95,y
20260815_210015__0601__z,z,20260815_210015,172.8639,520.86,_
20260815_210015__0602__x,x,20260815_210015,173.4621,598.21,z
20260815_210015__0603__v,v,20260815_210015,173.7122,250.09,x
20260815_210015__0604__c,c,20260815_210015,173.9712,259.07,v
20260815_210015__0605__v,v,20260815_210015,174.2481,276.85,c
20260815_210015__0606__c,c,20260815_210015,174.6683,420.25,v
20260815_210015__0607__x,x,20260815_210015,174.8588,190.5,c
20260815_210015__0608__v,v,20260815_210015,175.1341,275.24,x
20260815_210015__0609__c,c,20260815_210015,175.3855,251.43,v
20260815_210015__0610__v,v,20260815_210015,175.6218,236.3,c
20260815_210015__0611__z,z,20260815_210015,175.8295,207.69,v
20260815_210015__0612__z,z,20260815_210015,176.1402,310.7,z
20260815_210015__0613__z,z,20260815_210015,176.3383,198.14,z
20260815_210015__0614__z,z,20260815_210015,176.5989,260.57,z
20260815_210015__0615__x,x,20260815_210015,177.106,507.1,z
20260815_210015__0616__c,c,20260815_210015,177.3662,260.18,x
20260815_210015__0617__v,v,20260815_210015,177.665,298.82,c
20260815_210015__0618__z,z,20260815_210015,177.9111,246.15,v
20260815_210015__0619__z,z,20260815_210015,178.2094,298.23,z
20260815_210015__0620__c,c,20260815_210015,178.4562,246.8,z
20260815_210015__0621__x,x,20260815_210015,178.7058,249.61,c
20260815_210015__0622__v,v,20260815_210015,178.916,210.18,x
20260815_210015__0623__a,a,20260815_210015,179.2368,320.82,v
20260815_210015__0624__l,l,20260815_210015,179.5171,280.32,a
20260815_210015__0625__s,s,20260815_210015,179.7147,197.6,l
20260815_210015__0626__k,k,20260815_210015,180.0047,290,s
20260815_210015__0627__j,j,20260815_210015,180.2553,250.61,k
20260815_210015__0628__h,h,20260815_210015,180.502,246.67,j
20260815_210015__0629__g,g,20260815_210015,180.7351,233.13,h
20260815_210015__0630__b,b,20260815_210015,180.9746,239.55,g
20260815_210015__0631__v,v,20260815_210015,181.26,285.31,b
20260815_210015__0632__n,n,20260815_210015,181.5554,295.42,v
20260815_210015__0633__z,z,20260815_210015,181.7958,240.39,n
20260815_210015__0634__z,z,20260815_210015,182.0894,293.65,z
20260815_210015__0635__z,z,20260815_210015,182.3024,213.02,z
20260815_210015__0636__m,m,20260815_210015,182.5998,297.35,z
20260815_210015__0637__x,x,20260815_210015,182.7766,176.87,m
20260815_210015__0638__n,n,20260815_210015,183.0498,273.2,x
20260815_210015__0639__b,b,20260815_210015,183.302,252.15,n
20260815_210015__0640__v,v,20260815_210015,183.5899,287.91,b
20260815_210015__0641__p,p,20260815_210015,184.1749,585.01,v
20260815_210015__0642__q,q,20260815_210015,184.3716,196.67,p
20260815_210015__0643__0,0,20260815_210015,185.1959,824.33,q
20260815_210015__0644__1,1,20260815_210015,185.4425,246.62,0
20260815_210015__0645__0,0,20260815_210015,185.674,231.47,1
20260815_210015__0646__2,2,20260815_210015,185.8863,212.31,0
20260815_210015__0647__9,9,20260815_210015,186.1466,260.27,2
20260815_210015__0648__8,8,20260815_210015,186.4021,255.51,9
20260815_210015__0649__5,5,20260815_210015,186.6397,237.62,8
20260815_210015__0650__7,7,20260815_210015,186.8988,259.09,5
20260815_210015__0651__1,1,20260815_210015,187.247,348.14,7
20260815_210015__0652__2,2,20260815_210015,187.8535,606.51,1
20260815_210015__0653__9,9,20260815_210015,188.17,316.53,2
20260815_210015__0654__9,9,20260815_210015,188.4498,279.8,9
20260815_210015__0655__8,8,20260815_210015,188.6967,246.92,9
20260815_210015__0656__7,7,20260815_210015,188.9769,280.16,8
20260815_210015__0657__5,5,20260815_210015,189.1868,209.89,7
20260815_210015__0658__7,7,20260815_210015,189.4758,289.05,5
20260815_210015__0659__6,6,20260815_210015,189.7231,247.26,7
20260815_210015__0660__5,5,20260815_210015,189.9967,273.63,6
20260815_210015__0661__4,4,20260815_210015,190.3129,316.26,5
20260815_210015__0662__t,t,20260815_210015,190.8665,553.56,4
20260815_210015__0663__y,y,20260815_210015,191.1398,273.31,t
20260815_210015__0664__u,u,20260815_210015,191.4004,260.54,y
20260815_210015__0665__i,i,20260815_210015,191.6974,297.07,u
20260815_210015__0666__p,p,20260815_210015,192.0534,355.92,i
20260815_210015__0667__q,q,20260815_210015,192.247,193.67,p
20260815_210015__0668__o,o,20260815_210015,192.525,278,q
20260815_210015__0669__w,w,20260815_210015,192.7435,218.46,o
20260815_210015__0670__i,i,20260815_210015,192.9888,245.26,w
20260815_210015__0671__u,u,20260815_210015,193.2427,253.92,i
20260815_210015__0672__y,y,20260815_210015,193.4731,230.39,u
20260815_210015__0673__t,t,20260815_210015,193.6679,194.81,y
20260815_210015__0674__h,h,20260815_210015,193.9351,267.28,t
20260815_210015__0675__g,g,20260815_210015,194.2085,273.38,h
20260815_210015__0676__b,b,20260815_210015,194.4648,256.26,g
20260815_210015__0677__n,n,20260815_210015,194.7436,278.82,b
20260815_210015__0678__z,z,20260815_210015,195.0512,307.62,n
20260815_210015__0679__junk,junk,20260815_210015,195.1765,,
20260815_210015__0680__m,m,20260815_210015,195.3714,320.18,z
20260815_210015__0681__x,x,20260815_210015,195.5838,212.4,m
20260815_210015__0682__n,n,20260815_210015,195.8673,283.54,x
20260815_210015__0683__b,b,20260815_210015,196.2981,430.75,n
20260815_210015__0684__a,a,20260815_210015,196.4989,200.77,b
20260815_210015__0685__n,n,20260815_210015,196.8155,316.67,a
20260815_210015__0686__s,s,20260815_210015,197.0475,231.93,n
20260815_210015__0687__m,m,20260815_210015,197.3268,279.37,s
20260815_210015__0688__l,l,20260815_210015,197.567,240.2,m
20260815_210015__0689__k,k,20260815_210015,197.8487,281.68,l
20260815_210015__0690___,_,20260815_210015,198.0788,230.09,k
20260815_210015__0691___,_,20260815_210015,198.558,479.21,_
20260815_210015__0692___,_,20260815_210015,198.786,227.98,_
20260815_210015__0693___,_,20260815_210015,198.9963,210.27,_
20260815_210015__0694__n,n,20260815_210015,199.2713,275.03,_
20260815_210015__0695__m,m,20260815_210015,199.5868,315.51,n
20260815_210015__0696__q,q,20260815_210015,199.8829,296.15,m
20260815_210015__0697__l,l,20260815_210015,200.2402,357.3,q
20260815_210015__0698__k,k,20260815_210015,200.5405,300.2,l
20260815_210015__0699__j,j,20260815_210015,200.8356,295.19,k
20260815_210015__0700__g,g,20260815_210015,200.9989,163.24,j
20260815_210015__0701__h,h,20260815_210015,201.239,240.09,g
20260815_210015__0702__h,h,20260815_210015,201.5222,283.2,h
20260815_210015__0703__junk,junk,20260815_210015,201.6531,,
20260815_210015__0704__g,g,20260815_210015,201.7924,270.27,h
20260815_210015__0705__d,d,20260815_210015,201.9987,206.26,g
20260815_210015__0706__f,f,20260815_210015,202.2325,233.76,d
20260815_210015__0707__s,s,20260815_210015,202.7372,504.74,f
20260815_210015__0708__l,l,20260815_210015,203.0125,275.28,s
20260815_210015__0709__p,p,20260815_210015,203.2556,243.11,l
20260815_210015__0710__q,q,20260815_210015,203.4705,214.88,p
20260815_210015__0711__o,o,20260815_210015,203.7011,230.59,q
20260815_210015__0712__i,i,20260815_210015,204.2248,523.72,o
20260815_210015__0713__junk,junk,20260815_210015,205.2108,,
20260815_210443__0000__junk,junk,20260815_210443,1.0182,,
20260815_210443__0001__t,t,20260815_210443,1.1937,,
20260815_210443__0002__junk,junk,20260815_210443,1.3441,,
20260815_210443__0003__h,h,20260815_210443,1.5454,351.7,t
20260815_210443__0004__junk,junk,20260815_210443,1.7004,,
20260815_210443__0005__e,e,20260815_210443,1.8796,334.2,h
20260815_210443__0006__l,l,20260815_210443,2.2487,369.14,e
20260815_210443__0007__junk,junk,20260815_210443,2.4064,,
20260815_210443__0008__a,a,20260815_210443,2.5801,331.38,l
20260815_210443__0009__z,z,20260815_210443,2.9321,352,a
20260815_210443__0010__junk,junk,20260815_210443,3.0684,,
20260815_210443__0011__y,y,20260815_210443,3.3068,374.65,z
20260815_210443__0012__junk,junk,20260815_210443,3.4485,,
20260815_210443__0013__junk,junk,20260815_210443,3.6413,,
20260815_210443__0014__d,d,20260815_210443,3.8604,553.63,y
20260815_210443__0015__o,o,20260815_210443,4.2037,343.33,d
20260815_210443__0016__junk,junk,20260815_210443,4.3312,,
20260815_210443__0017__g,g,20260815_210443,4.5583,354.63,o
20260815_210443__0018__j,j,20260815_210443,4.8983,339.93,g
20260815_210443__0019__u,u,20260815_210443,5.0671,168.82,j
20260815_210443__0020__m,m,20260815_210443,5.4305,363.42,u
20260815_210443__0021__p,p,20260815_210443,5.5925,162.02,m
20260815_210443__0022__junk,junk,20260815_210443,5.7235,,
20260815_210443__0023__s,s,20260815_210443,6.0093,416.8,p
20260815_210443__0024__o,o,20260815_210443,6.2891,279.75,s
20260815_210443__0025__v,v,20260815_210443,6.462,172.93,o
20260815_210443__0026__e,e,20260815_210443,6.8349,372.86,v
20260815_210443__0027__r,r,20260815_210443,7.1191,284.24,e
20260815_210443__0028__t,t,20260815_210443,7.4456,326.51,r
20260815_210443__0029__h,h,20260815_210443,7.763,317.35,t
20260815_210443__0030__e,e,20260815_210443,8.077,313.99,h
20260815_210443__0031__l,l,20260815_210443,8.6846,607.64,e
20260815_210443__0032__e,e,20260815_210443,9.0058,321.22,l
20260815_210443__0033__q,q,20260815_210443,9.819,813.2,e
20260815_210443__0034__w,w,20260815_210443,10.1229,303.92,q
20260815_210443__0035__p,p,20260815_210443,10.4684,345.42,w
20260815_210443__0036__i,i,20260815_210443,10.782,313.65,p
20260815_210443__0037__n,n,20260815_210443,11.0405,258.46,i
20260815_210443__0038__q,q,20260815_210443,11.7235,682.99,n
20260815_210443__0039__junk,junk,20260815_210443,11.8958,,
20260815_210443__0040__u,u,20260815_210443,12.0298,306.33,q
20260815_210443__0041__c,c,20260815_210443,12.6441,614.29,u
20260815_210443__0042__k,k,20260815_210443,12.9549,310.86,c
20260815_210443__0043__x,x,20260815_210443,13.2199,264.92,k
20260815_210443__0044__y,y,20260815_210443,13.4091,189.23,x
20260815_210443__0045__junk,junk,20260815_210443,13.5459,,
20260815_210443__0046__z,z,20260815_210443,13.8229,413.79,y
20260815_210443__0047__c,c,20260815_210443,14.1386,315.76,z
20260815_210443__0048__a,a,20260815_210443,14.4038,265.15,c
20260815_210443__0049___,_,20260815_210443,15.1065,702.74,a
20260815_210443__0050__junk,junk,20260815_210443,15.845,,
20260815_210443__0051__b,b,20260815_210443,16.2568,1150.29,_
20260815_210443__0052__e,e,20260815_210443,16.5044,247.55,b
20260815_210443__0053__c,c,20260815_210443,16.9157,411.34,e
20260815_210443__0054__u,u,20260815_210443,17.4281,512.38,c
20260815_210443__0055__a,a,20260815_210443,17.743,314.92,u
20260815_210443__0056__i,i,20260815_210443,18.3263,583.27,a
20260815_210443__0057__d,d,20260815_210443,18.7256,399.32,i
20260815_210443__0058__k,k,20260815_210443,19.1076,381.97,d
20260815_210443__0059__l,l,20260815_210443,19.4212,313.65,k
20260815_210443__0060__e,e,20260815_210443,19.7188,297.57,l
20260815_210443__0061__p,p,20260815_210443,20.0376,318.75,e
20260815_210443__0062___,_,20260815_210443,20.3377,300.16,p
20260815_210443__0063__m,m,20260815_210443,20.6755,337.78,_
20260815_210443__0064__d,d,20260815_210443,20.982,306.55,m
20260815_210443__0065__u,u,20260815_210443,21.2362,254.17,d
20260815_210443__0066__e,e,20260815_210443,21.5544,318.16,u
20260815_210443__0067__k,k,20260815_210443,21.8197,265.35,e
20260815_210443__0068__a,a,20260815_210443,22.0907,270.98,k
20260815_210443__0069__junk,junk,20260815_210443,22.2195,,
20260815_210443__0070__j,j,20260815_210443,22.4928,402.11,a
20260815_210443__0071__s,s,20260815_210443,22.7517,258.93,j
20260815_210443__0072__o,o,20260815_210443,23.031,279.25,s
20260815_210443__0073__e,e,20260815_210443,23.3049,273.92,o
20260815_210443__0074__p,p,20260815_210443,23.6049,300,e
20260815_210443__0075__d,d,20260815_210443,24.095,490.09,p
20260815_210443__0076__k,k,20260815_210443,24.4097,314.72,d
20260815_210443__0077__e,e,20260815_210443,24.6571,247.35,k
20260815_210443__0078__m,m,20260815_210443,24.9233,266.21,e
20260815_210443__0079__w,w,20260815_210443,25.2169,293.61,m
20260815_210443__0080__n,n,20260815_210443,25.468,251.13,w
20260815_210443__0081__junk,junk,20260815_210443,25.5951,,
20260815_210443__0082___,_,20260815_210443,25.7724,304.33,n
20260815_210443__0083__h,h,20260815_210443,26.0576,285.22,_
20260815_210443__0084__d,d,20260815_210443,26.3541,296.58,h
20260815_210443__0085__u,u,20260815_210443,26.5927,238.5,d
20260815_210443__0086__r,r,20260815_210443,26.8692,276.51,u
20260815_210443__0087__i,i,20260815_210443,27.1663,297.19,r
20260815_210443__0088__e,e,20260815_210443,27.4765,310.18,i
20260815_210443__0089__j,j,20260815_210443,27.8096,333.08,e
20260815_210443__0090__w,w,20260815_210443,28.1127,303.11,j
20260815_210443__0091__k,k,20260815_210443,28.3857,272.99,w
20260815_210443__0092__s,s,20260815_210443,28.6573,271.63,k
20260815_210443__0093__l,l,20260815_210443,28.9326,275.22,s
20260815_210443__0094__q,q,20260815_210443,29.1978,265.19,l
20260815_210443__0095__p,p,20260815_210443,29.5067,308.91,q
20260815_210443__0096__3,3,20260815_210443,29.7938,287.12,p
20260815_210443__0097__9,9,20260815_210443,30.1066,312.77,3
20260815_210443__0098__5,5,20260815_210443,30.3663,259.8,9
20260815_210443__0099__6,6,20260815_210443,30.6815,315.12,5
20260815_210443__0100__2,2,20260815_210443,30.9096,228.12,6
20260815_210443__0101__b,b,20260815_210443,31.2269,317.32,2
20260815_210443__0102__c,c,20260815_210443,31.5261,299.18,b
20260815_210443__0103__9,9,20260815_210443,31.892,365.94,c
20260815_210443__0104__junk,junk,20260815_210443,32.1534,,
20260815_210443__0105__1,1,20260815_210443,32.2834,391.36,9
20260815_210443__0106__q,q,20260815_210443,32.8352,551.79,1
20260815_210443__0107__junk,junk,20260815_210443,32.9657,,
20260815_210443__0108__o,o,20260815_210443,33.1573,322.13,q
20260815_210443__0109__junk,junk,20260815_210443,33.3665,,
20260815_210443__0110__m,m,20260815_210443,33.7184,561.09,o
20260815_210443__0111__c,c,20260815_210443,34.0079,289.52,m
20260815_210443__0112__l,l,20260815_210443,34.2291,221.16,c
20260815_210443__0113__d,d,20260815_210443,34.5479,318.84,l
20260815_210443__0114__8,8,20260815_210443,34.8332,285.22,d
20260815_210443__0115__e,e,20260815_210443,35.1341,300.95,8
20260815_210443__0116__9,9,20260815_210443,35.4586,324.51,e
20260815_210443__0117__junk,junk,20260815_210443,35.5894,,
20260815_210443__0118__a,a,20260815_210443,35.7267,268.1,9
20260815_210443__0119__0,0,20260815_210443,36.0277,301.02,a
20260815_210443__0120__d,d,20260815_210443,36.2761,248.37,0
20260815_210443__0121__q,q,20260815_210443,36.5861,310,d
20260815_210443__0122__w,w,20260815_210443,36.8624,276.28,q
20260815_210443__0123__l,l,20260815_210443,37.1267,264.35,w
20260815_210443__0124__1,1,20260815_210443,37.4072,280.48,l
20260815_210443__0125__0,0,20260815_210443,37.6751,267.94,1
20260815_210443__0126___,_,20260815_210443,37.9601,284.94,0
20260815_210443__0127__h,h,20260815_210443,38.2872,327.07,_
20260815_210443__0128__d,d,20260815_210443,38.5232,236.05,h
20260815_210443__0129__m,m,20260815_210443,38.8219,298.66,d
20260815_210443__0130__3,3,20260815_210443,39.091,269.14,m
20260815_210443__0131__6,6,20260815_210443,39.3813,290.32,3
20260815_210443__0132__1,1,20260815_210443,39.6385,257.17,6
20260815_210443__0133__9,9,20260815_210443,39.9289,290.41,1
20260815_210443__0134__3,3,20260815_210443,40.1874,258.48,9
20260815_210443__0135__j,j,20260815_210443,40.4892,301.84,3
20260815_210443__0136__d,d,20260815_210443,40.7977,308.48,j
20260815_210443__0137__u,u,20260815_210443,41.0842,286.51,d
20260815_210443__0138__e,e,20260815_210443,41.3359,251.7,u
20260815_210443__0139__h,h,20260815_210443,41.5832,247.23,e
20260815_210443__0140__c,c,20260815_210443,41.8647,281.56,h
20260815_210443__0141__g,g,20260815_210443,42.0977,233.02,c
20260815_210443__0142__a,a,20260815_210443,42.4416,343.88,g
20260815_210443__0143__p,p,20260815_210443,43.0422,600.59,a
20260815_210443__0144__o,o,20260815_210443,43.3475,305.26,p
20260815_210443__0145__c,c,20260815_210443,43.6163,268.8,o
20260815_210443__0146__m,m,20260815_210443,43.9049,288.59,c
20260815_210443__0147__e,e,20260815_210443,44.1732,268.32,m
20260815_210443__0148__o,o,20260815_210443,44.4807,307.57,e
20260815_210443__0149__f,f,20260815_210443,44.7202,239.48,o
20260815_210443__0150__l,l,20260815_210443,45.0339,313.65,f
20260815_210443__0151__k,k,20260815_210443,45.3184,284.56,l
20260815_210443__0152__d,d,20260815_210443,45.5721,253.7,k
20260815_210443__0153__m,m,20260815_210443,45.8534,281.22,d
20260815_210443__0154__c,c,20260815_210443,46.1483,294.97,m
20260815_210443__0155__h,h,20260815_210443,46.4016,253.24,c
20260815_210443__0156__s,s,20260815_210443,46.7295,327.89,h
20260815_210443__0157__l,l,20260815_210443,47.0584,328.91,s
20260815_210443__0158__m,m,20260815_210443,47.3857,327.37,l
20260815_210443__0159__c,c,20260815_210443,47.6642,278.5,m
20260815_210443__0160__o,o,20260815_210443,47.9613,297.07,c
20260815_210443__0161___,_,20260815_210443,48.2369,275.6,o
20260815_210443__0162__p,p,20260815_210443,48.5273,290.34,_
20260815_210443__0163__o,o,20260815_210443,48.8439,316.67,p
20260815_210443__0164__e,e,20260815_210443,49.1234,279.43,o
20260815_210443__0165__k,k,20260815_210443,49.7784,655.01,e
20260815_210443__0166__d,d,20260815_210443,50.0441,265.76,k
20260815_210443__0167__j,j,20260815_210443,50.353,308.89,d
20260815_210443__0168__w,w,20260815_210443,50.6825,329.48,j
20260815_210443__0169__o,o,20260815_210443,51.0176,335.15,w
20260815_210443__0170___,_,20260815_210443,51.3055,287.82,o
20260815_210443__0171__junk,junk,20260815_210443,51.4592,,
20260815_210443__0172__0,0,20260815_210443,51.6597,354.26,_
20260815_210443__0173__9,9,20260815_210443,51.9916,331.84,0
20260815_210443__0174__1,1,20260815_210443,52.2463,254.78,9
20260815_210443__0175__8,8,20260815_210443,52.5976,351.27,1
20260815_210443__0176__1,1,20260815_210443,52.8962,298.57,8
20260815_210443__0177__7,7,20260815_210443,53.2163,320.14,1
20260815_210443__0178__3,3,20260815_210443,53.6864,470.09,7
20260815_210443__0179__u,u,20260815_210443,54.0607,374.31,3
20260815_210443__0180__f,f,20260815_210443,54.346,285.31,u
20260815_210443__0181__j,j,20260815_210443,54.6053,259.23,f
20260815_210443__0182__e,e,20260815_210443,54.7917,186.39,j
20260815_210443__0183__i,i,20260815_210443,55.1346,342.97,e
20260815_210443__0184__r,r,20260815_210443,55.4415,306.85,i
20260815_210443__0185__m,m,20260815_210443,55.6945,253.02,r
20260815_210443__0186__p,p,20260815_210443,56.0025,308.05,m
20260815_210443__0187__o,o,20260815_210443,56.2824,279.82,p
20260815_210443__0188__v,v,20260815_210443,56.5067,224.31,o
20260815_210443__0189__e,e,20260815_210443,56.8199,313.2,v
20260815_210443__0190__r,r,20260815_210443,57.1133,293.47,e
20260815_210443__0191__o,o,20260815_210443,57.4859,372.54,r
20260815_210443__0192__t,t,20260815_210443,58.0056,519.71,o
20260815_210443__0193__h,h,20260815_210443,58.2698,264.17,t
20260815_210443__0194__e,e,20260815_210443,58.5883,318.5,h
20260815_210443__0195__t,t,20260815_210443,58.914,325.76,e
20260815_210443__0196__o,o,20260815_210443,59.2112,297.14,t
20260815_210443__0197__p,p,20260815_210443,59.5025,291.36,o
20260815_210443__0198__q,q,20260815_210443,59.7794,276.92,p
20260815_210443__0199__u,u,20260815_210443,60.0703,290.88,q
20260815_210443__0200__i,i,20260815_210443,60.3266,256.3,u
20260815_210443__0201__c,c,20260815_210443,60.588,261.43,i
20260815_210443__0202__k,k,20260815_210443,60.8868,298.78,c
20260815_210443__0203__l,l,20260815_210443,61.1915,304.67,k
20260815_210443__0204__a,a,20260815_210443,61.504,312.52,l
20260815_210443__0205__z,z,20260815_210443,61.7512,247.19,a
20260815_210443__0206__y,y,20260815_210443,62.0307,279.46,z
20260815_210443__0207__b,b,20260815_210443,62.2998,269.14,y
20260815_210443__0208__o,o,20260815_210443,62.8567,556.87,b
20260815_210443__0209__w,w,20260815_210443,63.0622,205.51,o
20260815_210443__0210__n,n,20260815_210443,63.3394,277.21,w
20260815_210443__0211___,_,20260815_210443,63.6992,359.77,n
20260815_210443__0212__8,8,20260815_210443,64.0803,381.18,_
20260815_210443__0213__junk,junk,20260815_210443,64.468,,
20260815_210443__0214__9,9,20260815_210443,64.7687,688.37,8
20260815_210443__0215__p,p,20260815_210443,65.1125,343.83,9
20260815_210443__0216__e,e,20260815_210443,65.3452,232.65,p
20260815_210443__0217__o,o,20260815_210443,65.6051,259.89,e
20260815_210443__0218__junk,junk,20260815_210443,65.7345,,
20260815_210443__0219__r,r,20260815_210443,65.8854,280.36,o
20260815_210443__0220__h,h,20260815_210443,66.1607,275.26,r
20260815_210443__0221__a,a,20260815_210443,66.4412,280.5,h
20260815_210443__0222__junk,junk,20260815_210443,66.5717,,
20260815_210443__0223__l,l,20260815_210443,66.7329,291.75,a
20260815_210443__0224__2,2,20260815_210443,67.0101,277.14,l
20260815_210443__0225__0,0,20260815_210443,67.2851,274.97,2
20260815_210443__0226__junk,junk,20260815_210443,67.5241,,
20260815_210443__0227__9,9,20260815_210443,67.8858,600.7,0
20260815_210443__0228__1,1,20260815_210443,68.2661,380.29,9
20260815_210443__0229__junk,junk,20260815_210443,68.4048,,
20260815_210443__0230__8,8,20260815_210443,68.5974,331.36,1
20260815_210443__0231__3,3,20260815_210443,68.8806,283.22,8
20260815_210443__0232__7,7,20260815_210443,69.1895,308.82,3
20260815_210443__0233__4,4,20260815_210443,69.4056,216.1,7
20260815_210443__0234__junk,junk,20260815_210443,69.5992,,
20260815_210443__0235___,_,20260815_210443,69.8652,459.64,4
20260815_210443__0236__g,g,20260815_210443,70.5035,638.28,_
20260815_210443__0237__a,a,20260815_210443,70.6924,188.89,g
20260815_210443__0238__junk,junk,20260815_210443,70.8486,,
20260815_210443__0239__h,h,20260815_210443,70.9762,283.88,a
20260815_210443__0240__e,e,20260815_210443,71.2772,300.98,h
20260815_210443__0241__y,y,20260815_210443,71.5772,299.98,e
20260815_210443__0242__d,d,20260815_210443,72.422,844.83,y
20260815_210443__0243__j,j,20260815_210443,72.7088,286.8,d
20260815_210443__0244__f,f,20260815_210443,72.9999,291.04,j
20260815_210443__0245__u,u,20260815_210443,73.2716,271.77,f
20260815_210443__0246__r,r,20260815_210443,73.5893,317.66,u
20260815_210443__0247__h,h,20260815_210443,73.8933,304.04,r
20260815_210443__0248__c,c,20260815_210443,74.4554,562.02,h
20260815_210443__0249__m,m,20260815_210443,74.739,283.67,c
20260815_210443__0250__d,d,20260815_210443,75.0122,273.2,m
20260815_210443__0251__l,l,20260815_210443,75.3009,288.68,d
20260815_210443__0252__z,z,20260815_210443,75.5855,284.63,l
20260815_210443__0253__k,k,20260815_210443,75.8739,288.37,z
20260815_210443__0254__a,a,20260815_210443,76.1235,249.64,k
20260815_210443__0255__p,p,20260815_210443,76.4429,319.39,a
20260815_210443__0256__q,q,20260815_210443,76.6885,245.53,p
20260815_210443__0257__h,h,20260815_210443,76.966,277.55,q
20260815_210443__0258__g,g,20260815_210443,77.2488,282.81,h
20260815_210443__0259__y,y,20260815_210443,77.4972,248.39,g
20260815_210443__0260__t,t,20260815_210443,77.7235,226.33,y
20260815_210443__0261__j,j,20260815_210443,78.0365,312.99,t
20260815_210443__0262__r,r,20260815_210443,78.2618,225.31,j
20260815_210443__0263__k,k,20260815_210443,78.5696,307.8,r
20260815_210443__0264__l,l,20260815_210443,79.1276,558,k
20260815_210443__0265__w,w,20260815_210443,79.3911,263.49,l
20260815_210443__0266__m,m,20260815_210443,79.6847,293.58,w
20260815_210443__0267__q,q,20260815_210443,79.9121,227.35,m
20260815_210443__0268__n,n,20260815_210443,80.2788,366.73,q
20260815_210443__0269__s,s,20260815_210443,80.5853,306.53,n
20260815_210443__0270__u,u,20260815_210443,80.8322,246.83,s
20260815_210443__0271__c,c,20260815_210443,81.054,221.86,u
20260815_210443__0272__junk,junk,20260815_210443,81.251,,
20260815_210443__0273__i,i,20260815_210443,81.4155,361.45,c
20260815_210443__0274__x,x,20260815_210443,81.5643,148.87,i
20260815_210443__0275__o,o,20260815_210443,81.9347,370.36,x
20260815_210443__0276__z,z,20260815_210443,82.2105,275.78,o
20260815_210443__0277__p,p,20260815_210443,82.4838,273.31,z
20260815_210443__0278__q,q,20260815_210443,82.7435,259.68,p
20260815_210443__0279__w,w,20260815_210443,82.9773,233.85,q
20260815_210443__0280__e,e,20260815_210443,83.2163,239,w
20260815_210443__0281__r,r,20260815_210443,83.46,243.63,e
20260815_210443__0282__t,t,20260815_210443,83.7194,259.43,r
20260815_210443__0283__y,y,20260815_210443,83.9711,251.75,t
20260815_210443__0284__u,u,20260815_210443,84.2563,285.15,y
20260815_210443__0285__i,i,20260815_210443,84.5332,276.89,u
20260815_210443__0286__o,o,20260815_210443,84.825,291.84,i
20260815_210443__0287__p,p,20260815_210443,85.0419,216.89,o
20260815_210443__0288___,_,20260815_210443,85.5498,507.91,p
20260815_210443__0289__l,l,20260815_210443,86.038,488.16,_
20260815_210443__0290__junk,junk,20260815_210443,86.1897,,
20260815_210443__0291__a,a,20260815_210443,86.3522,314.24,l
20260815_210443__0292__k,k,20260815_210443,86.6131,260.91,a
20260815_210443__0293__junk,junk,20260815_210443,86.7545,,
20260815_210443__0294__s,s,20260815_210443,86.8851,271.95,k
20260815_210443__0295__j,j,20260815_210443,87.1609,275.83,s
20260815_210443__0296__d,d,20260815_210443,87.4176,256.71,j
20260815_210443__0297__h,h,20260815_210443,87.7054,287.73,d
20260815_210443__0298__f,f,20260815_210443,87.9751,269.77,h
20260815_210443__0299__g,g,20260815_210443,88.3043,329.21,f
20260815_210443__0300__z,z,20260815_210443,88.7103,405.94,g
20260815_210443__0301__x,x,20260815_210443,88.9994,289.14,z
20260815_210443__0302__m,m,20260815_210443,89.2774,277.98,x
20260815_210443__0303__c,c,20260815_210443,89.5466,269.21,m
20260815_210443__0304__n,n,20260815_210443,89.784,237.39,c
20260815_210443__0305__v,v,20260815_210443,90.0507,266.71,n
20260815_210443__0306__b,b,20260815_210443,90.3676,316.85,v
20260815_210443__0307___,_,20260815_210443,90.663,295.49,b
20260815_210443__0308__junk,junk,20260815_210443,90.7994,,
20260815_210443__0309__1,1,20260815_210443,91.1566,493.56,_
20260815_210443__0310__0,0,20260815_210443,91.4383,281.75,1
20260815_210443__0311__2,2,20260815_210443,91.7025,264.2,0
20260815_210443__0312__junk,junk,20260815_210443,91.8359,,
20260815_210443__0313__9,9,20260815_210443,92.0531,350.54,2
20260815_210443__0314__3,3,20260815_210443,92.3866,333.47,9
20260815_210443__0315__8,8,20260815_210443,92.6997,313.11,3
20260815_210443__0316__4,4,20260815_210443,92.9766,276.92,8
20260815_210443__0317__7,7,20260815_210443,93.2608,284.2,4
20260815_210443__0318__5,5,20260815_210443,93.5603,299.55,7
20260815_210443__0319__6,6,20260815_210443,93.879,318.66,5
20260815_210443__0320___,_,20260815_210443,94.1537,274.69,6
20260815_210443__0321__t,t,20260815_210443,94.4503,296.67,_
20260815_210443__0322__r,r,20260815_210443,94.7478,297.51,t
20260815_210443__0323__u,u,20260815_210443,95.0197,271.88,r
20260815_210443__0324__e,e,20260815_210443,95.3012,281.5,u
20260815_210443__0325__i,i,20260815_210443,95.5589,257.71,e
20260815_210443__0326__w,w,20260815_210443,95.8148,255.85,i
20260815_210443__0327__o,o,20260815_210443,96.087,272.24,w
20260815_210443__0328__a,a,20260815_210443,96.3204,233.36,o
20260815_210443__0329__l,l,20260815_210443,96.6213,300.93,a
20260815_210443__0330__s,s,20260815_210443,96.9109,289.61,l
20260815_210443__0331__k,k,20260815_210443,97.193,282.09,s
20260815_210443__0332__d,d,20260815_210443,97.4583,265.28,k
20260815_210443__0333__j,j,20260815_210443,97.7293,271,d
20260815_210443__0334__m,m,20260815_210443,98.3252,595.9,j
20260815_210443__0335__c,c,20260815_210443,98.5875,262.27,m
20260815_210443__0336__o,o,20260815_210443,98.8559,268.44,c
20260815_210443__0337__p,p,20260815_210443,99.5872,731.32,o
20260815_210443__0338__e,e,20260815_210443,99.8671,279.93,p
20260815_210443__0339__junk,junk,20260815_210443,99.997,,
20260815_210443__0340__junk,junk,20260815_210443,100.459,,
20260815_210443__0341__w,w,20260815_210443,100.7593,892.13,e
20260815_210443__0342__junk,junk,20260815_210443,100.9433,,
20260815_210443__0343__junk,junk,20260815_210443,101.0796,,
20260815_210443__0344__l,l,20260815_210443,101.229,469.68,w
20260815_210443__0345__d,d,20260815_210443,101.4864,257.48,l
20260815_210443__0346__k,k,20260815_210443,101.7691,282.65,d
20260815_210443__0347__e,e,20260815_210443,102.0609,291.84,k
20260815_210443__0348__5,5,20260815_210443,102.3616,300.68,e
20260815_210443__0349__6,6,20260815_210443,102.5918,230.2,5
20260815_210443__0350__3,3,20260815_210443,102.8619,270.09,6
20260815_210443__0351__junk,junk,20260815_210443,102.9966,,
20260815_210443__0352__7,7,20260815_210443,103.1463,284.38,3
20260815_210443__0353__2,2,20260815_210443,103.3927,246.46,7
20260815_210443__0354___,_,20260815_210443,103.6649,272.15,2
20260815_210443__0355__d,d,20260815_210443,103.9941,329.18,_
20260815_210443__0356__i,i,20260815_210443,104.2961,302.06,d
20260815_210443__0357__e,e,20260815_210443,104.5654,269.23,i
20260815_210443__0358__j,j,20260815_210443,104.857,291.66,e
20260815_210443__0359__c,c,20260815_210443,105.1574,300.41,j
20260815_210443__0360__junk,junk,20260815_210443,105.3248,,
20260815_210443__0361__m,m,20260815_210443,105.4625,305.1,c
20260815_210443__0362__s,s,20260815_210443,105.7759,313.33,m
20260815_210443__0363__l,l,20260815_210443,106.0326,256.76,s
20260815_210443__0364__a,a,20260815_210443,106.3372,304.58,l
20260815_210443__0365__p,p,20260815_210443,106.6417,304.44,a
20260815_210443__0366__q,q,20260815_210443,106.9659,324.2,p
20260815_210443__0367__o,o,20260815_210443,107.2437,277.89,q
20260815_210443__0368__junk,junk,20260815_210443,107.3733,,
20260815_210443__0369__e,e,20260815_210443,107.5091,265.4,o
20260815_210443__0370__i,i,20260815_210443,107.769,259.91,e
20260815_210443__0371__d,d,20260815_210443,108.0831,314.01,i
20260815_210443__0372__junk,junk,20260815_210443,108.209,,
20260815_210443__0373__j,j,20260815_210443,108.3842,301.18,d
20260815_210443__0374__f,f,20260815_210443,108.6723,288.07,j
20260815_210443__0375__h,h,20260815_210443,108.9549,282.61,f
20260815_210443__0376__r,r,20260815_210443,109.2088,253.9,h
20260815_210443__0377__y,y,20260815_210443,109.4993,290.48,r
20260815_210443__0378__t,t,20260815_210443,109.7867,287.37,y
20260815_210443__0379__u,u,20260815_210443,110.0844,297.71,t
20260815_210443__0380__f,f,20260815_210443,110.3674,283.02,u
20260815_210443__0381__j,j,20260815_210443,110.6621,294.74,f
20260815_210443__0382__c,c,20260815_210443,110.9295,267.41,j
20260815_210443__0383__m,m,20260815_210443,111.2218,292.27,c
20260815_210443__0384__v,v,20260815_210443,111.4927,270.88,m
20260815_210443__0385__n,n,20260815_210443,111.7863,293.63,v
20260815_210443__0386___,_,20260815_210443,112.0491,262.81,n
20260815_210443__0387__junk,junk,20260815_210443,112.2028,,
20260815_210443__0388__l,l,20260815_210443,112.3397,290.54,_
20260815_210443__0389__p,p,20260815_210443,113.0348,695.08,l
20260815_210443__0390__s,s,20260815_210443,113.5444,509.59,p
20260815_210443__0391__k,k,20260815_210443,113.8118,267.41,s
20260815_210443__0392___,_,20260815_210443,114.0957,283.97,k
20260815_210443__0393__t,t,20260815_210443,115.0574,961.66,_
20260815_210443__0394__h,h,20260815_210443,115.3402,282.86,t
20260815_210443__0395__e,e,20260815_210443,115.6051,264.81,h
20260815_210443__0396___,_,20260815_210443,115.852,246.89,e
20260815_210443__0397__l,l,20260815_210443,116.1912,339.23,_
20260815_210443__0398__a,a,20260815_210443,116.4404,249.21,l
20260815_210443__0399__z,z,20260815_210443,116.6957,255.31,a
20260815_210443__0400__y,y,20260815_210443,117.0187,323.02,z
20260815_210443__0401__d,d,20260815_210443,117.2968,278.05,y
20260815_210443__0402__o,o,20260815_210443,117.5838,287.03,d
20260815_210443__0403__g,g,20260815_210443,117.8388,255.01,o
20260815_210443__0404__j,j,20260815_210443,118.1206,281.81,g
20260815_210443__0405__u,u,20260815_210443,118.3528,232.18,j
20260815_210443__0406__m,m,20260815_210443,118.6323,279.5,u
20260815_210443__0407__p,p,20260815_210443,118.9161,283.76,m
20260815_210443__0408__o,o,20260815_210443,119.5631,647.05,p
20260815_210443__0409__v,v,20260815_210443,119.794,230.86,o
20260815_210443__0410__e,e,20260815_210443,120.0552,261.2,v
20260815_210443__0411__r,r,20260815_210443,120.3078,252.65,e
20260815_210443__0412__t,t,20260815_210443,120.6315,323.7,r
20260815_210443__0413__h,h,20260815_210443,120.841,209.46,t
20260815_210443__0414__e,e,20260815_210443,121.0787,237.73,h
20260815_210443__0415__q,q,20260815_210443,121.8637,784.97,e
20260815_210443__0416__u,u,20260815_210443,122.0861,222.47,q
20260815_210443__0417__i,i,20260815_210443,122.3402,254.06,u
20260815_210443__0418__c,c,20260815_210443,122.5714,231.16,i
20260815_210443__0419__k,k,20260815_210443,122.826,254.65,c
20260815_210443__0420__b,b,20260815_210443,122.9544,128.37,k
20260815_210443__0421__r,r,20260815_210443,123.3748,420.43,b
20260815_210443__0422__o,o,20260815_210443,123.6654,290.63,r
20260815_210443__0423__w,w,20260815_210443,123.8631,197.64,o
20260815_210443__0424__n,n,20260815_210443,124.1178,254.69,w
20260815_210443__0425__f,f,20260815_210443,124.4543,336.55,n
20260815_210443__0426__o,o,20260815_210443,124.7636,309.3,f
20260815_210443__0427__x,x,20260815_210443,124.9681,204.44,o
20260815_210443__0428___,_,20260815_210443,125.258,289.93,x
20260815_210443__0429__junk,junk,20260815_210443,125.9348,,
20260815_210443__0430__n,n,20260815_210443,126.4983,1240.25,_
20260815_210443__0431__d,d,20260815_210443,126.7495,251.29,n
20260815_210443__0432__h,h,20260815_210443,127.6883,938.8,d
20260815_210443__0433__r,r,20260815_210443,127.9115,223.11,h
20260815_210443__0434__e,e,20260815_210443,128.204,292.54,r
20260815_210443__0435__e,e,20260815_210443,128.4464,242.45,e
20260815_210443__0436__3,3,20260815_210443,128.7354,288.96,e
20260815_210443__0437__f,f,20260815_210443,129.0468,311.41,3
20260815_210443__0438__o,o,20260815_210443,129.2875,240.7,f
20260815_210443__0439__u,u,20260815_210443,129.5394,251.86,o
20260815_210443__0440__r,r,20260815_210443,129.7792,239.84,u
20260815_210443__0441__4,4,20260815_210443,130.0621,282.93,r
20260815_210443__0442__o,o,20260815_210443,130.3689,306.76,4
20260815_210443__0443__n,n,20260815_210443,130.5813,212.45,o
20260815_210443__0444__e,e,20260815_210443,130.831,249.61,n
20260815_210443__0445__1,1,20260815_210443,131.0619,230.93,e
20260815_210443__0446__i,i,20260815_210443,131.9304,868.5,1
20260815_210443__0447__k,k,20260815_210443,132.1587,228.32,i
20260815_210443__0448__a,a,20260815_210443,132.4002,241.52,k
20260815_210443__0449__c,c,20260815_210443,132.6334,233.15,a
20260815_210443__0450__h,h,20260815_210443,132.8485,215.15,c
20260815_210443__0451__u,u,20260815_210443,133.1795,331.02,h
20260815_210443__0452__s,s,20260815_210443,133.8779,698.34,u
20260815_210443__0453__q,q,20260815_210443,134.149,271.07,s
20260815_210443__0454__u,u,20260815_210443,134.4176,268.68,q
20260815_210443__0455__i,i,20260815_210443,134.663,245.37,u
20260815_210443__0456__r,r,20260815_210443,134.9179,254.88,i
20260815_210443__0457__t,t,20260815_210443,135.1485,230.61,r
20260815_210443__0458__l,l,20260815_210443,135.7607,612.2,t
20260815_210443__0459__e,e,20260815_210443,136.0793,318.62,l
20260815_210443__0460__s,s,20260815_210443,137.1612,1081.84,e
20260815_210443__0461__n,n,20260815_210443,137.3903,229.18,s
20260815_210443__0462__o,o,20260815_210443,137.6718,281.45,n
20260815_210443__0463__r,r,20260815_210443,137.9091,237.35,o
20260815_210443__0464__l,l,20260815_210443,138.1788,269.61,r
20260815_210443__0465__a,a,20260815_210443,138.4285,249.75,l
20260815_210443__0466__x,x,20260815_210443,138.7207,292.24,a
20260815_210443__0467__j,j,20260815_210443,139.0581,337.37,x
20260815_210443__0468__a,a,20260815_210443,139.3934,335.31,j
20260815_210443__0469__z,z,20260815_210443,139.6742,280.79,a
20260815_210443__0470__z,z,20260815_210443,139.9562,281.95,z
20260815_210443__0471__y,y,20260815_210443,140.4364,480.2,z
20260815_210443__0472__m,m,20260815_210443,140.8706,434.24,y
20260815_210443__0473__a,a,20260815_210443,141.112,241.38,m
20260815_210443__0474__n,n,20260815_210443,141.4589,346.89,a
20260815_210443__0475__junk,junk,20260815_210443,141.5912,,
20260815_210443__0476___,_,20260815_210443,141.8273,368.37,n
20260815_210443__0477__0,0,20260815_210443,142.6802,852.9,_
20260815_210443__0478__9,9,20260815_210443,143.0016,321.47,0
20260815_210443__0479__1,1,20260815_210443,143.3,298.39,9
20260815_210443__0480__junk,junk,20260815_210443,143.4345,,
20260815_210443__0481__8,8,20260815_210443,143.604,304.01,1
20260815_210443__0482__junk,junk,20260815_210443,143.734,,
20260815_210443__0483__n,n,20260815_210443,144.8599,1255.9,8
20260815_210443__0484__d,d,20260815_210443,145.1295,269.57,n
20260815_210443__0485__h,h,20260815_210443,145.5499,420.39,d
20260815_210443__0486__e,e,20260815_210443,145.7729,223.04,h
20260815_210443__0487__n,n,20260815_210443,146.0682,295.28,e
20260815_210443__0488__u,u,20260815_210443,146.3507,282.52,n
20260815_210443__0489__b,b,20260815_210443,146.8324,481.63,u
20260815_210443__0490__e,e,20260815_210443,147.0593,226.96,b
20260815_210443__0491__r,r,20260815_210443,147.2421,182.81,e
20260815_210443__0492__s,s,20260815_210443,147.5387,296.58,r
20260815_210443__0493___,_,20260815_210443,147.9461,407.41,s
20260815_210443__0494__b,b,20260815_210443,148.66,713.88,_
20260815_210443__0495__c,c,20260815_210443,149.1109,450.88,b
20260815_210443__0496__u,u,20260815_210443,149.5144,403.56,c
20260815_210443__0497__s,s,20260815_210443,149.8031,288.66,u
20260815_210443__0498__l,l,20260815_210443,150.4461,642.99,s
20260815_210443__0499__q,q,20260815_210443,150.7138,267.71,l
20260815_210443__0500__i,i,20260815_210443,151.0269,313.13,q
20260815_210443__0501__w,w,20260815_210443,151.2495,222.56,i
20260815_210443__0502__o,o,20260815_210443,151.5167,267.19,w
20260815_210443__0503__e,e,20260815_210443,151.8079,291.2,o
20260815_210443__0504__u,u,20260815_210443,152.0725,264.6,e
20260815_210443__0505__r,r,20260815_210443,152.3322,259.71,u
20260815_210443__0506__m,m,20260815_210443,152.6241,291.88,r
20260815_210443__0507__c,c,20260815_210443,152.8734,249.3,m
20260815_210443__0508__n,n,20260815_210443,153.1534,280.05,c
20260815_210443__0509__v,v,20260815_210443,153.4095,256.08,n
20260815_210443__0510__junk,junk,20260815_210443,153.5621,,
20260815_210443__0511__k,k,20260815_210443,153.6894,279.86,v
20260815_210443__0512__f,f,20260815_210443,153.9559,266.51,k
20260815_210443__0513__l,l,20260815_210443,154.251,295.08,f
20260815_210443__0514__d,d,20260815_210443,154.4761,225.1,l
20260815_210443__0515__7,7,20260815_210443,154.7907,314.63,d
20260815_210443__0516__junk,junk,20260815_210443,155.0685,,
20260815_210443__0517__4,4,20260815_210443,155.2502,459.55,7
20260815_210443__0518__j,j,20260815_210443,155.5323,282.11,4
20260815_210443__0519__e,e,20260815_210443,155.8099,277.57,j
20260815_210443__0520__o,o,20260815_210443,156.0522,242.31,e
20260815_210443__0521__s,s,20260815_210443,156.3354,283.2,o
20260815_210443__0522__8,8,20260815_210443,156.6049,269.46,s
20260815_210443__0523__1,1,20260815_210443,156.8775,272.65,8
20260815_210443__0524__0,0,20260815_210443,157.1858,308.3,1
20260815_210443__0525__3,3,20260815_210443,157.6554,469.59,0
20260815_210443__0526__8,8,20260815_210443,157.9655,310.11,3
20260815_210443__0527__4,4,20260815_210443,158.372,406.51,8
20260815_210443__0528__l,l,20260815_210443,158.7181,346.03,4
20260815_210443__0529__5,5,20260815_210443,158.9688,250.75,l
20260815_210443__0530__p,p,20260815_210443,159.3279,359.12,5
20260815_210443__0531__a,a,20260815_210443,159.6817,353.72,p
20260815_210443__0532__m,m,20260815_210443,159.9968,315.1,a
20260815_210443__0533__c,c,20260815_210443,160.2984,301.63,m
20260815_210443__0534___,_,20260815_210443,160.5657,267.32,c
20260815_210443__0535__k,k,20260815_210443,160.934,368.32,_
20260815_210443__0536__e,e,20260815_210443,161.1497,215.67,k
20260815_210443__0537__l,l,20260815_210443,161.4674,317.66,e
20260815_210443__0538__f,f,20260815_210443,161.7266,259.25,l
20260815_210443__0539__u,u,20260815_210443,162.0046,278,f
20260815_210443__0540__d,d,20260815_210443,162.2313,226.64,u
20260815_210443__0541___,_,20260815_210443,162.7494,518.16,d
20260815_210443__0542__j,j,20260815_210443,163.0769,327.51,_
20260815_210443__0543__e,e,20260815_210443,163.35,273.04,j
20260815_210443__0544__h,h,20260815_210443,163.5794,229.46,e
20260815_210443__0545__4,4,20260815_210443,164.071,491.54,h
20260815_210443__0546__6,6,20260815_210443,164.3676,296.6,4
20260815_210443__0547__5,5,20260815_210443,164.6202,252.59,6
20260815_210443__0548__7,7,20260815_210443,164.8771,256.89,5
20260815_210443__0549__a,a,20260815_210443,165.185,307.98,7
20260815_210443__0550__p,p,20260815_210443,165.4837,298.66,a
20260815_210443__0551__w,w,20260815_210443,165.7402,256.51,p
20260815_210443__0552__9,9,20260815_210443,166.0027,262.54,w
20260815_210443__0553__3,3,20260815_210443,166.2394,236.67,9
20260815_210443__0554__o,o,20260815_210443,166.5334,294.01,3
20260815_210443__0555__d,d,20260815_210443,166.7602,226.76,o
20260815_210443__0556__k,k,20260815_210443,166.9096,149.39,d
20260815_210443__0557__junk,junk,20260815_210443,167.0392,,
20260815_210443__0558__s,s,20260815_210443,167.2906,381.07,k
20260815_210443__0559__l,l,20260815_210443,167.5988,308.12,s
20260815_210443__0560__z,z,20260815_210443,167.8299,231.13,l
20260815_210443__0561__m,m,20260815_210443,168.0768,246.94,z
20260815_210443__0562__c,c,20260815_210443,168.3525,275.69,m
20260815_210443__0563__n,n,20260815_210443,168.5838,231.27,c
20260815_210443__0564__v,v,20260815_210443,168.849,265.24,n
20260815_210443__0565__b,b,20260815_210443,169.0596,210.54,v
20260815_210443__0566__g,g,20260815_210443,169.3255,265.9,b
20260815_210443__0567__h,h,20260815_210443,169.6142,288.71,g
20260815_210443__0568__f,f,20260815_210443,169.8835,269.34,h
20260815_210443__0569__j,j,20260815_210443,170.1352,251.68,f
20260815_210443__0570__k,k,20260815_210443,170.9128,777.62,j
20260815_210443__0571__d,d,20260815_210443,171.1526,239.8,k
20260815_210443__0572__u,u,20260815_210443,171.401,248.37,d
20260815_210443__0573__r,r,20260815_210443,171.6668,265.8,u
20260815_210443__0574__i,i,20260815_210443,171.9299,263.11,r
20260815_210443__0575___,_,20260815_210443,172.1681,238.23,i
20260815_210443__0576__junk,junk,20260815_210443,172.3034,,
20260815_210443__0577__o,o,20260815_210443,172.4465,278.41,_
20260815_210443__0578__junk,junk,20260815_210443,172.5982,,
20260815_210443__0579__e,e,20260815_210443,172.7315,284.92,o
20260815_210443__0580__l,l,20260815_210443,172.9549,223.42,e
20260815_210443__0581__r,r,20260815_210443,173.2375,282.59,l
20260815_210443__0582__p,p,20260815_210443,173.4918,254.35,r
20260815_210443__0583__9,9,20260815_210443,173.7864,294.63,p
20260815_210443__0584__8,8,20260815_210443,174.0135,227.03,9
20260815_210443__0585__7,7,20260815_210443,174.2488,235.35,8
20260815_210443__0586__6,6,20260815_210443,174.515,266.21,7
20260815_210443__0587__5,5,20260815_210443,174.7617,246.71,6
20260815_210443__0588__4,4,20260815_210443,175.0378,276.03,5
20260815_210443__0589__3,3,20260815_210443,175.3161,278.34,4
20260815_210443__0590__2,2,20260815_210443,175.5547,238.55,3
20260815_210443__0591__1,1,20260815_210443,175.8203,265.62,2
20260815_210443__0592__junk,junk,20260815_210443,176.2353,,
20260815_210443__0593___,_,20260815_210443,176.4694,649.12,1
20260815_210443__0594__0,0,20260815_210443,176.8622,392.83,_
20260815_210443__0595__9,9,20260815_210443,177.1218,259.59,0
20260815_210443__0596__8,8,20260815_210443,177.3805,258.68,9
20260815_210443__0597__7,7,20260815_210443,177.6322,251.72,8
20260815_210443__0598__8,8,20260815_210443,177.9127,280.48,7
20260815_210443__0599__9,9,20260815_210443,178.169,256.28,8
20260815_210443__0600__0,0,20260815_210443,178.4332,264.2,9
20260815_210443__0601__e,e,20260815_210443,178.7099,276.73,0
20260815_210443__0602__t,t,20260815_210443,178.969,259.05,e
20260815_210443__0603__r,r,20260815_210443,179.2823,313.33,t
20260815_210443__0604__y,y,20260815_210443,179.5405,258.14,r
20260815_210443__0605__d,d,20260815_210443,179.8301,289.68,y
20260815_210443__0606__m,m,20260815_210443,180.1196,289.43,d
20260815_210443__0607__f,f,20260815_210443,180.3888,269.25,m
20260815_210443__0608__g,g,20260815_210443,180.6668,278,f
20260815_210443__0609__h,h,20260815_210443,180.9209,254.04,g
20260815_210443__0610__j,j,20260815_210443,181.1892,268.32,h
20260815_210443__0611__d,d,20260815_210443,181.4193,230.09,j
20260815_210443__0612__s,s,20260815_210443,181.6924,273.15,d
20260815_210443__0613__l,l,20260815_210443,181.9654,272.99,s
20260815_210443__0614__a,a,20260815_210443,182.2222,256.76,l
20260815_210443__0615__m,m,20260815_210443,182.5119,289.75,a
20260815_210443__0616__junk,junk,20260815_210443,182.8561,,
20260815_210443__0617__o,o,20260815_210443,183.0424,530.52,m
20260815_210443__0618__r,r,20260815_210443,183.3038,261.34,o
20260815_210443__0619__p,p,20260815_210443,183.5777,273.88,r
20260815_210443__0620__e,e,20260815_210443,183.8489,271.27,p
20260815_210443__0621__o,o,20260815_210443,184.125,276.1,e
20260815_210443__0622__r,r,20260815_210443,184.6134,488.37,o
20260815_210443__0623__i,i,20260815_210443,184.9025,289.14,r
20260815_210443__0624__j,j,20260815_210443,185.1501,247.6,i
20260815_210443__0625__d,d,20260815_210443,185.4112,261.04,j
20260815_210443__0626__l,l,20260815_210443,185.6535,242.31,d
20260815_210443__0627__m,m,20260815_210443,185.9243,270.82,l
20260815_210443__0628__c,c,20260815_210443,186.1937,269.34,m
20260815_210443__0629__j,j,20260815_210443,186.471,277.35,c
20260815_210443__0630___,_,20260815_210443,186.6937,222.65,j
20260815_210443__0631__k,k,20260815_210443,187.172,478.39,_
20260815_210443__0632__d,d,20260815_210443,187.4398,267.71,k
20260815_210443__0633__l,l,20260815_210443,187.7277,287.96,d
20260815_210443__0634__e,e,20260815_210443,187.9289,201.16,l
20260815_210443__0635__j,j,20260815_210443,188.1523,223.42,e
20260815_210443__0636__u,u,20260815_210443,188.3767,224.44,j
20260815_210443__0637__m,m,20260815_210443,188.5949,218.19,u
20260815_210443__0638__p,p,20260815_210443,188.8544,259.46,m
20260815_210443__0639___,_,20260815_210443,189.1222,267.82,p
20260815_210443__0640__u,u,20260815_210443,189.5148,392.59,_
20260815_210443__0641__junk,junk,20260815_210443,189.6456,,
20260815_210443__0642__r,r,20260815_210443,189.8068,291.97,u
20260815_210443__0643__m,m,20260815_210443,190.0538,247.07,r
20260815_210443__0644__f,f,20260815_210443,190.346,292.18,m
20260815_210443__0645__u,u,20260815_210443,190.6155,269.5,f
20260815_210443__0646__t,t,20260815_210443,191.0337,418.19,u
20260815_210443__0647__0,0,20260815_210443,191.37,336.3,t
20260815_210443__0648__9,9,20260815_210443,191.647,277.01,0
20260815_210443__0649__3,3,20260815_210443,192.2509,603.92,9
20260815_210443__0650__7,7,20260815_210443,192.5126,261.7,3
20260815_210443__0651__4,4,20260815_210443,192.7626,249.93,7
20260815_210443__0652__5,5,20260815_210443,193.0627,300.14,4
20260815_210443__0653__8,8,20260815_210443,193.3299,267.21,5
20260815_210443__0654__d,d,20260815_210443,193.5906,260.73,8
20260815_210443__0655__k,k,20260815_210443,193.8753,284.65,d
20260815_210443__0656__r,r,20260815_210443,194.1015,226.17,k
20260815_210443__0657__o,o,20260815_210443,194.3552,253.76,r
20260815_210443__0658__e,e,20260815_210443,194.6018,246.55,o
20260815_210443__0659__p,p,20260815_210443,194.9017,299.95,e
20260815_210443__0660__s,s,20260815_210443,195.1316,229.89,p
20260815_210443__0661__l,l,20260815_210443,195.3924,260.75,s
20260815_210443__0662__o,o,20260815_210443,195.64,247.69,l
20260815_210443__0663__w,w,20260815_210443,195.9455,305.49,o
20260815_210443__0664__m,m,20260815_210443,196.2117,266.15,w
20260815_210443__0665__d,d,20260815_210443,196.4762,264.49,m
20260815_210443__0666__j,j,20260815_210443,196.7559,279.68,d
20260815_210443__0667__c,c,20260815_210443,196.998,242.18,j
20260815_210443__0668__n,n,20260815_210443,197.2565,258.5,c
20260815_210443__0669__v,v,20260815_210443,197.9142,657.71,n
20260815_210443__0670__h,h,20260815_210443,198.2043,290.05,v
20260815_210443__0671__g,g,20260815_210443,198.4776,273.33,h
20260815_210443__0672__h,h,20260815_210443,198.7435,265.85,g
20260815_210443__0673__e,e,20260815_210443,198.9541,210.59,h
20260815_210443__0674__t,t,20260815_210443,199.2113,257.26,e
20260815_210443__0675__s,s,20260815_210443,199.4432,231.9,t
20260815_210443__0676__q,q,20260815_210443,199.7106,267.37,s
20260815_210443__0677__w,w,20260815_210443,199.9514,240.77,q
20260815_210443__0678__z,z,20260815_210443,200.2233,271.9,w
20260815_210443__0679__a,a,20260815_210443,200.4711,247.82,z
20260815_210443__0680__x,x,20260815_210443,200.7013,230.25,a
20260815_210443__0681__y,y,20260815_210443,201.0104,309.09,x
20260815_210443__0682__c,c,20260815_210443,201.2818,271.38,y
20260815_210443__0683__junk,junk,20260815_210443,201.4123,,
20260815_210443__0684___,_,20260815_210443,201.5535,271.66,c
20260815_210443__0685__l,l,20260815_210443,202.127,573.56,_
20260815_210443__0686__p,p,20260815_210443,202.4156,288.59,l
20260815_210443__0687__o,o,20260815_210443,202.658,242.36,p
20260815_210443__0688__5,5,20260815_210443,203.397,738.98,o
20260815_210443__0689__6,6,20260815_210443,203.6405,243.58,5
20260815_210443__0690__3,3,20260815_210443,203.9727,332.15,6
20260815_210443__0691__9,9,20260815_210443,204.2848,312.11,3
20260815_210443__0692__2,2,20260815_210443,204.716,431.16,9
20260815_210443__0693__8,8,20260815_210443,205.0202,304.2,2
20260815_210443__0694__3,3,20260815_210443,205.2771,256.96,8
20260815_210443__0695__7,7,20260815_210443,205.5265,249.41,3
20260815_210443__0696__h,h,20260815_210443,206.1903,663.76,7
20260815_210443__0697__e,e,20260815_210443,206.5367,346.37,h
20260815_210443__0698__p,p,20260815_210443,206.8105,273.88,e
20260815_210443__0699__i,i,20260815_210443,207.08,269.48,p
20260815_210443__0700__o,o,20260815_210443,207.343,262.99,i
20260815_210443__0701__0,0,20260815_210443,207.6357,292.72,o
20260815_210443__0702__i,i,20260815_210443,207.9629,327.21,0
20260815_210443__0703__a,a,20260815_210443,208.2581,295.12,i
20260815_210443__0704__n,n,20260815_210443,208.5019,243.85,a
20260815_210443__0705__d,d,20260815_210443,208.8121,310.16,n
20260815_210443__0706__l,l,20260815_210443,209.0806,268.53,d
20260815_210443__0707__c,c,20260815_210443,209.3468,266.17,l
20260815_210443__0708__m,m,20260815_210443,209.6333,286.53,c
20260815_210443__0709__z,z,20260815_210443,209.8971,263.81,m
20260815_210443__0710__p,p,20260815_210443,210.1692,272.04,z
20260815_210443__0711__o,o,20260815_210443,210.4284,259.23,p
20260815_210443__0712__r,r,20260815_210443,210.6873,258.91,o
20260815_210443__0713__l,l,20260815_210443,210.9771,289.77,r
20260815_210443__0714__f,f,20260815_210443,211.2274,250.32,l
20260815_210443__0715__o,o,20260815_210443,211.5784,351,f
20260815_210443__0716__p,p,20260815_210443,212.772,1193.56,o
20260815_210443__0717__o,o,20260815_210443,213.018,246.03,p
20260815_210443__0718__r,r,20260815_210443,213.249,231.04,o
20260815_210443__0719__t,t,20260815_210443,213.4862,237.19,r
20260815_210443__0720__a,a,20260815_210443,214.0236,537.39,t
20260815_210443__0721__l,l,20260815_210443,214.3143,290.73,a
20260815_210443__0722__j,j,20260815_210443,214.6909,376.6,l
20260815_210443__0723__u,u,20260815_210443,214.9003,209.41,j
20260815_210443__0724__p,p,20260815_210443,215.4063,505.96,u
20260815_210443__0725__j,j,20260815_210443,216.1973,791.02,p
20260815_210443__0726__a,a,20260815_210443,216.4378,240.48,j
20260815_210443__0727__z,z,20260815_210443,216.6783,240.45,a
20260815_210443__0728__z,z,20260815_210443,216.8817,203.42,z
20260815_210443__0729__y,y,20260815_210443,217.2118,330.11,z
20260815_210443__0730__w,w,20260815_210443,217.7943,582.54,y
20260815_210443__0731__a,a,20260815_210443,218.0439,249.52,w
20260815_210443__0732__n,n,20260815_210443,218.3384,294.54,a
20260815_210443__0733__d,d,20260815_210443,218.5692,230.82,n
20260815_210443__0734___,_,20260815_210443,218.8718,302.56,d
20260815_210443__0735__k,k,20260815_210443,219.3724,500.68,_
20260815_210443__0736__1,1,20260815_210443,219.6709,298.41,k
20260815_210443__0737__0,0,20260815_210443,220.0109,340.02,1
20260815_210443__0738__4,4,20260815_210443,220.3936,382.68,0
20260815_210443__0739__6,6,20260815_210443,220.6009,207.3,4
20260815_210443__0740__7,7,20260815_210443,220.9555,354.67,6
20260815_210443__0741__e,e,20260815_210443,221.2482,292.68,7
20260815_210443__0742__j,j,20260815_210443,221.5212,273.04,e
20260815_210443__0743__a,a,20260815_210443,221.8147,293.49,j
20260815_210443__0744__k,k,20260815_210443,222.1479,333.13,a
20260815_210443__0745__3,3,20260815_210443,222.4024,254.54,k
20260815_210443__0746__9,9,20260815_210443,222.6765,274.13,3
20260815_210443__0747__l,l,20260815_210443,222.9613,284.76,9
20260815_210443__0748__d,d,20260815_210443,223.2012,239.86,l
20260815_210443__0749__i,i,20260815_210443,223.5057,304.51,d
20260815_210443__0750__c,c,20260815_210443,223.7528,247.1,i
20260815_210443__0751__m,m,20260815_210443,224.0183,265.49,c
20260815_210443__0752__f,f,20260815_210443,224.295,276.73,m
20260815_210443__0753__h,h,20260815_210443,224.5768,281.79,f
20260815_210443__0754__e,e,20260815_210443,224.8294,252.65,h
20260815_210443__0755__2,2,20260815_210443,225.4688,639.39,e
20260815_210443__0756__0,0,20260815_210443,225.7566,287.78,2
20260815_210443__0757__9,9,20260815_210443,225.9956,239.02,0
20260815_210443__0758__3,3,20260815_210443,226.2547,259.12,9
20260815_210443__0759__6,6,20260815_210443,226.7016,446.85,3
20260815_210443__0760__7,7,20260815_210443,227.018,316.44,6
20260815_210443__0761__e,e,20260815_210443,227.1921,174.04,7
20260815_210443__0762__h,h,20260815_210443,227.492,299.91,e
20260815_210443__0763___,_,20260815_210443,227.6868,194.88,h
20260815_210443__0764__g,g,20260815_210443,228.0316,344.72,_
20260815_210443__0765__o,o,20260815_210443,228.2941,262.56,g
20260815_210443__0766__p,p,20260815_210443,228.5696,275.51,o
20260815_210443__0767__e,e,20260815_210443,228.7713,201.68,p
20260815_210443__0768__l,l,20260815_210443,229.047,275.71,e
20260815_210443__0769__m,m,20260815_210443,229.3066,259.55,l
20260815_210443__0770__a,a,20260815_210443,229.7562,449.64,m
20260815_210443__0771__k,k,20260815_210443,230.0696,313.38,a
20260815_210443__0772__s,s,20260815_210443,230.3421,272.52,k
20260815_210443__0773__i,i,20260815_210443,230.6323,290.2,s
20260815_210443__0774__j,j,20260815_210443,230.8976,265.26,i
20260815_210443__0775__e,e,20260815_210443,231.1701,272.49,j
20260815_210443__0776__f,f,20260815_210443,231.4328,262.72,e
20260815_210443__0777__l,l,20260815_210443,231.7182,285.44,f
20260815_210443__0778__d,d,20260815_210443,231.9719,253.7,l
20260815_210443__0779__o,o,20260815_210443,232.2688,296.87,d
20260815_210443__0780__c,c,20260815_210443,232.5154,246.58,o
20260815_210443__0781__m,m,20260815_210443,232.8144,298.98,c
20260815_210443__0782__z,z,20260815_210443,233.1132,298.82,m
20260815_210443__0783__n,n,20260815_210443,233.4053,292.15,z
20260815_210443__0784__x,x,20260815_210443,233.6717,266.37,n
20260815_210443__0785__k,k,20260815_210443,233.9483,276.58,x
20260815_210443__0786__d,d,20260815_210443,234.198,249.77,k
20260815_210443__0787__l,l,20260815_210443,234.4761,278.05,d
20260815_210443__0788__c,c,20260815_210443,234.7356,259.52,l
20260815_210443__0789__h,h,20260815_210443,235.0062,270.54,c
20260815_210443__0790__a,a,20260815_210443,235.2421,235.9,h
20260815_210443__0791__l,l,20260815_210443,235.5711,329.07,a
20260815_210443__0792__i,i,20260815_210443,236.4367,865.53,l
20260815_210443__0793__u,u,20260815_210443,236.7107,274.06,i
20260815_210443__0794__y,y,20260815_210443,236.9864,275.71,u
20260815_210443__0795__t,t,20260815_210443,237.231,244.56,y
20260815_210443__0796__r,r,20260815_210443,237.6048,373.81,t
20260815_210443__0797__l,l,20260815_210443,238.2182,613.38,r
20260815_210443__0798__f,f,20260815_210443,238.507,288.78,l
20260815_210443__0799__k,k,20260815_210443,238.7639,256.98,f
20260815_210443__0800__g,g,20260815_210443,239.0196,255.65,k
20260815_210443__0801__j,j,20260815_210443,239.2936,273.99,g
20260815_210443__0802__h,h,20260815_210443,239.5247,231.16,j
20260815_210443__0803__m,m,20260815_210443,239.8245,299.77,h
20260815_210443__0804__b,b,20260815_210443,240.1284,303.85,m
20260815_210443__0805___,_,20260815_210443,240.3705,242.09,b
20260815_210443__0806__junk,junk,20260815_210443,240.5157,,
20260815_210443__0807__c,c,20260815_210443,240.7024,331.93,_
20260815_210443__0808__8,8,20260815_210443,240.9998,297.46,c
20260815_210443__0809__3,3,20260815_210443,241.2889,289.09,8
20260815_210443__0810__9,9,20260815_210443,241.596,307.03,3
20260815_210443__0811__0,0,20260815_210443,241.8633,267.37,9
20260815_210443__0812__d,d,20260815_210443,242.1924,329.02,0
20260815_210443__0813__y,y,20260815_210443,242.573,380.63,d
20260815_210443__0814__e,e,20260815_210443,242.8717,298.75,y
20260815_210443__0815__u,u,20260815_210443,243.2189,347.17,e
20260815_210443__0816__d,d,20260815_210443,243.6742,455.26,u
20260815_210443__0817__h,h,20260815_210443,244.0881,413.95,d
20260815_210443__0818__a,a,20260815_210443,244.4084,320.29,h
20260815_210443__0819__k,k,20260815_210443,244.7358,327.41,a
20260815_210443__0820__z,z,20260815_210443,244.979,243.17,k
20260815_210443__0821__m,m,20260815_210443,245.2983,319.32,z
20260815_210443__0822__c,c,20260815_210443,245.5522,253.88,m
20260815_210443__0823__n,n,20260815_210443,245.8281,275.9,c
20260815_210443__0824__1,1,20260815_210443,246.3034,475.28,n
20260815_210443__0825__l,l,20260815_210443,246.6417,338.3,1
20260815_210443__0826__d,d,20260815_210443,246.8851,243.42,l
20260815_210443__0827__k,k,20260815_210443,247.1922,307.07,d
20260815_210443__0828__4,4,20260815_210443,247.4612,269.07,k
20260815_210443__0829__9,9,20260815_210443,247.7352,273.95,4
20260815_210443__0830__5,5,20260815_210443,248.0793,344.1,9
20260815_210443__0831__8,8,20260815_210443,248.3517,272.36,5
20260815_210443__0832__6,6,20260815_210443,248.6051,253.42,8
20260815_210443__0833__0,0,20260815_210443,248.8955,290.43,6
20260815_210443__0834__p,p,20260815_210443,249.1927,297.21,0
20260815_210443__0835__o,o,20260815_210443,249.4528,260.07,p
20260815_210443__0836__w,w,20260815_210443,249.7399,287.12,o
20260815_210443__0837__e,e,20260815_210443,250.1032,363.29,w
20260815_210443__0838__r,r,20260815_210443,250.3863,283.06,e
20260815_210443__0839__a,a,20260815_210443,251.2861,899.89,r
20260815_210443__0840__n,n,20260815_210443,251.5612,275.01,a
20260815_210443__0841__d,d,20260815_210443,251.7871,225.9,n
20260815_210443__0842__p,p,20260815_210443,252.0465,259.41,d
20260815_210443__0843__i,i,20260815_210443,252.3201,273.63,p
20260815_210443__0844__k,k,20260815_210443,252.554,233.92,i
20260815_210443__0845__a,a,20260815_210443,252.789,234.99,k
20260815_210443__0846__c,c,20260815_210443,253.0263,237.35,a
20260815_210443__0847__h,h,20260815_210443,253.5736,547.26,c
20260815_210443__0848__u,u,20260815_210443,253.9276,353.97,h
20260815_210443__0849__a,a,20260815_210443,254.4186,491.07,u
20260815_210443__0850__n,n,20260815_210443,254.6461,227.44,a
20260815_210443__0851__d,d,20260815_210443,254.8992,253.11,n
20260815_210443__0852__s,s,20260815_210443,255.1535,254.33,d
20260815_210443__0853__n,n,20260815_210443,255.4179,264.38,s
20260815_210443__0854__o,o,20260815_210443,255.6922,274.26,n
20260815_210443__0855__r,r,20260815_210443,255.9102,218.05,o
20260815_210443__0856__l,l,20260815_210443,256.202,291.84,r
20260815_210443__0857__a,a,20260815_210443,256.4745,272.49,l
20260815_210443__0858__x,x,20260815_210443,256.726,251.47,a
20260815_210443__0859___,_,20260815_210443,257.2897,563.65,x
20260815_210443__0860__junk,junk,20260815_210443,257.4324,,
20260815_210443__0861__m,m,20260815_210443,257.6657,376.03,_
20260815_210443__0862__d,d,20260815_210443,257.9625,296.78,m
20260815_210443__0863__l,l,20260815_210443,258.2363,273.85,d
20260815_210443__0864__e,e,20260815_210443,258.5037,267.39,l
20260815_210443__0865__k,k,20260815_210443,258.7825,278.82,e
20260815_210443__0866__d,d,20260815_210443,259.0838,301.22,k
20260815_210443__0867__o,o,20260815_210443,259.3506,266.85,d
20260815_210443__0868__p,p,20260815_210443,259.6672,316.58,o
20260815_210443__0869__e,e,20260815_210443,259.9576,290.39,p
20260815_210443__0870__i,i,20260815_210443,260.2422,284.6,e
20260815_210443__0871__d,d,20260815_210443,260.53,287.82,i
20260815_210443__0872__j,j,20260815_210443,260.8073,277.26,d
20260815_210443__0873__f,f,20260815_210443,261.0677,260.43,j
20260815_210443__0874__h,h,20260815_210443,261.3203,252.59,f
20260815_210443__0875__g,g,20260815_210443,261.6604,340.14,h
20260815_210443__0876__i,i,20260815_210443,262.1988,538.39,g
20260815_210443__0877__v,v,20260815_210443,262.441,242.24,i
20260815_210443__0878__y,y,20260815_210443,262.7185,277.51,v
20260815_210443__0879__s,s,20260815_210443,262.949,230.5,y
20260815_210443__0880__a,a,20260815_210443,263.1861,237.1,s
20260815_210443__0881__junk,junk,20260815_210443,263.316,,
20260815_210443__0882__u,u,20260815_210443,263.459,272.83,a
20260815_210443__0883__r,r,20260815_210443,263.7417,282.74,u
20260815_210443__0884__n,n,20260815_210443,264.4088,667.05,r
20260815_210443__0885__b,b,20260815_210443,264.9154,506.67,n
20260815_210443__0886__u,u,20260815_210443,265.1564,240.98,b
20260815_210443__0887__l,l,20260815_210443,265.4488,292.36,u
20260815_210443__0888__b,b,20260815_210443,265.6759,227.07,l
20260815_210443__0889__a,a,20260815_210443,265.9251,249.3,b
20260815_210443__0890__s,s,20260815_210443,266.4102,485.03,a
20260815_210443__0891__a,a,20260815_210443,266.6676,257.44,s
20260815_210443__0892__u,u,20260815_210443,266.9556,287.94,a
20260815_210443__0893__r,r,20260815_210443,267.2021,246.51,u
20260815_210443__0894__junk,junk,20260815_210443,267.582,,
20260815_210443__0895___,_,20260815_210443,267.8175,615.42,r
20260815_210443__0896__junk,junk,20260815_210443,268.3897,,
20260815_210443__0897__v,v,20260815_210443,269.2079,1390.43,_
20260815_210443__0898__e,e,20260815_210443,269.4426,234.72,v
20260815_210443__0899__n,n,20260815_210443,269.6876,244.92,e
20260815_210443__0900__o,o,20260815_210443,270.001,313.49,n
20260815_210443__0901__s,s,20260815_210443,270.3814,380.34,o
20260815_210443__0902___,_,20260815_210443,270.8037,422.29,s
20260815_210443__0903__l,l,20260815_210443,271.3919,588.19,_
20260815_210443__0904__e,e,20260815_210443,271.5945,202.61,l
20260815_210443__0905__0,0,20260815_210443,271.8679,273.42,e
20260815_210443__0906__1,1,20260815_210443,272.1354,267.55,0
20260815_210443__0907__9,9,20260815_210443,272.4174,282,1
20260815_210443__0908__junk,junk,20260815_210443,272.5504,,
20260815_210443__0909__3,3,20260815_210443,272.6847,267.23,9
20260815_210443__0910__6,6,20260815_210443,272.962,277.28,3
20260815_210443__0911__junk,junk,20260815_210443,273.106,,
20260815_210443__0912__5,5,20260815_210443,273.2523,290.39,6
20260815_210443__0913__7,7,20260815_210443,273.478,225.65,5
20260815_210443__0914__4,4,20260815_210443,273.7359,257.94,7
20260815_210443__0915__8,8,20260815_210443,274.0083,272.36,4
20260815_210443__0916__2,2,20260815_210443,274.3061,297.82,8
20260815_210443__0917__9,9,20260815_210443,274.6309,324.83,2
20260815_210443__0918__a,a,20260815_210443,274.9286,297.66,9
20260815_210443__0919__p,p,20260815_210443,275.2241,295.56,a
20260815_210443__0920__w,w,20260815_210443,275.499,274.88,p
20260815_210443__0921__o,o,20260815_210443,276.0957,596.67,w
20260815_210443__0922__b,b,20260815_210443,276.419,323.31,o
20260815_210443__0923__b,b,20260815_210443,276.6324,213.42,b
20260815_210443__0924__a,a,20260815_210443,276.8779,245.44,b
20260815_210443__0925__f,f,20260815_210443,277.163,285.17,a
20260815_210443__0926__e,e,20260815_210443,277.3545,191.43,f
20260815_210443__0927__t,t,20260815_210443,277.6248,270.36,e
20260815_210443__0928__t,t,20260815_210443,277.8856,260.77,t
20260815_210443__0929__junk,junk,20260815_210443,278.0388,,
20260815_210443__0930__junk,junk,20260815_210443,278.3316,,
20260815_210443__0931__l,l,20260815_210443,278.5274,641.79,t
20260815_210443__0932__e,e,20260815_210443,278.775,247.6,l
20260815_210443__0933__m,m,20260815_210443,279.0564,281.43,e
20260815_210443__0934___,_,20260815_210443,279.3423,285.92,m
20260815_210443__0935__junk,junk,20260815_210443,279.473,,
20260815_210443__0936__p,p,20260815_210443,279.6664,324.08,_
20260815_210443__0937__d,d,20260815_210443,279.9242,257.82,p
20260815_210443__0938__o,o,20260815_210443,280.1742,250,d
20260815_210443__0939__7,7,20260815_210443,280.6972,522.95,o
20260815_210443__0940__8,8,20260815_210443,280.973,275.8,7
20260815_210443__0941__3,3,20260815_210443,281.2266,253.56,8
20260815_210443__0942__9,9,20260815_210443,281.357,130.48,3
20260815_210443__0943__junk,junk,20260815_210443,281.4827,,
20260815_210443__0944__4,4,20260815_210443,281.7337,376.62,9
20260815_210443__0945__0,0,20260815_210443,282.0286,294.94,4
20260815_210443__0946__d,d,20260815_210443,282.2973,268.66,0
20260815_210443__0947__j,j,20260815_210443,282.5393,242.02,d
20260815_210443__0948__f,f,20260815_210443,282.7997,260.41,j
20260815_210443__0949__m,m,20260815_210443,283.0733,273.63,f
20260815_210443__0950__c,c,20260815_210443,283.3185,245.22,m
20260815_210443__0951__b,b,20260815_210443,283.6265,307.98,c
20260815_210443__0952__d,d,20260815_210443,283.9041,277.57,b
20260815_210443__0953__n,n,20260815_210443,284.1868,282.68,d
20260815_210443__0954__x,x,20260815_210443,284.4959,309.18,n
20260815_210443__0955__k,k,20260815_210443,284.76,264.04,x
20260815_210443__0956__s,s,20260815_210443,284.9921,232.13,k
20260815_210443__0957__l,l,20260815_210443,285.3114,319.3,s
20260815_210443__0958__a,a,20260815_210443,285.5867,275.28,l
20260815_210443__0959__q,q,20260815_210443,285.8743,287.6,a
20260815_210443__0960__w,w,20260815_210443,286.1258,251.54,q
20260815_210443__0961__e,e,20260815_210443,286.401,275.12,w
20260815_210443__0962__r,r,20260815_210443,286.6554,254.44,e
20260815_210443__0963__t,t,20260815_210443,286.9241,268.73,r
20260815_210443__0964__y,y,20260815_210443,287.1861,261.95,t
20260815_210443__0965__h,h,20260815_210443,287.4973,311.22,y
20260815_210443__0966__f,f,20260815_210443,287.7302,232.93,h
20260815_210443__0967__j,j,20260815_210443,288.0131,282.88,f
20260815_210443__0968__g,g,20260815_210443,288.2395,226.39,j
20260815_210443__0969__i,i,20260815_210443,288.5261,286.58,g
20260815_210443__0970__c,c,20260815_210443,288.7815,255.4,i
20260815_210443__0971__k,k,20260815_210443,289.0561,274.63,c
20260815_210443__0972__v,v,20260815_210443,289.3006,244.49,k
20260815_210443__0973__n,n,20260815_210443,289.5637,263.08,v
20260815_210443__0974__b,b,20260815_210443,289.8203,256.67,n
20260815_210443__0975__m,m,20260815_210443,290.1029,282.52,b
20260815_210443__0976__c,c,20260815_210443,290.3091,206.21,m
20260815_210443__0977__h,h,20260815_210443,290.5851,276.03,c
20260815_210443__0978__c,c,20260815_210443,290.8263,241.22,h
20260815_210443__0979__i,i,20260815_210443,291.1131,286.76,c
20260815_210443__0980__c,c,20260815_210443,291.3505,237.41,i
20260815_210443__0981__k,k,20260815_210443,291.6292,278.68,c
20260815_210443__0982__c,c,20260815_210443,291.8772,248,k
20260815_210443__0983__n,n,20260815_210443,292.1879,310.7,c
20260815_210443__0984__e,e,20260815_210443,292.4362,248.34,n
20260815_210443__0985__l,l,20260815_210443,292.726,289.8,e
20260815_210443__0986__d,d,20260815_210443,292.9529,226.87,l
20260815_210443__0987__p,p,20260815_210443,293.2221,269.21,d
20260815_210443__0988__o,o,20260815_210443,293.4927,270.59,p
20260815_210443__0989__a,a,20260815_210443,293.7189,226.24,o
20260815_210443__0990__m,m,20260815_210443,294.0209,302,a
20260815_210443__0991__c,c,20260815_210443,294.2624,241.45,m
20260815_210443__0992__n,n,20260815_210443,294.5139,251.56,c
20260815_210443__0993__d,d,20260815_210443,294.7688,254.85,n
20260815_210443__0994__k,k,20260815_210443,295.048,279.16,d
20260815_210443__0995__l,l,20260815_210443,295.2871,239.14,k
20260815_210443__0996__f,f,20260815_210443,295.5249,237.85,l
20260815_210443__0997__o,o,20260815_210443,295.8137,288.8,f
20260815_210443__0998__d,d,20260815_210443,296.0852,271.43,o
20260815_210443__0999__j,j,20260815_210443,296.3546,269.46,d
20260815_210443__1000__c,c,20260815_210443,296.6213,266.64,j
20260815_210443__1001__m,m,20260815_210443,296.901,279.71,c
20260815_210443__1002__a,a,20260815_210443,297.4146,513.63,m
20260815_210443__1003__6,6,20260815_210443,297.7019,287.32,a
20260815_210443__1004__4,4,20260815_210443,298.1981,496.21,6
20260815_210443__1005__7,7,20260815_210443,298.4576,259.43,4
20260815_210443__1006__3,3,20260815_210443,298.7789,321.32,7
20260815_210443__1007__8,8,20260815_210443,299.0348,255.9,3
20260815_210443__1008__2,2,20260815_210443,299.274,239.25,8
20260815_210443__1009__9,9,20260815_210443,299.5691,295.03,2
20260815_210443__1010__4,4,20260815_210443,299.8229,253.83,9
20260815_210443__1011__0,0,20260815_210443,300.12,297.12,4
20260815_210443__1012__5,5,20260815_210443,300.3342,214.22,0
20260815_210443__1013__9,9,20260815_210443,300.6108,276.53,5
20260815_210443__1014__6,6,20260815_210443,300.8667,255.96,9
20260815_210443__1015__7,7,20260815_210443,301.1385,271.75,6
20260815_210443__1016__f,f,20260815_210443,301.5459,407.44,7
20260815_210443__1017__t,t,20260815_210443,301.8713,325.35,f
20260815_210443__1018__e,e,20260815_210443,302.149,277.76,t
20260815_210443__1019__y,y,20260815_210443,302.4119,262.9,e
20260815_210443__1020__f,f,20260815_210443,302.6702,258.25,y
20260815_210443__1021__h,h,20260815_210443,302.9387,268.48,f
20260815_210443__1022__a,a,20260815_210443,303.2056,266.96,h
20260815_210443__1023__n,n,20260815_210443,303.4605,254.85,a
20260815_210443__1024__d,d,20260815_210443,303.7345,274.06,n
20260815_210443__1025__y,y,20260815_210443,304.0213,286.8,d
20260815_210443__1026__e,e,20260815_210443,304.2906,269.27,y
20260815_210443__1027__c,c,20260815_210443,304.5303,239.71,e
20260815_210443__1028__h,h,20260815_210443,304.7512,220.91,c
20260815_210443__1029__n,n,20260815_210443,304.9739,222.65,h
20260815_210443__1030__b,b,20260815_210443,305.2426,268.75,n
20260815_210443__1031__l,l,20260815_210443,305.6084,365.76,b
20260815_210443__1032__p,p,20260815_210443,305.8909,282.49,l
20260815_210443__1033__o,o,20260815_210443,306.1743,283.4,p
20260815_210443__1034__u,u,20260815_210443,306.4785,304.17,o
20260815_210443__1035__b,b,20260815_210443,306.72,241.59,u
20260815_210443__1036__l,l,20260815_210443,307.0148,294.74,b
20260815_210443__1037__h,h,20260815_210443,307.3041,289.34,l
20260815_210443__1038__c,c,20260815_210443,307.5562,252.06,h
20260815_210443__1039__j,j,20260815_210443,307.8124,256.26,c
20260815_210443__1040__k,k,20260815_210443,308.0426,230.14,j
20260815_210443__1041__d,d,20260815_210443,308.313,270.43,k
20260815_210443__1042__m,m,20260815_210443,308.6071,294.08,d
20260815_210443__1043__s,s,20260815_210443,308.8538,246.71,m
20260815_210443__1044__n,n,20260815_210443,309.1175,263.67,s
20260815_210443__1045__a,a,20260815_210443,309.3856,268.16,n
20260815_210443__1046___,_,20260815_210443,309.6225,236.83,a
20260815_210443__1047__w,w,20260815_210443,309.9287,306.19,_
20260815_210443__1048__j,j,20260815_210443,310.2188,290.09,w
20260815_210443__1049__e,e,20260815_210443,310.479,260.27,j
20260815_210443__1050__l,l,20260815_210443,310.7246,245.58,e
20260815_210443__1051__a,a,20260815_210443,310.9929,268.25,l
20260815_210443__1052__w,w,20260815_210443,311.2738,280.98,a
20260815_210443__1053__e,e,20260815_210443,311.5028,229,w
20260815_210443__1054__l,l,20260815_210443,311.7819,279.02,e
20260815_210443__1055__c,c,20260815_210443,311.9749,193.02,l
20260815_210443__1056__junk,junk,20260815_210443,312.1013,,
20260815_210443__1057__h,h,20260815_210443,312.2419,266.98,c
20260815_210443__1058__e,e,20260815_210443,312.51,268.19,h
20260815_210443__1059__s,s,20260815_210443,312.757,246.96,e
20260815_210443__1060___,_,20260815_210443,313.8171,1060.14,s
20260815_210443__1061__a,a,20260815_210443,314.1873,370.16,_
20260815_210443__1062__n,n,20260815_210443,314.3369,149.57,a
20260815_210443__1063__d,d,20260815_210443,314.6739,337.07,n
20260815_210443__1064__junk,junk,20260815_210443,316.2848,,
20260815_210443__1065__t,t,20260815_210443,316.7526,2078.64,d
20260815_210443__1066__t,t,20260815_210443,317.2806,527.98,t
20260815_210443__1067__junk,junk,20260815_210443,317.4063,,
20260815_211445__0000__junk,junk,20260815_211445,0.3812,,
20260815_211445__0001__junk,junk,20260815_211445,0.5086,,
20260815_211445__0002__a,a,20260815_211445,0.8294,,
20260815_211445__0003__l,l,20260815_211445,1.2028,373.4,a
20260815_211445__0004__s,s,20260815_211445,1.5842,381.38,l
20260815_211445__0005__k,k,20260815_211445,1.8868,302.54,s
20260815_211445__0006__j,j,20260815_211445,2.2413,354.58,k
20260815_211445__0007__g,g,20260815_211445,2.5708,329.48,j
20260815_211445__0008__h,h,20260815_211445,2.9273,356.44,g
20260815_211445__0009__b,b,20260815_211445,3.2758,348.53,h
20260815_211445__0010___,_,20260815_211445,3.578,302.2,b
20260815_211445__0011__n,n,20260815_211445,3.9695,391.56,_
20260815_211445__0012__m,m,20260815_211445,4.3188,349.25,n
20260815_211445__0013__b,b,20260815_211445,5.5127,1193.9,m
20260815_211445__0014__c,c,20260815_211445,5.8499,337.17,b
20260815_211445__0015__v,v,20260815_211445,6.1085,258.59,c
20260815_211445__0016___,_,20260815_211445,6.4243,315.8,v
20260815_211445__0017__a,a,20260815_211445,6.8212,396.96,_
20260815_211445__0018__l,l,20260815_211445,7.0913,270.07,a
20260815_211445__0019__q,q,20260815_211445,7.4213,330.05,l
20260815_211445__0020__p,p,20260815_211445,7.6928,271.45,q
20260815_211445__0021__w,w,20260815_211445,8.0263,333.56,p
20260815_211445__0022__junk,junk,20260815_211445,8.1513,,
20260815_211445__0023__o,o,20260815_211445,8.3468,320.41,w
20260815_211445__0024__junk,junk,20260815_211445,8.5441,,
20260815_211445__0025__i,i,20260815_211445,8.7144,367.64,o
20260815_211445__0026__u,u,20260815_211445,8.9912,276.83,i
20260815_211445__0027__y,y,20260815_211445,9.2513,260.07,u
20260815_211445__0028__junk,junk,20260815_211445,9.3999,,
20260815_211445__0029__t,t,20260815_211445,9.5269,275.58,y
20260815_211445__0030__h,h,20260815_211445,9.8157,288.8,t
20260815_211445__0031__junk,junk,20260815_211445,9.9744,,
20260815_211445__0032__1,1,20260815_211445,10.1215,305.85,h
20260815_211445__0033__0,0,20260815_211445,10.4699,348.41,1
20260815_211445__0034__2,2,20260815_211445,10.7159,246.01,0
20260815_211445__0035__9,9,20260815_211445,10.9766,260.68,2
20260815_211445__0036__8,8,20260815_211445,11.3151,338.5,9
20260815_211445__0037__3,3,20260815_211445,11.7921,476.98,8
20260815_211445__0038__7,7,20260815_211445,12.0743,282.22,3
20260815_211445__0039__4,4,20260815_211445,12.3704,296.1,7
20260815_211445__0040__6,6,20260815_211445,12.6885,318.12,4
20260815_211445__0041__5,5,20260815_211445,12.9225,233.92,6
20260815_211445__0042__t,t,20260815_211445,13.2702,347.69,5
20260815_211445__0043___,_,20260815_211445,13.5759,305.78,t
20260815_211445__0044__l,l,20260815_211445,14.1964,620.43,_
20260815_211445__0045__s,s,20260815_211445,14.45,253.65,l
20260815_211445__0046__k,k,20260815_211445,14.7641,314.1,s
20260815_211445__0047__j,j,20260815_211445,15.0367,272.54,k
20260815_211445__0048__h,h,20260815_211445,15.3246,287.91,j
20260815_211445__0049__g,g,20260815_211445,15.5935,268.93,h
20260815_211445__0050__b,b,20260815_211445,15.8966,303.08,g
20260815_211445__0051__n,n,20260815_211445,17.1224,1225.78,b
20260815_211445__0052__x,x,20260815_211445,17.3602,237.87,n
20260815_211445__0053__b,b,20260815_211445,17.6727,312.49,x
20260815_211445__0054__c,c,20260815_211445,18.0179,345.12,b
20260815_211445__0055__v,v,20260815_211445,18.2817,263.81,c
20260815_211445__0056___,_,20260815_211445,18.5843,302.63,v
20260815_211445__0057__a,a,20260815_211445,18.9188,334.49,_
20260815_211445__0058__l,l,20260815_211445,19.2472,328.44,a
20260815_211445__0059__s,s,20260815_211445,19.5849,337.62,l
20260815_211445__0060__k,k,20260815_211445,19.87,285.17,s
20260815_211445__0061__d,d,20260815_211445,20.2042,334.2,k
20260815_211445__0062__j,j,20260815_211445,20.4959,291.68,d
20260815_211445__0063__f,f,20260815_211445,20.8528,356.87,j
20260815_211445__0064__h,h,20260815_211445,21.0837,230.88,f
20260815_211445__0065__g,g,20260815_211445,21.3612,277.53,h
20260815_211445__0066__b,b,20260815_211445,21.7504,389.21,g
20260815_211445__0067__v,v,20260815_211445,22.0672,316.78,b
20260815_211445__0068__n,n,20260815_211445,22.3768,309.68,v
20260815_211445__0069___,_,20260815_211445,22.6867,309.89,n
20260815_211445__0070__z,z,20260815_211445,22.9828,296.03,_
20260815_211445__0071__m,m,20260815_211445,23.3006,317.85,z
20260815_211445__0072__x,x,20260815_211445,23.5556,255.01,m
20260815_211445__0073__n,n,20260815_211445,23.8998,344.2,x
20260815_211445__0074__v,v,20260815_211445,24.126,226.21,n
20260815_211445__0075__b,b,20260815_211445,24.4535,327.51,v
20260815_211445__0076___,_,20260815_211445,24.6773,223.81,b
20260815_211445__0077__q,q,20260815_211445,25.0295,352.11,_
20260815_211445__0078__p,p,20260815_211445,25.2881,258.62,q
20260815_211445__0079__w,w,20260815_211445,25.5898,301.77,p
20260815_211445__0080__o,o,20260815_211445,25.8926,302.77,w
20260815_211445__0081__i,i,20260815_211445,26.1632,270.63,o
20260815_211445__0082__u,u,20260815_211445,26.4491,285.9,i
20260815_211445__0083__t,t,20260815_211445,26.6999,250.73,u
20260815_211445__0084__y,y,20260815_211445,26.9719,272.02,t
20260815_211445__0085__g,g,20260815_211445,27.2344,262.54,y
20260815_211445__0086__h,h,20260815_211445,27.5959,361.43,g
20260815_211445__0087__l,l,20260815_211445,28.1782,582.38,h
20260815_211445__0088__s,s,20260815_211445,28.4341,255.92,l
20260815_211445__0089__k,k,20260815_211445,28.7578,323.63,s
20260815_211445__0090__m,m,20260815_211445,29.1063,348.55,k
20260815_211445__0091___,_,20260815_211445,29.3537,247.32,m
20260815_211445__0092__n,n,20260815_211445,29.648,294.35,_
20260815_211445__0093__b,b,20260815_211445,29.9035,255.51,n
20260815_211445__0094___,_,20260815_211445,30.1666,263.13,b
20260815_211445__0095__v,v,20260815_211445,30.4622,295.53,_
20260815_211445__0096__b,b,20260815_211445,30.7198,257.57,v
20260815_211445__0097__n,n,20260815_211445,30.9206,200.86,b
20260815_211445__0098__junk,junk,20260815_211445,31.1062,,
20260815_211445__0099__junk,junk,20260815_211445,31.4797,,
20260815_211445__0100__z,z,20260815_211445,31.6751,754.51,n
20260815_211445__0101__n,n,20260815_211445,32.002,326.85,z
20260815_211445__0102__x,x,20260815_211445,32.2888,286.83,n
20260815_211445__0103__b,b,20260815_211445,32.653,364.2,x
20260815_211445__0104___,_,20260815_211445,33.099,446.05,b
20260815_211445__0105__n,n,20260815_211445,33.6822,583.2,_
20260815_211445__0106__a,a,20260815_211445,34.7368,1054.58,n
20260815_211445__0107__l,l,20260815_211445,35.0644,327.6,a
20260815_211445__0108__s,s,20260815_211445,35.4156,351.18,l
20260815_211445__0109__k,k,20260815_211445,35.7416,325.99,s
20260815_211445__0110__j,j,20260815_211445,36.0781,336.55,k
20260815_211445__0111__g,g,20260815_211445,36.356,277.87,j
20260815_211445__0112__junk,junk,20260815_211445,36.4853,,
20260815_211445__0113__h,h,20260815_211445,36.6801,324.08,g
20260815_211445__0114__b,b,20260815_211445,36.9739,293.76,h
20260815_211445__0115___,_,20260815_211445,37.3283,354.42,b
20260815_211445__0116__z,z,20260815_211445,38.3214,993.15,_
20260815_211445__0117__n,n,20260815_211445,38.6663,344.85,z
20260815_211445__0118__1,1,20260815_211445,38.9165,250.23,n
20260815_211445__0119__0,0,20260815_211445,39.262,345.44,1
20260815_211445__0120__2,2,20260815_211445,39.5434,281.41,0
20260815_211445__0121__9,9,20260815_211445,39.8796,336.26,2
20260815_211445__0122__q,q,20260815_211445,40.1434,263.81,9
20260815_211445__0123__junk,junk,20260815_211445,40.2768,,
20260815_211445__0124__p,p,20260815_211445,40.5031,359.64,q
20260815_211445__0125__w,w,20260815_211445,40.8032,300.18,p
20260815_211445__0126__o,o,20260815_211445,41.1593,356.08,w
20260815_211445__0127__q,q,20260815_211445,41.4194,260.09,o
20260815_211445__0128__junk,junk,20260815_211445,41.5502,,
20260815_211445__0129__p,p,20260815_211445,41.6922,272.79,q
20260815_211445__0130__w,w,20260815_211445,41.9734,281.22,p
20260815_211445__0131__o,o,20260815_211445,42.1097,136.24,w
20260815_211445__0132__q,q,20260815_211445,42.5224,412.72,o
20260815_211445__0133__p,p,20260815_211445,42.6559,133.49,q
20260815_211445__0134__w,w,20260815_211445,43.1154,459.5,p
20260815_211445__0135__i,i,20260815_211445,43.6699,554.56,w
20260815_211445__0136__u,u,20260815_211445,43.9802,310.25,i
20260815_211445__0137__t,t,20260815_211445,44.349,368.87,u
20260815_211445__0138__y,y,20260815_211445,44.661,312,t
20260815_211445__0139__h,h,20260815_211445,44.98,318.96,y
20260815_211445__0140__g,g,20260815_211445,45.2953,315.33,h
20260815_211445__0141__j,j,20260815_211445,45.6003,304.97,g
20260815_211445__0142__k,k,20260815_211445,46.1796,579.34,j
20260815_211445__0143__s,s,20260815_211445,46.4744,294.72,k
20260815_211445__0144__l,l,20260815_211445,46.7402,265.83,s
20260815_211445__0145__junk,junk,20260815_211445,47.2639,,
20260815_211445__0146___,_,20260815_211445,47.4337,693.54,l
20260815_211445__0147__n,n,20260815_211445,47.738,304.24,_
20260815_211445__0148__b,b,20260815_211445,48.0293,291.32,n
20260815_211445__0149__b,b,20260815_211445,48.3109,281.59,b
20260815_211445__0150__v,v,20260815_211445,48.6511,340.23,b
20260815_211445__0151___,_,20260815_211445,48.9171,265.96,v
20260815_211445__0152__m,m,20260815_211445,49.2877,370.68,_
20260815_211445__0153__n,n,20260815_211445,49.8669,579.14,m
20260815_211445__0154__b,b,20260815_211445,50.136,269.12,n
20260815_211445__0155__v,v,20260815_211445,50.3824,246.44,b
20260815_211445__0156___,_,20260815_211445,50.686,303.58,v
20260815_211445__0157__x,x,20260815_211445,51.4508,764.83,_
20260815_211445__0158__n,n,20260815_211445,51.811,360.18,x
20260815_211445__0159__c,c,20260815_211445,52.0695,258.53,n
20260815_211445__0160__b,b,20260815_211445,52.3401,270.59,c
20260815_211445__0161__v,v,20260815_211445,52.6369,296.76,b
20260815_211445__0162___,_,20260815_211445,52.9417,304.81,v
20260815_211445__0163__l,l,20260815_211445,53.547,605.33,_
20260815_211445__0164__k,k,20260815_211445,54.194,646.94,l
20260815_211445__0165__q,q,20260815_211445,54.4655,271.52,k
20260815_211445__0166__o,o,20260815_211445,54.8437,378.23,q
20260815_211445__0167__w,w,20260815_211445,55.1237,280,o
20260815_211445__0168__i,i,20260815_211445,55.4195,295.74,w
20260815_211445__0169__u,u,20260815_211445,55.6703,250.86,i
20260815_211445__0170__t,t,20260815_211445,55.9739,303.61,u
20260815_211445__0171__y,y,20260815_211445,56.2443,270.34,t
20260815_211445__0172__g,g,20260815_211445,56.5283,283.99,y
20260815_211445__0173__h,h,20260815_211445,56.8383,310.09,g
20260815_211445__0174___,_,20260815_211445,57.1113,272.97,h
20260815_211445__0175__n,n,20260815_211445,57.4322,320.86,_
20260815_211445__0176__z,z,20260815_211445,57.7122,280.05,n
20260815_211445__0177__m,m,20260815_211445,58.0076,295.33,z
20260815_211445__0178__x,x,20260815_211445,58.2709,263.31,m
20260815_211445__0179__l,l,20260815_211445,58.5469,276.01,x
20260815_211445__0180__a,a,20260815_211445,58.8432,296.37,l
20260815_211445__0181__junk,junk,20260815_211445,58.9698,,
20260815_211445__0182__k,k,20260815_211445,59.1188,275.58,a
20260815_211445__0183__s,s,20260815_211445,59.3684,249.61,k
20260815_211445__0184__j,j,20260815_211445,59.6795,311.09,s
20260815_211445__0185__h,h,20260815_211445,59.9338,254.31,j
20260815_211445__0186__g,g,20260815_211445,60.1832,249.37,h
20260815_211445__0187__b,b,20260815_211445,60.4851,301.95,g
20260815_211445__0188___,_,20260815_211445,60.8142,329.02,b
20260815_211445__0189__n,n,20260815_211445,61.1002,286.03,_
20260815_211445__0190__z,z,20260815_211445,61.6449,544.67,n
20260815_211445__0191__n,n,20260815_211445,61.9357,290.86,z
20260815_211445__0192__b,b,20260815_211445,62.4486,512.88,n
20260815_211445__0193___,_,20260815_211445,62.7132,264.6,b
20260815_211445__0194__b,b,20260815_211445,63.0089,295.69,_
20260815_211445__0195__n,n,20260815_211445,63.3488,339.93,b
20260815_211445__0196__c,c,20260815_211445,63.6176,268.71,n
20260815_211445__0197__z,z,20260815_211445,64.1534,535.87,c
20260815_211445__0198__n,n,20260815_211445,64.4525,299.09,z
20260815_211445__0199__b,b,20260815_211445,64.9657,513.2,n
20260815_211445__0200___,_,20260815_211445,65.2459,280.23,b
20260815_211445__0201__n,n,20260815_211445,65.6399,393.97,_
20260815_211445__0202__b,b,20260815_211445,65.915,275.12,n
20260815_211445__0203__junk,junk,20260815_211445,66.3369,,
20260815_211445__0204__v,v,20260815_211445,66.5284,613.36,b
20260815_211445__0205__n,n,20260815_211445,66.7942,265.85,v
20260815_211445__0206__junk,junk,20260815_211445,66.9216,,
20260815_211445__0207__b,b,20260815_211445,67.0748,280.52,n
20260815_211445__0208__c,c,20260815_211445,67.3253,250.5,b
20260815_211445__0209__junk,junk,20260815_211445,67.4681,,
20260815_211445__0210___,_,20260815_211445,67.6473,322.09,c
20260815_211445__0211__junk,junk,20260815_211445,68.0228,,
20260815_211445__0212__m,m,20260815_211445,68.1858,538.44,_
20260815_211445__0213__junk,junk,20260815_211445,68.3125,,
20260815_211445__0214__x,x,20260815_211445,68.4562,270.39,m
20260815_211445__0215__junk,junk,20260815_211445,68.5993,,
20260815_211445__0216__n,n,20260815_211445,68.8415,385.35,x
20260815_211445__0217__a,a,20260815_211445,69.0936,252.04,n
20260815_211445__0218__junk,junk,20260815_211445,69.2191,,
20260815_211445__0219__l,l,20260815_211445,69.4183,324.74,a
20260815_211445__0220__s,s,20260815_211445,69.6916,273.27,l
20260815_211445__0221__k,k,20260815_211445,70.0038,312.24,s
20260815_211445__0222__j,j,20260815_211445,70.2993,295.49,k
20260815_211445__0223__h,h,20260815_211445,70.5369,237.6,j
20260815_211445__0224__g,g,20260815_211445,70.7955,258.57,h
20260815_211445__0225__b,b,20260815_211445,71.0797,284.2,g
20260815_211445__0226___,_,20260815_211445,71.363,283.33,b
20260815_211445__0227__v,v,20260815_211445,71.6387,275.71,_
20260815_211445__0228__n,n,20260815_211445,71.9854,346.73,v
20260815_211445__0229__m,m,20260815_211445,72.5413,555.9,n
20260815_211445__0230__x,x,20260815_211445,72.8028,261.43,m
20260815_211445__0231__n,n,20260815_211445,73.1168,314.06,x
20260815_211445__0232__v,v,20260815_211445,73.3649,248.1,n
20260815_211445__0233__b,b,20260815_211445,73.6608,295.9,v
20260815_211445__0234___,_,20260815_211445,73.9295,268.73,b
20260815_211445__0235__b,b,20260815_211445,74.4743,544.72,_
20260815_211445__0236__x,x,20260815_211445,74.7304,256.15,b
20260815_211445__0237__n,n,20260815_211445,74.9935,263.08,x
20260815_211445__0238__c,c,20260815_211445,75.2038,210.29,n
20260815_211445__0239__junk,junk,20260815_211445,75.3308,,
20260815_211445__0240__m,m,20260815_211445,75.5222,318.37,c
20260815_211445__0241__n,n,20260815_211445,76.0909,568.73,m
20260815_211445__0242__junk,junk,20260815_211445,76.2228,,
20260815_211445__0243__a,a,20260815_211445,76.3606,269.75,n
20260815_211445__0244__junk,junk,20260815_211445,76.4975,,
20260815_211445__0245__l,l,20260815_211445,76.7122,351.59,a
20260815_211445__0246__s,s,20260815_211445,76.8946,182.38,l
20260815_211445__0247__k,k,20260815_211445,77.1613,266.67,s
20260815_211445__0248__j,j,20260815_211445,77.4883,327.03,k
20260815_211445__0249__g,g,20260815_211445,77.781,292.74,j
20260815_211445__0250__h,h,20260815_211445,78.0813,300.29,g
20260815_211445__0251__b,b,20260815_211445,78.3964,315.08,h
20260815_211445__0252__q,q,20260815_211445,78.6351,238.71,b
20260815_211445__0253__w,w,20260815_211445,79.2256,590.45,q
20260815_211445__0254__o,o,20260815_211445,79.5702,344.6,w
20260815_211445__0255__i,i,20260815_211445,79.8525,282.34,o
20260815_211445__0256__u,u,20260815_211445,80.2724,419.89,i
20260815_211445__0257__t,t,20260815_211445,80.5127,240.25,u
20260815_211445__0258__y,y,20260815_211445,80.7626,249.95,t
20260815_211445__0259__g,g,20260815_211445,81.0141,251.54,y
20260815_211445__0260__h,h,20260815_211445,81.3729,358.71,g
20260815_211445__0261__a,a,20260815_211445,81.5991,226.26,h
20260815_211445__0262__j,j,20260815_211445,81.88,280.91,a
20260815_211445__0263___,_,20260815_211445,82.1697,289.68,j
20260815_211445__0264__n,n,20260815_211445,82.4781,308.44,_
20260815_211445__0265__v,v,20260815_211445,82.6637,185.58,n
20260815_211445__0266___,_,20260815_211445,83.1968,533.06,v
20260815_211445__0267___,_,20260815_211445,83.4593,262.54,_
20260815_211445__0268__j,j,20260815_211445,84.4846,1025.33,_
20260815_211445__0269__a,a,20260815_211445,85.5615,1076.85,j
20260815_211445__0270__l,l,20260815_211445,85.9796,418.14,a
20260815_211445__0271__s,s,20260815_211445,86.293,313.4,l
20260815_211445__0272__a,a,20260815_211445,86.8779,584.83,s
20260815_211445__0273__s,s,20260815_211445,87.2419,364.04,a
20260815_211445__0274__a,a,20260815_211445,87.4871,245.19,s
20260815_211445__0275__s,s,20260815_211445,87.7922,305.12,a
20260815_211445__0276__a,a,20260815_211445,88.0902,298.03,s
20260815_211445__0277__q,q,20260815_211445,88.6966,606.39,a
20260815_211445__0278__p,p,20260815_211445,89.0092,312.54,q
20260815_211445__0279__w,w,20260815_211445,89.3039,294.67,p
20260815_211445__0280__o,o,20260815_211445,89.6377,333.83,w
20260815_211445__0281__q,q,20260815_211445,89.8493,211.56,o
20260815_211445__0282__p,p,20260815_211445,90.1879,338.68,q
20260815_211445__0283__z,z,20260815_211445,90.4393,251.36,p
20260815_211445__0284__z,z,20260815_211445,90.7618,322.52,z
20260815_211445__0285__x,x,20260815_211445,91.0904,328.62,z
20260815_211445__0286__9,9,20260815_211445,91.5267,436.3,x
20260815_211445__0287__8,8,20260815_211445,91.8739,347.21,9
20260815_211445__0288__7,7,20260815_211445,92.1508,276.83,8
20260815_211445__0289__1,1,20260815_211445,92.4244,273.61,7
20260815_211445__0290__6,6,20260815_211445,92.6995,275.15,1
20260815_211445__0291__2,2,20260815_211445,92.9752,275.71,6
20260815_211445__0292__4,4,20260815_211445,93.3268,351.61,2
20260815_211445__0293__3,3,20260815_211445,93.5973,270.45,4
20260815_211445__0294__5,5,20260815_211445,93.8971,299.75,3
20260815_211445__0295__1,1,20260815_211445,94.1997,302.68,5
20260815_211445__0296__junk,junk,20260815_211445,94.3247,,
20260815_211445__0297__2,2,20260815_211445,94.5373,337.6,1
20260815_211445__0298__0,0,20260815_211445,94.6645,127.21,2
20260815_211445__0299__9,9,20260815_211445,95.1658,501.29,0
20260815_211445__0300__o,o,20260815_211445,95.508,342.15,9
20260815_211445__0301__p,p,20260815_211445,95.787,279.02,o
20260815_211445__0302__q,q,20260815_211445,95.9993,212.24,p
20260815_211445__0303__o,o,20260815_211445,96.3025,303.29,q
20260815_211445__0304__w,w,20260815_211445,96.5427,240.18,o
20260815_211445__0305__l,l,20260815_211445,96.8411,298.37,w
20260815_211445__0306__a,a,20260815_211445,97.5496,708.48,l
20260815_211445__0307__a,a,20260815_211445,98.3328,783.24,a
20260815_211445__0308__a,a,20260815_211445,98.5876,254.83,a
20260815_211445__0309__k,k,20260815_211445,98.9016,313.97,a
20260815_211445__0310__s,s,20260815_211445,99.1925,290.86,k
20260815_211445__0311__j,j,20260815_211445,99.4481,255.67,s
20260815_211445__0312__h,h,20260815_211445,99.7195,271.41,j
20260815_211445__0313__g,g,20260815_211445,99.9295,209.91,h
20260815_211445__0314__b,b,20260815_211445,100.3007,371.2,g
20260815_211445__0315___,_,20260815_211445,100.5837,283.02,b
20260815_211445__0316__v,v,20260815_211445,101.2506,666.89,_
20260815_211445__0317__n,n,20260815_211445,101.5942,343.65,v
20260815_211445__0318___,_,20260815_211445,102.0299,435.69,n
20260815_211445__0319___,_,20260815_211445,102.3069,276.96,_
20260815_211445__0320___,_,20260815_211445,102.5744,267.55,_
20260815_211445__0321__n,n,20260815_211445,102.8742,299.77,_
20260815_211445__0322__d,d,20260815_211445,103.1141,239.91,n
20260815_211445__0323__n,n,20260815_211445,103.8488,734.72,d
20260815_211445__0324__junk,junk,20260815_211445,103.9748,,
20260815_211445__0325___,_,20260815_211445,104.1126,263.76,n
20260815_211445__0326___,_,20260815_211445,105.0876,975.03,_
20260815_211445__0327__n,n,20260815_211445,105.3497,262.04,_
20260815_211445__0328__n,n,20260815_211445,105.8277,478.07,n
20260815_211445__0329__b,b,20260815_211445,106.1215,293.74,n
20260815_211445__0330__v,v,20260815_211445,106.3554,233.88,b
20260815_211445__0331__n,n,20260815_211445,106.6094,254.08,v
20260815_211445__0332__z,z,20260815_211445,106.8504,240.98,n
20260815_211445__0333__m,m,20260815_211445,107.1463,295.92,z
20260815_211445__0334__x,x,20260815_211445,107.3328,186.46,m
20260815_211445__0335__n,n,20260815_211445,107.6159,283.08,x
20260815_211445__0336__s,s,20260815_211445,108.3461,730.27,n
20260815_211445__0337__k,k,20260815_211445,108.6109,264.72,s
20260815_211445__0338__j,j,20260815_211445,108.8401,229.25,k
20260815_211445__0339__h,h,20260815_211445,109.0831,242.95,j
20260815_211445__0340__g,g,20260815_211445,109.2902,207.12,h
20260815_211445__0341__junk,junk,20260815_211445,109.4283,,
20260815_211445__0342__b,b,20260815_211445,109.565,274.83,g
20260815_211445__0343__v,v,20260815_211445,109.8683,303.31,b
20260815_211445__0344__n,n,20260815_211445,110.1522,283.88,v
20260815_211445__0345__c,c,20260815_211445,110.4013,249.12,n
20260815_211445__0346__p,p,20260815_211445,110.6717,270.39,c
20260815_211445__0347__q,q,20260815_211445,110.9216,249.89,p
20260815_211445__0348__o,o,20260815_211445,111.2165,294.9,q
20260815_211445__0349__w,w,20260815_211445,111.4469,230.39,o
20260815_211445__0350__i,i,20260815_211445,111.726,279.09,w
20260815_211445__0351__u,u,20260815_211445,111.9557,229.75,i
20260815_211445__0352__t,t,20260815_211445,112.1895,233.81,u
20260815_211445__0353__y,y,20260815_211445,112.4539,264.33,t
20260815_211445__0354__g,g,20260815_211445,112.6847,230.84,y
20260815_211445__0355__h,h,20260815_211445,112.9914,306.71,g
20260815_211445__0356__l,l,20260815_211445,113.5377,546.33,h
20260815_211445__0357__s,s,20260815_211445,113.75,212.24,l
20260815_211445__0358__j,j,20260815_211445,114.2539,503.88,s
20260815_211445__0359__f,f,20260815_211445,114.5441,290.2,j
20260815_211445__0360__h,h,20260815_211445,114.7792,235.15,f
20260815_211445__0361__v,v,20260815_211445,115.0792,300.02,h
20260815_211445__0362__b,b,20260815_211445,115.3576,278.41,v
20260815_211445__0363__n,n,20260815_211445,115.6273,269.71,b
20260815_211445__0364__junk,junk,20260815_211445,116.0788,,
20260815_211445__0365__m,m,20260815_211445,116.2061,578.71,n
20260815_211445__0366__a,a,20260815_211445,116.5975,391.47,m
20260815_211445__0367__l,l,20260815_211445,116.9875,389.93,a
20260815_211445__0368__s,s,20260815_211445,117.2941,306.62,l
20260815_211445__0369__k,k,20260815_211445,117.6459,351.86,s
20260815_211445__0370__junk,junk,20260815_211445,118.0016,,
20260815_211445__0371__j,j,20260815_211445,118.1445,498.57,k
20260815_211445__0372__g,g,20260815_211445,118.4365,292.02,j
20260815_211445__0373__h,h,20260815_211445,118.7236,287.05,g
20260815_211445__0374__b,b,20260815_211445,119.0419,318.32,h
20260815_211445__0375__v,v,20260815_211445,119.3195,277.6,b
20260815_211445__0376__n,n,20260815_211445,119.647,327.46,v
20260815_211445__0377__z,z,20260815_211445,119.8749,227.91,n
20260815_211445__0378__junk,junk,20260815_211445,120.0221,,
20260815_211445__0379__a,a,20260815_211445,120.5322,657.35,z
20260815_211445__0380__n,n,20260815_211445,120.8437,311.43,a
20260815_211445__0381__s,s,20260815_211445,121.0953,251.61,n
20260815_211445__0382__0,0,20260815_211445,121.4741,378.89,s
20260815_211445__0383__1,1,20260815_211445,121.7009,226.76,0
20260815_211445__0384__9,9,20260815_211445,121.9817,280.82,1
20260815_211445__0385__2,2,20260815_211445,122.2611,279.41,9
20260815_211445__0386__8,8,20260815_211445,122.5227,261.54,2
20260815_211445__0387__7,7,20260815_211445,122.8681,345.46,8
20260815_211445__0388__5,5,20260815_211445,123.1267,258.53,7
20260815_211445__0389__6,6,20260815_211445,123.3972,270.5,5
20260815_211445__0390__t,t,20260815_211445,123.6405,243.33,6
20260815_211445__0391__y,y,20260815_211445,123.9312,290.75,t
20260815_211445__0392__r,r,20260815_211445,124.0985,167.23,y
20260815_211445__0393__q,q,20260815_211445,124.5139,415.44,r
20260815_211445__0394__p,p,20260815_211445,124.7687,254.74,q
20260815_211445__0395__w,w,20260815_211445,125.0254,256.69,p
20260815_211445__0396__o,o,20260815_211445,125.3054,280.02,w
20260815_211445__0397__l,l,20260815_211445,125.5666,261.2,o
20260815_211445__0398__k,k,20260815_211445,126.0845,517.94,l
20260815_211445__0399__s,s,20260815_211445,126.2903,205.8,k
20260815_211445__0400__j,j,20260815_211445,126.7302,439.86,s
20260815_211445__0401__h,h,20260815_211445,126.9756,245.4,j
20260815_211445__0402__g,g,20260815_211445,127.2344,258.78,h
20260815_211445__0403__b,b,20260815_211445,127.5205,286.15,g
20260815_211445__0404___,_,20260815_211445,127.7988,278.25,b
20260815_211445__0405__x,x,20260815_211445,128.5213,722.52,_
20260815_211445__0406__n,n,20260815_211445,128.7537,232.38,x
20260815_211445__0407__v,v,20260815_211445,129.0193,265.6,n
20260815_211445__0408__b,b,20260815_211445,129.2857,266.42,v
20260815_211445__0409___,_,20260815_211445,129.5458,260.11,b
20260815_211445__0410__b,b,20260815_211445,129.8264,280.61,_
20260815_211445__0411__n,n,20260815_211445,130.1093,282.93,b
20260815_211445__0412__n,n,20260815_211445,130.4712,361.86,n
20260815_211445__0413__d,d,20260815_211445,130.7658,294.58,n
20260815_211445__0414__k,k,20260815_211445,131.2453,479.57,d
20260815_211445__0415__a,a,20260815_211445,131.5365,291.16,k
20260815_211445__0416__l,l,20260815_211445,131.8308,294.33,a
20260815_211445__0417__s,s,20260815_211445,132.1189,288.07,l
20260815_211445__0418__k,k,20260815_211445,132.4335,314.65,s
20260815_211445__0419__1,1,20260815_211445,132.83,396.42,k
20260815_211445__0420__0,0,20260815_211445,133.2501,420.11,1
20260815_211445__0421__2,2,20260815_211445,133.5094,259.32,0
20260815_211445__0422__junk,junk,20260815_211445,133.6376,,
20260815_211445__0423__9,9,20260815_211445,133.8434,333.97,2
20260815_211445__0424__8,8,20260815_211445,134.1897,346.35,9
20260815_211445__0425__7,7,20260815_211445,134.4837,294.04,8
20260815_211445__0426__5,5,20260815_211445,134.7289,245.12,7
20260815_211445__0427__6,6,20260815_211445,135.0138,284.9,5
20260815_211445__0428__4,4,20260815_211445,135.2395,225.78,6
20260815_211445__0429__1,1,20260815_211445,135.6536,414.04,4
20260815_211445__0430__0,0,20260815_211445,135.8654,211.79,1
20260815_211445__0431__2,2,20260815_211445,136.1186,253.2,0
20260815_211445__0432__9,9,20260815_211445,136.3576,238.98,2
20260815_211445__0433__junk,junk,20260815_211445,136.8906,,
20260815_211445__0434__i,i,20260815_211445,137.3798,1022.27,9
20260815_211445__0435__q,q,20260815_211445,137.6966,316.8,i
20260815_211445__0436__o,o,20260815_211445,137.8729,176.3,q
20260815_211445__0437__w,w,20260815_211445,138.1878,314.88,o
20260815_211445__0438__p,p,20260815_211445,138.4049,217.07,w
20260815_211445__0439__junk,junk,20260815_211445,138.5357,,
20260815_211445__0440__junk,junk,20260815_211445,138.6705,,
20260815_211445__0441__l,l,20260815_211445,138.8285,423.67,p
20260815_211445__0442__junk,junk,20260815_211445,138.9581,,
20260815_211445__0443__a,a,20260815_211445,139.1953,366.76,l
20260815_211445__0444__k,k,20260815_211445,139.3784,183.11,a
20260815_211445__0445__s,s,20260815_211445,139.5925,214.06,k
20260815_211445__0446__j,j,20260815_211445,139.8688,276.37,s
20260815_211445__0447__junk,junk,20260815_211445,139.9999,,
20260815_211445__0448__h,h,20260815_211445,140.1253,256.44,j
20260815_211445__0449__g,g,20260815_211445,140.3268,201.54,h
20260815_211445__0450__b,b,20260815_211445,140.5387,211.88,g
20260815_211445__0451__v,v,20260815_211445,140.7495,210.77,b
20260815_211445__0452__n,n,20260815_211445,141.0464,296.92,v
20260815_211445__0453__m,m,20260815_211445,141.6734,627.03,n
20260815_211445__0454__x,x,20260815_211445,141.9725,299.09,m
20260815_211445__0455__n,n,20260815_211445,142.3151,342.54,x
20260815_211445__0456__b,b,20260815_211445,143.0586,743.51,n
20260815_211445__0457__c,c,20260815_211445,143.3369,278.34,b
20260815_211445__0458__v,v,20260815_211445,143.5972,260.29,c
20260815_211445__0459__z,z,20260815_211445,144.4202,823.04,v
20260815_211445__0460__x,x,20260815_211445,144.7348,314.58,z
20260815_211445__0461__v,v,20260815_211445,145.006,271.13,x
20260815_211445__0462__z,z,20260815_211445,145.2517,245.76,v
20260815_211445__0463__b,b,20260815_211445,145.4806,228.87,z
20260815_211445__0464__x,x,20260815_211445,145.6783,197.71,b
20260815_211445__0465__junk,junk,20260815_211445,145.8339,,
20260815_211445__0466__n,n,20260815_211445,145.9804,302.13,x
20260815_211445__0467__a,a,20260815_211445,146.1945,214.08,n
20260815_211445__0468__m,m,20260815_211445,146.3302,135.69,a
20260815_211445__0469__s,s,20260815_211445,146.4636,133.42,m
20260815_211445__0470__l,l,20260815_211445,146.9372,473.58,s
20260815_211445__0471__k,k,20260815_211445,147.1779,240.66,l
20260815_211445__0472__junk,junk,20260815_211445,147.3542,,
20260815_211445__0473__junk,junk,20260815_211445,147.6327,,
20260815_211445__0474__junk,junk,20260815_211445,147.7666,,
20260815_211445__0475__junk,junk,20260815_211445,147.9669,,
20260815_211445__0476__w,w,20260815_211445,148.1968,1018.89,k
20260815_211445__0477__o,o,20260815_211445,148.3218,125.01,w
20260815_211445__0478__junk,junk,20260815_211445,148.4559,,
20260815_211445__0479__q,q,20260815_211445,148.6163,294.54,o
20260815_211445__0480__p,p,20260815_211445,148.7542,137.89,q
20260815_211445__0481__junk,junk,20260815_211445,148.9163,,
20260815_211445__0482__w,w,20260815_211445,149.0618,307.57,p
20260815_211445__0483__o,o,20260815_211445,149.3039,242.11,w
20260815_211445__0484__junk,junk,20260815_211445,149.4312,,
20260815_211445__0485__i,i,20260815_211445,149.5588,254.9,o
20260815_211445__0486__u,u,20260815_211445,149.8165,257.76,i
20260815_211445__0487__junk,junk,20260815_211445,150.0294,,
20260815_211445__0488__y,y,20260815_211445,150.1669,350.39,u
20260815_211445__0489__h,h,20260815_211445,150.7431,576.21,y
20260815_211445__0490__j,j,20260815_211445,151.249,505.92,h
20260815_211445__0491__junk,junk,20260815_211445,151.7553,,
20260815_211445__0492__f,f,20260815_211445,151.9326,683.58,j
20260815_211445__0493__junk,junk,20260815_211445,152.1575,,
20260815_211445__0494__k,k,20260815_211445,152.3378,405.19,f
20260815_211445__0495__junk,junk,20260815_211445,152.4668,,
20260815_211445__0496__a,a,20260815_211445,152.5973,259.48,k
20260815_211445__0497__junk,junk,20260815_211445,152.7599,,
20260815_211445__0498__l,l,20260815_211445,152.8855,288.19,a
20260815_211445__0499__s,s,20260815_211445,153.0303,144.85,l
20260815_211445__0500__k,k,20260815_211445,153.4861,455.78,s
20260815_211445__0501__j,j,20260815_211445,153.7453,259.18,k
20260815_211445__0502__junk,junk,20260815_211445,153.8707,,
20260815_211445__0503__h,h,20260815_211445,154.15,404.69,j
20260815_211445__0504__junk,junk,20260815_211445,154.276,,
20260815_211445__0505__g,g,20260815_211445,154.5077,357.69,h
20260815_211445__0506__b,b,20260815_211445,154.8064,298.75,g
20260815_211445__0507__junk,junk,20260815_211445,155.0512,,
20260815_211445__0508__n,n,20260815_211445,155.1824,375.92,b
20260815_211445__0509___,_,20260815_211445,155.4722,289.84,n
20260815_211445__0510__n,n,20260815_211445,155.8762,404.04,_
20260815_211445__0511__junk,junk,20260815_211445,156.0616,,
20260815_211445__0512___,_,20260815_211445,156.1987,322.43,n
20260815_211445__0513__b,b,20260815_211445,156.5308,332.18,_
20260815_211445__0514___,_,20260815_211445,156.9201,389.3,b
20260815_211445__0515__v,v,20260815_211445,157.0838,163.7,_
20260815_211445__0516__b,b,20260815_211445,157.3846,300.77,v
20260815_211445__0517__n,n,20260815_211445,157.9009,516.3,b
20260815_211445__0518__x,x,20260815_211445,158.101,200.14,n
20260815_211445__0519___,_,20260815_211445,158.2667,165.62,x
20260815_211445__0520__junk,junk,20260815_211445,158.5618,,
20260815_211445__0521__n,n,20260815_211445,159.0791,812.45,_
20260815_211445__0522__n,n,20260815_211445,159.7884,709.3,n
20260815_211445__0523__junk,junk,20260815_211445,159.9182,,
20260815_211445__0524__z,z,20260815_211445,160.2023,413.92,n
20260815_211445__0525__m,m,20260815_211445,160.3319,129.57,z
20260815_211445__0526__junk,junk,20260815_211445,160.592,,
20260815_211445__0527__x,x,20260815_211445,160.7204,388.53,m
20260815_211445__0528__junk,junk,20260815_211445,160.8555,,
20260815_211445__0529__junk,junk,20260815_211445,160.9995,,
20260815_211445__0530__n,n,20260815_211445,161.2689,548.46,x
20260815_211445__0531__junk,junk,20260815_211445,161.4167,,
20260815_211445__0532__v,v,20260815_211445,161.6263,357.39,n
20260815_211445__0533__junk,junk,20260815_211445,161.7569,,
20260815_211445__0534__b,b,20260815_211445,161.9255,299.23,v
20260815_211445__0535__junk,junk,20260815_211445,162.1012,,
20260815_211445__0536___,_,20260815_211445,162.2601,334.58,b
20260815_211445__0537__z,z,20260815_211445,162.4506,190.5,_
20260815_211445__0538__n,n,20260815_211445,162.7506,300.02,z
20260815_211445__0539__m,m,20260815_211445,163.5292,778.57,n
20260815_211445__0540__n,n,20260815_211445,163.8217,292.54,m
20260815_211445__0541__v,v,20260815_211445,164.0246,202.86,n
20260815_211445__0542__b,b,20260815_211445,164.2813,256.76,v
20260815_211445__0543___,_,20260815_211445,164.4932,211.9,b
20260815_211445__0544__junk,junk,20260815_211445,164.6296,,
20260815_211445__0545__n,n,20260815_211445,165.0186,525.4,_
20260815_211445__0546__junk,junk,20260815_211445,165.2162,,
20260815_211445__0547__x,x,20260815_211445,165.442,423.31,n
20260815_211445__0548__junk,junk,20260815_211445,165.5985,,
20260815_211445__0549__junk,junk,20260815_211445,165.7302,,
20260815_211445__0550__m,m,20260815_211445,165.8723,430.34,x
20260815_211445__0551__a,a,20260815_211445,166.0002,127.87,m
20260815_211445__0552__junk,junk,20260815_211445,166.1303,,
20260815_211445__0553__k,k,20260815_211445,166.289,288.84,a
20260815_211445__0554__s,s,20260815_211445,166.5444,255.4,k
20260815_211445__0555__j,j,20260815_211445,166.8738,329.37,s
20260815_211445__0556__h,h,20260815_211445,167.1471,273.38,j
20260815_211445__0557__g,g,20260815_211445,167.3514,204.24,h
20260815_211445__0558__b,b,20260815_211445,167.6322,280.84,g
20260815_211445__0559___,_,20260815_211445,167.901,268.73,b
20260815_211445__0560__junk,junk,20260815_211445,168.0548,,
20260815_211445__0561__b,b,20260815_211445,168.2501,349.14,_
20260815_211445__0562__b,b,20260815_211445,168.9396,689.55,b
20260815_211445__0563__junk,junk,20260815_211445,169.0764,,
20260815_211445__0564___,_,20260815_211445,169.2209,281.25,b
20260815_211445__0565__v,v,20260815_211445,169.3689,148.05,_
20260815_211445__0566__b,b,20260815_211445,169.5125,143.58,v
20260815_211445__0567__junk,junk,20260815_211445,169.6418,,
20260815_211445__0568__z,z,20260815_211445,169.8448,332.29,b
20260815_211445__0569__x,x,20260815_211445,170.2661,421.25,z
20260815_211445__0570__b,b,20260815_211445,170.488,221.93,x
20260815_211445__0571___,_,20260815_211445,170.7424,254.42,b
20260815_211445__0572__n,n,20260815_211445,171.1899,447.48,_
20260815_211445__0573__junk,junk,20260815_211445,171.354,,
20260815_211445__0574__c,c,20260815_211445,171.7365,546.64,n
20260815_211445__0575__m,m,20260815_211445,172.0383,301.75,c
20260815_211445__0576__n,n,20260815_211445,172.4295,391.2,m
20260815_211445__0577__b,b,20260815_211445,172.8636,434.13,n
20260815_211445__0578__v,v,20260815_211445,173.2331,369.48,b
20260815_211445__0579___,_,20260815_211445,173.3753,142.22,v
20260815_211445__0580__b,b,20260815_211445,173.781,405.67,_
20260815_211445__0581__z,z,20260815_211445,173.911,130.05,b
20260815_211445__0582__n,n,20260815_211445,174.4197,508.64,z
20260815_211445__0583__junk,junk,20260815_211445,174.5551,,
20260815_211445__0584__x,x,20260815_211445,174.695,275.37,n
20260815_211445__0585__m,m,20260815_211445,174.8712,176.12,x
20260815_211445__0586__c,c,20260815_211445,175.0647,193.58,m
20260815_211445__0587__n,n,20260815_211445,175.3027,237.96,c
20260815_211445__0588__junk,junk,20260815_211445,175.4751,,
20260815_211445__0589__b,b,20260815_211445,175.6988,396.15,n
20260815_211445__0590__junk,junk,20260815_211445,176.1471,,
20260815_211445__0591__n,n,20260815_211445,176.4763,777.48,b
20260815_211445__0592__junk,junk,20260815_211445,176.6072,,
20260815_211445__0593__z,z,20260815_211445,176.7371,260.73,n
20260815_211445__0594__m,m,20260815_211445,176.9071,170,z
20260815_211445__0595__x,x,20260815_211445,177.1515,244.47,m
20260815_211445__0596__b,b,20260815_211445,177.8388,687.3,x
20260815_211445__0597__v,v,20260815_211445,178.0368,197.98,b
20260815_211445__0598___,_,20260815_211445,178.204,167.19,v
20260815_211445__0599__junk,junk,20260815_211445,178.5906,,
20260815_211445__0600__n,n,20260815_211445,178.7491,545.15,_
20260815_211445__0601__x,x,20260815_211445,178.947,197.87,n
20260815_211445__0602__junk,junk,20260815_211445,179.0969,,
20260815_211445__0603__m,m,20260815_211445,179.3347,387.73,x
20260815_211445__0604__a,a,20260815_211445,179.5261,191.38,m
20260815_211445__0605__l,l,20260815_211445,179.7459,219.77,a
20260815_211445__0606__s,s,20260815_211445,179.9801,234.17,l
20260815_211445__0607__k,k,20260815_211445,180.28,299.98,s
20260815_211445__0608__j,j,20260815_211445,180.5784,298.37,k
20260815_211445__0609__h,h,20260815_211445,180.8099,231.47,j
20260815_211445__0610__f,f,20260815_211445,181.0438,233.9,h
20260815_211445__0611__g,g,20260815_211445,181.2501,206.35,f
20260815_211445__0612__b,b,20260815_211445,181.5423,292.2,g
20260815_211445__0613___,_,20260815_211445,181.8338,291.5,b
20260815_211445__0614__junk,junk,20260815_211445,182.0193,,
20260815_211445__0615__junk,junk,20260815_211445,182.1672,,
20260815_211445__0616__b,b,20260815_211445,182.3042,470.36,_
20260815_211445__0617__n,n,20260815_211445,182.6534,349.23,b
20260815_211445__0618__v,v,20260815_211445,182.8863,232.86,n
20260815_211445__0619__n,n,20260815_211445,183.5886,702.34,v
20260815_211445__0620__j,j,20260815_211445,184.2091,620.52,n
20260815_211445__0621__a,a,20260815_211445,184.4827,273.56,j
20260815_211445__0622__0,0,20260815_211445,184.9505,467.78,a
20260815_211445__0623__1,1,20260815_211445,185.2561,305.58,0
20260815_211445__0624__9,9,20260815_211445,185.5723,316.28,1
20260815_211445__0625__2,2,20260815_211445,185.8223,249.98,9
20260815_211445__0626__8,8,20260815_211445,186.1028,280.45,2
20260815_211445__0627__7,7,20260815_211445,186.5816,478.84,8
20260815_211445__0628__6,6,20260815_211445,186.9107,329.05,7
20260815_211445__0629__5,5,20260815_211445,187.2618,351.13,6
20260815_211445__0630__t,t,20260815_211445,187.5627,300.95,5
20260815_211445__0631__r,r,20260815_211445,187.9531,390.32,t
20260815_211445__0632__y,y,20260815_211445,188.2445,291.41,r
20260815_211445__0633__q,q,20260815_211445,188.4989,254.44,y
20260815_211445__0634__junk,junk,20260815_211445,188.6288,,
20260815_211445__0635__u,u,20260815_211445,188.875,376.12,q
20260815_211445__0636__w,w,20260815_211445,189.222,346.94,u
20260815_211445__0637__i,i,20260815_211445,189.55,328,w
20260815_211445__0638__o,o,20260815_211445,189.8887,338.68,i
20260815_211445__0639___,_,20260815_211445,190.1953,306.67,o
20260815_211445__0640__p,p,20260815_211445,190.9449,749.61,_
20260815_211445__0641__l,l,20260815_211445,191.3102,365.31,p
20260815_211445__0642__l,l,20260815_211445,191.5963,286.03,l
20260815_211445__0643__l,l,20260815_211445,191.9744,378.07,l
20260815_211445__0644__k,k,20260815_211445,192.3038,329.48,l
20260815_211445__0645__j,j,20260815_211445,192.6837,379.86,k
20260815_211445__0646__h,h,20260815_211445,192.9886,304.92,j
20260815_211445__0647__g,g,20260815_211445,193.3654,376.83,h
20260815_211445__0648__f,f,20260815_211445,193.7273,361.86,g
20260815_211445__0649__b,b,20260815_211445,194.0514,324.1,f
20260815_211445__0650__z,z,20260815_211445,194.6668,615.4,b
20260815_211445__0651__n,n,20260815_211445,195.0378,370.95,z
20260815_211445__0652__x,x,20260815_211445,195.3234,285.65,n
20260815_211445__0653__m,m,20260815_211445,195.6753,351.88,x
20260815_211445__0654___,_,20260815_211445,195.9284,253.15,m
20260815_211445__0655__a,a,20260815_211445,196.2051,276.62,_
20260815_211445__0656__n,n,20260815_211445,196.5417,336.6,a
20260815_211445__0657__b,b,20260815_211445,196.8093,267.6,n
20260815_211445__0658__v,v,20260815_211445,197.1598,350.54,b
20260815_211445__0659___,_,20260815_211445,197.4319,272.11,v
20260815_211445__0660__n,n,20260815_211445,198.0739,642.02,_
20260815_211445__0661__s,s,20260815_211445,198.3824,308.46,n
20260815_211445__0662__n,n,20260815_211445,199.0169,634.49,s
20260815_211445__0663__j,j,20260815_211445,199.4288,411.95,n
20260815_211445__0664__g,g,20260815_211445,199.7599,331.04,j
20260815_211445__0665__k,k,20260815_211445,200.0814,321.5,g
20260815_211445__0666__e,e,20260815_211445,200.3728,291.45,k
20260815_211445__0667__e,e,20260815_211445,200.6801,307.3,e
20260815_211445__0668__e,e,20260815_211445,200.9689,288.75,e
20260815_211445__0669__e,e,20260815_211445,201.2933,324.44,e
20260815_211445__0670__e,e,20260815_211445,201.5926,299.3,e
20260815_211445__0671__e,e,20260815_211445,201.8726,280.02,e
20260815_211445__0672__r,r,20260815_211445,202.1685,295.83,e
20260815_211445__0673__r,r,20260815_211445,202.4885,320.09,r
20260815_211445__0674__r,r,20260815_211445,202.6823,193.76,r
20260815_211445__0675__r,r,20260815_211445,203.1566,474.26,r
20260815_211445__0676__t,t,20260815_211445,203.4936,336.98,r
20260815_211445__0677___,_,20260815_211445,203.7909,297.3,t
20260815_211445__0678__g,g,20260815_211445,204.1333,342.4,_
20260815_211445__0679___,_,20260815_211445,204.3896,256.37,g
20260815_211445__0680__v,v,20260815_211445,204.7579,368.23,_
20260815_211445__0681__s,s,20260815_211445,205.0714,313.54,v
20260815_211445__0682__b,b,20260815_211445,205.3548,283.42,s
20260815_211445__0683__h,h,20260815_211445,205.9031,548.28,b
20260815_211445__0684__s,s,20260815_211445,206.1347,231.61,h
20260815_211445__0685__j,j,20260815_211445,206.5049,370.14,s
20260815_211445__0686__1,1,20260815_211445,206.7437,238.8,j
20260815_211445__0687__2,2,20260815_211445,207.1143,370.66,1
20260815_211445__0688__0,0,20260815_211445,207.3862,271.86,2
20260815_211445__0689__9,9,20260815_211445,207.7154,329.25,0
20260815_211445__0690__8,8,20260815_211445,208.0123,296.87,9
20260815_211445__0691__7,7,20260815_211445,208.2755,263.17,8
20260815_211445__0692__6,6,20260815_211445,208.552,276.58,7
20260815_211445__0693__5,5,20260815_211445,208.8167,264.69,6
20260815_211445__0694__t,t,20260815_211445,209.1382,321.47,5
20260815_211445__0695__e,e,20260815_211445,209.4884,350.23,t
20260815_211445__0696__y,y,20260815_211445,209.8065,318.07,e
20260815_211445__0697__r,r,20260815_211445,210.0359,229.39,y
20260815_211445__0698__u,u,20260815_211445,210.3591,323.24,r
20260815_211445__0699__q,q,20260815_211445,210.5983,239.16,u
20260815_211445__0700__i,i,20260815_211445,210.9716,373.27,q
20260815_211445__0701__q,q,20260815_211445,211.2289,257.35,i
20260815_211445__0702__q,q,20260815_211445,211.5378,308.89,q
20260815_211445__0703__q,q,20260815_211445,211.8251,287.3,q
20260815_211445__0704__p,p,20260815_211445,212.1656,340.5,q
20260815_211445__0705__w,w,20260815_211445,212.4218,256.19,p
20260815_211445__0706__o,o,20260815_211445,212.6944,272.63,w
20260815_211445__0707__i,i,20260815_211445,212.9922,297.78,o
20260815_211445__0708__u,u,20260815_211445,213.2578,265.56,i
20260815_211445__0709__y,y,20260815_211445,213.6213,363.56,u
20260815_211445__0710__t,t,20260815_211445,213.8821,260.82,y
20260815_211445__0711__h,h,20260815_211445,214.1836,301.5,t
20260815_211445__0712__a,a,20260815_211445,214.4424,258.75,h
20260815_211445__0713__a,a,20260815_211445,214.7828,340.39,a
20260815_211445__0714__junk,junk,20260815_211445,214.9171,,
20260815_211445__0715__l,l,20260815_211445,215.0801,297.32,a
20260815_211445__0716__s,s,20260815_211445,215.3646,284.47,l
20260815_211445__0717__k,k,20260815_211445,215.6227,258.12,s
20260815_211445__0718__j,j,20260815_211445,215.9002,277.55,k
20260815_211445__0719__h,h,20260815_211445,216.138,237.78,j
20260815_211445__0720__b,b,20260815_211445,216.427,289,h
20260815_211445__0721__v,v,20260815_211445,216.689,261.95,b
20260815_211445__0722__z,z,20260815_211445,217.5768,887.85,v
20260815_211445__0723__n,n,20260815_211445,217.8636,286.8,z
20260815_211445__0724__x,x,20260815_211445,218.0905,226.87,n
20260815_211445__0725__b,b,20260815_211445,218.3393,248.87,x
20260815_211445__0726__c,c,20260815_211445,218.598,258.62,b
20260815_211445__0727__v,v,20260815_211445,218.7702,172.22,c
20260815_211445__0728___,_,20260815_211445,219.0915,321.27,v
20260815_211445__0729__z,z,20260815_211445,219.3639,272.4,_
20260815_211445__0730__m,m,20260815_211445,219.7127,348.89,z
20260815_211445__0731__n,n,20260815_211445,220.2746,561.81,m
20260815_211445__0732__c,c,20260815_211445,220.579,304.49,n
20260815_211445__0733__b,b,20260815_211445,220.8047,225.65,c
20260815_211445__0734__v,v,20260815_211445,221.0817,277.03,b
20260815_211445__0735___,_,20260815_211445,221.3622,280.5,v
20260815_211445__0736__j,j,20260815_211445,221.9276,565.37,_
20260815_211445__0737__s,s,20260815_211445,222.0944,166.83,j
20260815_211445__0738__k,k,20260815_211445,222.4459,351.45,s
20260815_211445__0739__d,d,20260815_211445,222.7639,318.03,k
20260815_211445__0740__l,l,20260815_211445,222.9936,229.71,d
20260815_211445__0741__f,f,20260815_211445,223.2805,286.94,l
20260815_211445__0742__j,j,20260815_211445,223.7974,516.87,f
20260815_211445__0743__g,g,20260815_211445,224.0187,221.29,j
20260815_211445__0744__h,h,20260815_211445,224.3367,318.03,g
20260815_211445__0745__b,b,20260815_211445,224.5785,241.77,h
20260815_211445__0746__v,v,20260815_211445,224.8411,262.59,b
20260815_211445__0747__n,n,20260815_211445,225.0859,244.78,v
20260815_211445__0748__x,x,20260815_211445,225.8998,813.92,n
20260815_211445__0749__n,n,20260815_211445,226.121,221.2,x
20260815_211445__0750__b,b,20260815_211445,226.4047,283.7,n
20260815_211445__0751__v,v,20260815_211445,226.7454,340.66,b
20260815_211445__0752___,_,20260815_211445,227.0324,287.01,v
20260815_211445__0753__1,1,20260815_211445,227.4606,428.21,_
20260815_211445__0754__junk,junk,20260815_211445,227.5863,,
20260815_211445__0755__0,0,20260815_211445,227.8007,340.11,1
20260815_211445__0756__2,2,20260815_211445,228.0671,266.44,0
20260815_211445__0757__9,9,20260815_211445,228.3954,328.32,2
20260815_211445__0758__9,9,20260815_211445,228.7167,321.25,9
20260815_211445__0759__8,8,20260815_211445,229.0556,338.91,9
20260815_211445__0760__7,7,20260815_211445,229.3235,267.91,8
20260815_211445__0761__junk,junk,20260815_211445,229.4691,,
20260815_211445__0762__6,6,20260815_211445,229.6212,297.71,7
20260815_211445__0763__4,4,20260815_211445,229.9126,291.38,6
20260815_211445__0764__6,6,20260815_211445,230.2227,310.14,4
20260815_211445__0765__1,1,20260815_211445,230.4944,271.66,6
20260815_211445__0766__junk,junk,20260815_211445,230.6206,,
20260815_211445__0767__7,7,20260815_211445,230.7674,273.02,1
20260815_211445__0768__2,2,20260815_211445,231.0353,267.87,7
20260815_211445__0769__8,8,20260815_211445,231.3393,304.04,2
20260815_211445__0770__4,4,20260815_211445,231.676,336.64,8
20260815_211445__0771__9,9,20260815_211445,231.9226,246.62,4
20260815_211445__0772__5,5,20260815_211445,232.1205,197.89,9
20260815_211445__0773__0,0,20260815_211445,232.3964,275.9,5
20260815_211445__0774__1,1,20260815_211445,232.6218,225.42,0
20260815_211445__0775__9,9,20260815_211445,232.8505,228.68,1
20260815_211445__0776__2,2,20260815_211445,233.0762,225.69,9
20260815_211445__0777__8,8,20260815_211445,233.3802,304.01,2
20260815_211445__0778__7,7,20260815_211445,233.6886,308.46,8
20260815_211445__0779__5,5,20260815_211445,233.9489,260.27,7
20260815_211445__0780__6,6,20260815_211445,234.1835,234.63,5
20260815_211445__0781__t,t,20260815_211445,234.4833,299.73,6
20260815_211445__0782__y,y,20260815_211445,234.6766,193.36,t
20260815_211445__0783__o,o,20260815_211445,235.2573,580.68,y
20260815_211445__0784__junk,junk,20260815_211445,235.5273,,
20260815_211445__0785__w,w,20260815_211445,235.6572,399.93,o
20260815_211445__0786__junk,junk,20260815_211445,235.8375,,
20260815_211445__0787__i,i,20260815_211445,236.1161,458.87,w
20260815_211445__0788__u,u,20260815_211445,236.312,195.92,i
20260815_211445__0789__junk,junk,20260815_211445,236.5836,,
20260815_211445__0790__y,y,20260815_211445,236.7316,419.61,u
20260815_211445__0791__t,t,20260815_211445,236.8916,160,y
20260815_211445__0792__h,h,20260815_211445,237.1671,275.44,t
20260815_211445__0793__g,g,20260815_211445,237.4676,300.54,h
20260815_211445__0794__b,b,20260815_211445,237.7821,314.44,g
20260815_211445__0795__n,n,20260815_211445,238.1469,364.88,b
20260815_211445__0796__l,l,20260815_211445,239.0902,943.24,n
20260815_211445__0797__junk,junk,20260815_211445,239.4428,,
20260815_211445__0798__k,k,20260815_211445,239.5837,493.47,l
20260815_211445__0799__s,s,20260815_211445,239.9487,365.08,k
20260815_211445__0800__j,j,20260815_211445,240.0799,131.18,s
20260815_211445__0801__junk,junk,20260815_211445,240.3058,,
20260815_211445__0802__junk,junk,20260815_211445,240.4471,,
20260815_211445__0803__h,h,20260815_211445,240.6745,594.6,j
20260815_211445__0804__g,g,20260815_211445,240.808,133.47,h
20260815_211445__0805__j,j,20260815_211445,241.0693,261.32,g
20260815_211445__0806__s,s,20260815_211445,241.4361,366.83,j
20260815_211445__0807__k,k,20260815_211445,241.7743,338.14,s
20260815_211445__0808__l,l,20260815_211445,242.52,745.76,k
20260815_211445__0809__p,p,20260815_211445,242.9797,459.68,l
20260815_211445__0810__q,q,20260815_211445,243.2286,248.89,p
20260815_211445__0811__o,o,20260815_211445,243.5116,283.04,q
20260815_211445__0812__w,w,20260815_211445,243.778,266.37,o
20260815_211445__0813__i,i,20260815_211445,244.036,258,w
20260815_211445__0814__e,e,20260815_211445,244.3679,331.9,i
20260815_211445__0815__junk,junk,20260815_211445,244.5063,,
20260815_211445__0816__u,u,20260815_211445,244.6536,285.67,e
20260815_211445__0817__t,t,20260815_211445,244.8587,205.08,u
20260815_211445__0818__y,y,20260815_211445,245.0233,164.6,t
20260815_211445__0819__g,g,20260815_211445,245.2361,212.83,y
20260815_211445__0820__h,h,20260815_211445,245.465,228.89,g
20260815_211445__0821__j,j,20260815_211445,246.0121,547.14,h
20260815_211445__0822__s,s,20260815_211445,246.253,240.84,j
20260815_211445__0823__junk,junk,20260815_211445,246.438,,
20260815_211445__0824__k,k,20260815_211445,246.5887,335.69,s
20260815_211445__0825__l,l,20260815_211445,246.9069,318.23,k
20260815_211445__0826__a,a,20260815_211445,247.0367,129.8,l
20260815_211445__0827__junk,junk,20260815_211445,247.2441,,
20260815_211445__0828__k,k,20260815_211445,247.4756,438.91,a
20260815_211445__0829__s,s,20260815_211445,247.7425,266.92,k
20260815_211445__0830__0,0,20260815_211445,248.0617,319.23,s
20260815_211445__0831__1,1,20260815_211445,248.2844,222.7,0
20260815_211445__0832__junk,junk,20260815_211445,248.4205,,
20260815_211445__0833__9,9,20260815_211445,248.5775,293.06,1
20260815_211445__0834__2,2,20260815_211445,248.8586,281.11,9
20260815_211445__0835__8,8,20260815_211445,249.1744,315.83,2
20260815_211445__0836__7,7,20260815_211445,249.5619,387.46,8
20260815_211445__0837__5,5,20260815_211445,249.7989,237.01,7
20260815_211445__0838__6,6,20260815_211445,250.0594,260.45,5
20260815_211445__0839__1,1,20260815_211445,250.4671,407.69,6
20260815_211445__0840__junk,junk,20260815_211445,250.5955,,
20260815_211445__0841__0,0,20260815_211445,250.7692,302.11,1
20260815_211445__0842__2,2,20260815_211445,251.0297,260.54,0
20260815_211445__0843__junk,junk,20260815_211445,251.1573,,
20260815_211445__0844__9,9,20260815_211445,251.3258,296.12,2
20260815_211445__0845__8,8,20260815_211445,251.6417,315.85,9
20260815_211445__0846__7,7,20260815_211445,251.9507,309.07,8
20260815_211445__0847__5,5,20260815_211445,252.1819,231.16,7
20260815_211445__0848__6,6,20260815_211445,252.4434,261.45,5
20260815_211445__0849__p,p,20260815_211445,253.2882,844.85,6
20260815_211445__0850__a,a,20260815_211445,253.581,292.77,p
20260815_211445__0851__o,o,20260815_211445,253.8587,277.76,a
20260815_211445__0852__q,q,20260815_211445,254.1037,244.94,o
20260815_211445__0853__i,i,20260815_211445,254.3511,247.46,q
20260815_211445__0854__u,u,20260815_211445,254.6175,266.33,i
20260815_211445__0855__t,t,20260815_211445,254.8699,252.47,u
20260815_211445__0856__y,y,20260815_211445,255.1462,276.3,t
20260815_211445__0857__h,h,20260815_211445,255.4302,283.92,y
20260815_211445__0858___,_,20260815_211445,255.7254,295.22,h
20260815_211445__0859__n,n,20260815_211445,256.1417,416.28,_
20260815_211445__0860___,_,20260815_211445,256.3777,236.05,n
20260815_211445__0861___,_,20260815_211445,256.7453,367.62,_
20260815_211445__0862__n,n,20260815_211445,257.0651,319.82,_
20260815_211445__0863__c,c,20260815_211445,257.3764,311.27,n
20260815_211445__0864__m,m,20260815_211445,257.6441,267.66,c
20260815_211445__0865__junk,junk,20260815_211445,257.7909,,
20260815_211445__0866___,_,20260815_211445,257.9202,276.15,m
20260815_211445__0867__z,z,20260815_211445,258.0902,169.98,_
20260815_211445__0868__junk,junk,20260815_211445,258.22,,
20260815_211445__0869__n,n,20260815_211445,258.3584,268.21,z
20260815_211445__0870__x,x,20260815_211445,258.6167,258.25,n
20260815_211445__0871___,_,20260815_211445,258.8065,189.84,x
20260815_211445__0872__junk,junk,20260815_211445,258.9629,,
20260815_211445__0873__junk,junk,20260815_211445,259.1,,
20260815_211445__0874__junk,junk,20260815_211445,259.3039,,
20260815_211445__0875__junk,junk,20260815_211445,259.4322,,
20260815_211445__0876__n,n,20260815_211445,259.5995,793.02,_
20260815_211445__0877__junk,junk,20260815_211445,259.7254,,
20260815_211445__0878__junk,junk,20260815_211445,259.9146,,
20260815_211445__0879__junk,junk,20260815_211445,260.0434,,
20260815_211445__0880__junk,junk,20260815_211445,260.2178,,
20260815_211445__0881__w,w,20260815_211445,260.4569,857.41,n
20260815_211445__0882__i,i,20260815_211445,260.7195,262.61,w
20260815_211445__0883__q,q,20260815_211445,261.084,364.44,i
20260815_211445__0884__o,o,20260815_211445,261.3215,237.53,q
20260815_211445__0885__w,w,20260815_211445,261.4768,155.28,o
20260815_211445__0886__p,p,20260815_211445,261.67,193.2,w
20260815_211445__0887__o,o,20260815_211445,261.9618,291.79,p
20260815_211445__0888__i,i,20260815_211445,262.2373,275.46,o
20260815_211445__0889__u,u,20260815_211445,262.5022,264.9,i
20260815_211445__0890__junk,junk,20260815_211445,262.6707,,
20260815_211445__0891__t,t,20260815_211445,262.9335,431.36,u
20260815_211445__0892__junk,junk,20260815_211445,263.1357,,
20260815_211445__0893__0,0,20260815_211445,263.4132,479.68,t
20260815_211445__0894__1,1,20260815_211445,263.5581,144.9,0
20260815_211445__0895__junk,junk,20260815_211445,263.6843,,
20260815_211445__0896__9,9,20260815_211445,263.8227,264.56,1
20260815_211445__0897__2,2,20260815_211445,264.0791,256.46,9
20260815_211445__0898__8,8,20260815_211445,264.4018,322.7,2
20260815_211445__0899__7,7,20260815_211445,264.7,298.19,8
20260815_211445__0900__5,5,20260815_211445,264.9834,283.36,7
20260815_211445__0901__6,6,20260815_211445,265.2532,269.89,5
20260815_211445__0902__t,t,20260815_211445,265.4704,217.19,6
20260815_211445__0903__q,q,20260815_211445,265.6815,211.09,t
20260815_211445__0904__y,y,20260815_211445,265.9764,294.9,q
20260815_211445__0905__w,w,20260815_211445,266.2578,281.34,y
20260815_211445__0906__u,u,20260815_211445,266.482,224.26,w
20260815_211445__0907__e,e,20260815_211445,266.8315,349.5,u
20260815_211445__0908__i,i,20260815_211445,267.1518,320.32,e
20260815_211445__0909__junk,junk,20260815_211445,267.6454,,
20260815_211445__0910__p,p,20260815_211445,267.7904,638.57,i
20260815_211445__0911__s,s,20260815_211445,268.0415,251.11,p
20260815_211445__0912__o,o,20260815_211445,268.3658,324.26,s
20260815_211445__0913__i,i,20260815_211445,268.6381,272.29,o
20260815_211445__0914__u,u,20260815_211445,268.9402,302.11,i
20260815_211445__0915__g,g,20260815_211445,269.1736,233.42,u
20260815_211445__0916__y,y,20260815_211445,269.3451,171.45,g
20260815_211445__0917__h,h,20260815_211445,269.7066,361.59,y
20260815_211445__0918__l,l,20260815_211445,270.2427,536.08,h
20260815_211445__0919__s,s,20260815_211445,270.5026,259.86,l
20260815_211445__0920__k,k,20260815_211445,270.7539,251.29,s
20260815_211445__0921__junk,junk,20260815_211445,270.9296,,
20260815_211445__0922__j,j,20260815_211445,271.1776,423.74,k
20260815_211445__0923__junk,junk,20260815_211445,271.3219,,
20260815_211445__0924__h,h,20260815_211445,271.4658,288.16,j
20260815_211445__0925__b,b,20260815_211445,271.7293,263.51,h
20260815_211445__0926___,_,20260815_211445,272.0065,277.21,b
20260815_211445__0927__m,m,20260815_211445,272.6263,619.8,_
20260815_211445__0928__x,x,20260815_211445,272.8296,203.31,m
20260815_211445__0929__n,n,20260815_211445,273.1383,308.66,x
20260815_211445__0930__junk,junk,20260815_211445,273.2642,,
20260815_211445__0931__b,b,20260815_211445,273.4045,266.21,n
20260815_211445__0932__junk,junk,20260815_211445,273.5479,,
20260815_211445__0933__c,c,20260815_211445,273.6946,290.16,b
20260815_211445__0934__v,v,20260815_211445,273.9633,268.64,c
20260815_211445__0935__v,v,20260815_211445,274.2571,293.81,v
20260815_211445__0936__b,b,20260815_211445,274.8344,577.28,v
20260815_211445__0937__x,x,20260815_211445,275.0494,215.06,b
20260815_211445__0938___,_,20260815_211445,275.2852,235.78,x
20260815_211445__0939__junk,junk,20260815_211445,275.4555,,
20260815_211445__0940__b,b,20260815_211445,275.6684,383.2,_
20260815_211445__0941__n,n,20260815_211445,276.1372,468.8,b
20260815_211445__0942__s,s,20260815_211445,276.4159,278.68,n
20260815_211445__0943__j,j,20260815_211445,276.7302,314.29,s
20260815_211445__0944__q,q,20260815_211445,277.1111,380.88,j
20260815_211445__0945__junk,junk,20260815_211445,277.2696,,
20260815_211445__0946__i,i,20260815_211445,277.4211,310,q
20260815_211445__0947__w,w,20260815_211445,277.6416,220.5,i
20260815_211445__0948__o,o,20260815_211445,277.9567,315.15,w
20260815_211445__0949__p,p,20260815_211445,278.2165,259.75,o
20260815_211445__0950__q,q,20260815_211445,278.4728,256.3,p
20260815_211445__0951__o,o,20260815_211445,278.7648,292.04,q
20260815_211445__0952__i,i,20260815_211445,279.0481,283.33,o
20260815_211445__0953__u,u,20260815_211445,279.3006,252.43,i
20260815_211445__0954__t,t,20260815_211445,279.5116,211.04,u
20260815_211445__0955__y,y,20260815_211445,279.7715,259.84,t
20260815_211445__0956__h,h,20260815_211445,280.1492,377.73,y
20260815_211445__0957___,_,20260815_211445,280.431,281.84,h
20260815_211445__0958__h,h,20260815_211445,280.7408,309.75,_
20260815_211445__0959___,_,20260815_211445,280.9808,240.05,h
20260815_211445__0960__h,h,20260815_211445,281.2537,272.86,_
20260815_211445__0961__l,l,20260815_211445,281.8338,580.11,h
20260815_211445__0962__s,s,20260815_211445,282.0715,237.76,l
20260815_211445__0963__k,k,20260815_211445,282.3553,283.79,s
20260815_211445__0964__j,j,20260815_211445,282.6189,263.61,k
20260815_211445__0965__h,h,20260815_211445,283.1427,523.76,j
20260815_211445__0966__g,g,20260815_211445,283.391,248.28,h
20260815_211445__0967__b,b,20260815_211445,283.701,310.07,g
20260815_211445__0968__m,m,20260815_211445,284.241,539.95,b
20260815_211445__0969__x,x,20260815_211445,284.4631,222.09,m
20260815_211445__0970__n,n,20260815_211445,284.7444,281.29,x
20260815_211445__0971__n,n,20260815_211445,285.8729,1128.57,n
20260815_211445__0972__b,b,20260815_211445,286.1756,302.68,n
20260815_211445__0973__v,v,20260815_211445,286.4629,287.32,b
20260815_211445__0974__c,c,20260815_211445,286.6817,218.8,v
20260815_211445__0975___,_,20260815_211445,286.9049,223.17,c
20260815_211445__0976__1,1,20260815_211445,287.4109,505.99,_
20260815_211445__0977__0,0,20260815_211445,287.6786,267.69,1
20260815_211445__0978__p,p,20260815_211445,287.9885,309.91,0
20260815_211445__0979__o,o,20260815_211445,288.2566,268.1,p
20260815_211445__0980__i,i,20260815_211445,288.527,270.43,o
20260815_211445__0981__u,u,20260815_211445,288.8307,303.63,i
20260815_211445__0982__h,h,20260815_211445,289.421,590.29,u
20260815_211445__0983__a,a,20260815_211445,289.6124,191.47,h
20260815_211445__0984__k,k,20260815_211445,289.9753,362.88,a
20260815_211445__0985__l,l,20260815_211445,290.5158,540.48,k
20260815_211445__0986__junk,junk,20260815_211445,290.8534,,
20260815_211445__0987__p,p,20260815_211445,291.0246,508.84,l
20260815_211445__0988__w,w,20260815_211445,291.317,292.38,p
20260815_211445__0989__o,o,20260815_211445,291.5645,247.51,w
20260815_211445__0990__e,e,20260815_211445,291.808,243.51,o
20260815_211445__0991__i,i,20260815_211445,292.1535,345.46,e
20260815_211445__0992__t,t,20260815_211445,292.4805,326.98,i
20260815_211445__0993__u,u,20260815_211445,292.8312,350.77,t
20260815_211445__0994__y,y,20260815_211445,293.1597,328.41,u
20260815_211445__0995__g,g,20260815_211445,293.4691,309.41,y
20260815_211445__0996__h,h,20260815_211445,293.8211,352.04,g
20260815_211445__0997__a,a,20260815_211445,294.0395,218.37,h
20260815_211445__0998__j,j,20260815_211445,294.3248,285.33,a
20260815_211445__0999__k,k,20260815_211445,294.929,604.22,j
20260815_211445__1000__l,l,20260815_211445,295.2601,331.09,k
20260815_211445__1001__s,s,20260815_211445,295.53,269.86,l
20260815_211445__1002__k,k,20260815_211445,295.8381,308.1,s
20260815_211445__1003__f,f,20260815_211445,296.1991,361,k
20260815_211445__1004__j,j,20260815_211445,296.458,258.91,f
20260815_211445__1005__g,g,20260815_211445,296.7548,296.78,j
20260815_211445__1006__h,h,20260815_211445,297.0015,246.69,g
20260815_211445__1007__b,b,20260815_211445,297.3185,317.1,h
20260815_211445__1008___,_,20260815_211445,297.5703,251.75,b
20260815_211445__1009__n,n,20260815_211445,298.0876,517.28,_
20260815_211445__1010__n,n,20260815_211445,298.8721,784.49,n
20260815_211445__1011__b,b,20260815_211445,299.0996,227.57,n
20260815_211445__1012___,_,20260815_211445,299.3718,272.18,b
20260815_211445__1013__a,a,20260815_211445,299.8304,458.62,_
20260815_211445__1014__n,n,20260815_211445,300.1407,310.27,a
20260815_211445__1015__d,d,20260815_211445,300.473,332.34,n
20260815_211445__1016__y,y,20260815_211445,300.6937,220.7,d
20260815_211445__1017___,_,20260815_211445,300.9228,229.05,y
20260815_211445__1018__w,w,20260815_211445,301.1861,263.33,_
20260815_211445__1019__a,a,20260815_211445,301.5324,346.3,w
20260815_211445__1020__g,g,20260815_211445,302.0497,517.28,a
20260815_211445__1021___,_,20260815_211445,302.2976,247.91,g
20260815_211445__1022__a,a,20260815_211445,302.9015,603.9,_
20260815_211445__1023__n,n,20260815_211445,303.1385,236.98,a
20260815_211445__1024__d,d,20260815_211445,303.3256,187.14,n
20260815_211445__1025___,_,20260815_211445,303.9222,596.51,d
20260815_211445__1026__a,a,20260815_211445,304.497,574.83,_
20260815_211445__1027__n,n,20260815_211445,304.7476,250.59,a
20260815_211445__1028__g,g,20260815_211445,305.0393,291.75,n
20260815_211445__1029___,_,20260815_211445,305.3919,352.54,g
20260815_211445__1030__h,h,20260815_211445,305.7588,366.98,_
20260815_211445__1031__e,e,20260815_211445,306.4238,664.97,h
20260815_211445__1032___,_,20260815_211445,306.6992,275.42,e
20260815_211445__1033__f,f,20260815_211445,307.0061,306.85,_
20260815_211445__1034__o,o,20260815_211445,307.3171,311.02,f
20260815_211445__1035___,_,20260815_211445,307.7686,451.47,o
20260815_211445__1036__j,j,20260815_211445,308.0003,231.77,_
20260815_211445__1037__u,u,20260815_211445,308.341,340.7,j
20260815_211445__1038__m,m,20260815_211445,308.6228,281.75,u
20260815_211445__1039__e,e,20260815_211445,309.1127,489.95,m
20260815_211445__1040__d,d,20260815_211445,309.4007,287.98,e
20260815_211445__1041___,_,20260815_211445,309.6478,247.12,d
20260815_211445__1042__o,o,20260815_211445,309.8644,216.55,_
20260815_211445__1043__v,v,20260815_211445,310.1809,316.51,o
20260815_211445__1044__e,e,20260815_211445,310.4517,270.84,v
20260815_211445__1045__r,r,20260815_211445,310.685,233.22,e
20260815_211445__1046___,_,20260815_211445,310.948,263.04,r
20260815_211445__1047__h,h,20260815_211445,311.5326,584.56,_
20260815_211445__1048__e,e,20260815_211445,311.8532,320.66,h
20260815_211445__1049___,_,20260815_211445,312.1954,342.15,e
20260815_211445__1050__r,r,20260815_211445,312.5212,325.8,_
20260815_211445__1051__u,u,20260815_211445,312.8404,319.25,r
20260815_211445__1052__n,n,20260815_211445,313.2124,372.02,u
20260815_211445__1053__n,n,20260815_211445,313.7929,580.5,n
20260815_211445__1054__i,i,20260815_211445,314.0988,305.83,n
20260815_211445__1055__n,n,20260815_211445,314.3685,269.75,i
20260815_211445__1056__g,g,20260815_211445,314.6133,244.78,n
20260815_211445__1057___,_,20260815_211445,314.9024,289.14,g
20260815_211445__1058__t,t,20260815_211445,315.1852,282.79,_
20260815_211445__1059__h,h,20260815_211445,315.4198,234.54,t
20260815_211445__1060__e,e,20260815_211445,315.7521,332.34,h
20260815_211445__1061___,_,20260815_211445,316.0004,248.25,e
20260815_211445__1062__n,n,20260815_211445,316.8844,884.01,_
20260815_211445__1063___,_,20260815_211445,317.1154,230.98,n
20260815_211445__1064__h,h,20260815_211445,317.4183,302.9,_
20260815_211445__1065__g,g,20260815_211445,317.6885,270.23,h
20260815_211445__1066__g,g,20260815_211445,317.9607,272.22,g
20260815_211445__1067__s,s,20260815_211445,318.3248,364.06,g
20260815_211445__1068__d,d,20260815_211445,318.6771,352.34,s
20260815_211445__1069__g,g,20260815_211445,318.9211,243.99,d
20260815_211445__1070__f,f,20260815_211445,319.2074,286.35,g
20260815_211445__1071__h,h,20260815_211445,319.4587,251.25,f
20260815_211445__1072__l,l,20260815_211445,320.0268,568.16,h
20260815_211445__1073__s,s,20260815_211445,320.2876,260.73,l
20260815_211445__1074__k,k,20260815_211445,320.6245,336.92,s
20260815_211445__1075__1,1,20260815_211445,321.1243,499.77,k
20260815_211445__1076__0,0,20260815_211445,321.4117,287.44,1
20260815_211445__1077__2,2,20260815_211445,321.6763,264.58,0
20260815_211445__1078__9,9,20260815_211445,321.9545,278.25,2
20260815_211445__1079__8,8,20260815_211445,322.248,293.42,9
20260815_211445__1080__3,3,20260815_211445,322.4989,250.95,8
20260815_211445__1081__7,7,20260815_211445,322.7925,293.61,3
20260815_211445__1082__4,4,20260815_211445,323.0564,263.85,7
20260815_211445__1083__6,6,20260815_211445,323.2707,214.35,4
20260815_211445__1084__4,4,20260815_211445,323.9678,697.1,6
20260815_211445__1085__5,5,20260815_211445,324.2484,280.59,4
20260815_211445__1086__4,4,20260815_211445,324.6104,361.97,5
20260815_211445__1087__6,6,20260815_211445,324.8764,266.01,4
20260815_211445__1088__4,4,20260815_211445,325.1775,301.07,6
20260815_211445__1089__0,0,20260815_211445,325.514,336.55,4
20260815_211445__1090__1,1,20260815_211445,325.7765,262.52,0
20260815_211445__1091__junk,junk,20260815_211445,325.9053,,
20260815_211445__1092__p,p,20260815_211445,326.1742,397.71,1
20260815_211445__1093__o,o,20260815_211445,326.4334,259.14,p
20260815_211445__1094__q,q,20260815_211445,326.6482,214.78,o
20260815_211445__1095__i,i,20260815_211445,326.9659,317.69,q
20260815_211445__1096__w,w,20260815_211445,327.2107,244.85,i
20260815_211445__1097__u,u,20260815_211445,327.4966,285.9,w
20260815_211445__1098__t,t,20260815_211445,327.6961,199.5,u
20260815_211445__1099__y,y,20260815_211445,327.988,291.86,t
20260815_211445__1100__g,g,20260815_211445,328.2567,268.78,y
20260815_211445__1101__h,h,20260815_211445,328.5733,316.55,g
20260815_211445__1102__j,j,20260815_211445,328.8973,324.04,h
20260815_211445__1103__d,d,20260815_211445,329.166,268.66,j
20260815_211445__1104__k,k,20260815_211445,329.4938,327.8,d
20260815_211445__1105__a,a,20260815_211445,329.6973,203.56,k
20260815_211445__1106__junk,junk,20260815_211445,329.8225,,
20260815_211445__1107__l,l,20260815_211445,330.0192,321.81,a
20260815_211445__1108__s,s,20260815_211445,330.5308,511.68,l
20260815_211445__1109__k,k,20260815_211445,330.8426,311.75,s
20260815_211445__1110___,_,20260815_211445,331.1037,261.16,k
20260815_211445__1111__n,n,20260815_211445,331.7943,690.59,_
20260815_211445__1112__b,b,20260815_211445,332.1009,306.58,n
20260815_211445__1113__v,v,20260815_211445,332.3713,270.36,b
20260815_211445__1114__b,b,20260815_211445,332.6758,304.51,v
20260815_211445__1115__c,c,20260815_211445,332.9383,262.49,b
20260815_211445__1116___,_,20260815_211445,333.1908,252.56,c
20260815_211445__1117__b,b,20260815_211445,333.4543,263.47,_
20260815_211445__1118___,_,20260815_211445,333.735,280.73,b
20260815_212216__0000__t,t,20260815_212216,1.0895,,
20260815_212216__0001__y,y,20260815_212216,1.3555,266.01,t
20260815_212216__0002__p,p,20260815_212216,1.7086,353.15,y
20260815_212216__0003__e,e,20260815_212216,1.9903,281.68,p
20260815_212216__0004__t,t,20260815_212216,2.3303,340,e
20260815_212216__0005__h,h,20260815_212216,2.5891,258.75,t
20260815_212216__0006__e,e,20260815_212216,2.8914,302.31,h
20260815_212216__0007__s,s,20260815_212216,3.1925,301.09,e
20260815_212216__0008__t,t,20260815_212216,3.4398,247.28,s
20260815_212216__0009__r,r,20260815_212216,3.8076,367.8,t
20260815_212216__0010__i,i,20260815_212216,4.065,257.41,r
20260815_212216__0011__n,n,20260815_212216,4.3094,244.47,i
20260815_212216__0012__g,g,20260815_212216,4.559,249.57,n
20260815_212216__0013__b,b,20260815_212216,4.8167,257.69,g
20260815_212216__0014__e,e,20260815_212216,5.1375,320.79,b
20260815_212216__0015__l,l,20260815_212216,5.4937,356.17,e
20260815_212216__0016__o,o,20260815_212216,5.8198,326.19,l
20260815_212216__0017__w,w,20260815_212216,6.3241,504.26,o
20260815_212216__0018__t,t,20260815_212216,7.4534,1129.34,w
20260815_212216__0019__i,i,20260815_212216,7.7509,297.48,t
20260815_212216__0020__p,p,20260815_212216,8.0675,316.53,i
20260815_212216__0021__t,t,20260815_212216,8.3891,321.61,p
20260815_212216__0022__y,y,20260815_212216,8.663,273.9,t
20260815_212216__0023__e,e,20260815_212216,8.9915,328.53,y
20260815_212216__0024__d,d,20260815_212216,9.4325,440.98,e
20260815_212216__0025__e,e,20260815_212216,9.6571,224.65,d
20260815_212216__0026__l,l,20260815_212216,9.8432,186.12,e
20260815_212216__0027__i,i,20260815_212216,10.1114,268.14,l
20260815_212216__0028__e,e,20260815_212216,10.7611,649.71,i
20260815_212216__0029__r,r,20260815_212216,11.0905,329.37,e
20260815_212216__0030__a,a,20260815_212216,11.8137,723.2,r
20260815_212216__0031__t,t,20260815_212216,12.0543,240.68,a
20260815_212216__0032__e,e,20260815_212216,12.3322,277.82,t
20260815_212216__0033__l,l,20260815_212216,12.6273,295.1,e
20260815_212216__0034__y,y,20260815_212216,12.9605,333.2,l
20260815_212216__0035__a,a,20260815_212216,14.2044,1243.9,y
20260815_212216__0036__q,q,20260815_212216,16.3275,2123.13,a
20260815_212216__0037__w,w,20260815_212216,17.3339,1006.37,q
20260815_212216__0038__i,i,20260815_212216,17.6473,313.49,w
20260815_212216__0039__a,a,20260815_212216,19.4305,1783.15,i
20260815_212216__0040__4,4,20260815_212216,24.7149,5284.42,a
20260815_212216__0041__2,2,20260815_212216,26.101,1386.12,4
20260815_212216__0042__1,1,20260815_212216,26.7738,672.77,2
20260815_212216__0043__d,d,20260815_212216,28.2472,1473.4,1
20260815_212216__0044__x,x,20260815_212216,29.5211,1273.9,d
20260815_212216__0045__c,c,20260815_212216,30.793,1271.88,x
20260815_212216__0046__w,w,20260815_212216,34.862,4069.05,c
20260815_212216__0047__q,q,20260815_212216,35.5174,655.4,w
20260815_212216__0048__a,a,20260815_212216,36.1732,655.74,q
20260815_212216__0049__d,d,20260815_212216,39.036,2862.81,a
20260815_212216__0050__c,c,20260815_212216,40.4327,1396.69,d
20260815_212216__0051___,_,20260815_212216,43.5021,3069.41,c
20260815_212216__0052__d,d,20260815_212216,44.2354,733.27,_
20260815_212216__0053__c,c,20260815_212216,45.9897,1754.33,d
20260815_212216__0054__u,u,20260815_212216,49.8101,3820.43,c
20260815_212216__0055___,_,20260815_212216,51.2733,1463.22,u
20260815_212216__0056__a,a,20260815_212216,52.0359,762.56,_
20260815_212216__0057__z,z,20260815_212216,54.4676,2431.68,a
20260815_212216__0058__g,g,20260815_212216,55.0675,599.91,z
20260815_212216__0059__6,6,20260815_212216,56.4868,1419.37,g
20260815_212216__0060__7,7,20260815_212216,56.7234,236.55,6
20260815_212216__0061__2,2,20260815_212216,57.7019,978.5,7
20260815_212216__0062__1,1,20260815_212216,57.9746,272.7,2
20260815_212216__0063__junk,junk,20260815_212216,58.1243,,
20260815_212216__0064__3,3,20260815_212216,58.3561,381.5,1
20260815_212216__0065__3,3,20260815_212216,59.4959,1139.82,3
20260815_212216__0066__d,d,20260815_212216,60.7399,1243.97,3
20260815_212216__0067__j,j,20260815_212216,61.0438,303.9,d
20260815_212216__0068__k,k,20260815_212216,61.3542,310.43,j
20260815_212216__0069__e,e,20260815_212216,61.6452,291,k
20260815_212216__0070__l,l,20260815_212216,61.9366,291.36,e
20260815_212216__0071__w,w,20260815_212216,62.1748,238.23,l
20260815_212216__0072__o,o,20260815_212216,62.5156,340.79,w
20260815_212216__0073__a,a,20260815_212216,62.8027,287.14,o
20260815_212216__0074__p,p,20260815_212216,63.0995,296.76,a
20260815_212216__0075__s,s,20260815_212216,63.3894,289.89,p
20260815_212216__0076__k,k,20260815_212216,63.6946,305.17,s
20260815_212216__0077__c,c,20260815_212216,63.9562,261.68,k
20260815_212216__0078__m,m,20260815_212216,64.2735,317.23,c
20260815_212216__0079__d,d,20260815_212216,64.5111,237.64,m
20260815_212216__0080__l,l,20260815_212216,64.8414,330.27,d
20260815_212216__0081__e,e,20260815_212216,65.1202,278.82,l
20260815_212216__0082__r,r,20260815_212216,65.4229,302.65,e
20260815_212216__0083__o,o,20260815_212216,65.7092,286.35,r
20260815_212216__0084__b,b,20260815_212216,65.9936,284.38,o
20260815_212216__0085__d,d,20260815_212216,66.5959,602.31,b
20260815_212216__0086__g,g,20260815_212216,68.392,1796.15,d
20260815_212216__0087__e,e,20260815_212216,68.9304,538.37,g
20260815_212216__0088__y,y,20260815_212216,69.5229,592.45,e
20260815_212216__0089__g,g,20260815_212216,69.8337,310.86,y
20260815_212216__0090__h,h,20260815_212216,70.1545,320.82,g
20260815_212216__0091__i,i,20260815_212216,71.6733,1518.8,h
20260815_212216__0092__g,g,20260815_212216,72.2241,550.75,i
20260815_212216__0093__r,r,20260815_212216,72.5032,279.12,g
20260815_212216__0094__a,a,20260815_212216,72.8189,315.74,r
20260815_212216__0095__d,d,20260815_212216,73.4238,604.88,a
20260815_212216__0096__w,w,20260815_212216,74.3541,930.32,d
20260815_212216__0097__o,o,20260815_212216,74.6375,283.38,w
20260815_212216__0098__r,r,20260815_212216,74.8815,244.04,o
20260815_212216__0099__d,d,20260815_212216,75.1784,296.89,r
20260815_212216__0100__s,s,20260815_212216,75.4898,311.34,d
20260815_212216__0101__f,f,20260815_212216,75.7977,307.89,s
20260815_212216__0102__r,r,20260815_212216,76.367,569.37,f
20260815_212216__0103__f,f,20260815_212216,76.6431,276.08,r
20260815_212216__0104__n,n,20260815_212216,77.2222,579.09,f
20260815_212216__0105__a,a,20260815_212216,77.4993,277.1,n
20260815_212216__0106__n,n,20260815_212216,77.8193,319.95,a
20260815_212216__0107__d,d,20260815_212216,78.0717,252.49,n
20260815_212216__0108__d,d,20260815_212216,78.6195,547.76,d
20260815_212216__0109__r,r,20260815_212216,78.861,241.52,d
20260815_212216__0110__n,n,20260815_212216,79.4278,566.8,r
20260815_212216__0111__k,k,20260815_212216,79.7373,309.48,n
20260815_212216__0112__i,i,20260815_212216,80.0611,323.81,k
20260815_212216__0113__n,n,20260815_212216,80.2933,232.18,i
20260815_212216__0114__g,g,20260815_212216,80.5294,236.08,n
20260815_212216__0115__w,w,20260815_212216,80.9554,426.08,g
20260815_212216__0116__a,a,20260815_212216,81.2318,276.33,w
20260815_212216__0117__t,t,20260815_212216,81.4983,266.49,a
20260815_212216__0118__e,e,20260815_212216,81.7937,295.46,t
20260815_212216__0119__r,r,20260815_212216,82.0739,280.16,e
20260815_212216__0120___,_,20260815_212216,82.7799,706.03,r
20260815_212216__0121__b,b,20260815_212216,83.2407,460.79,_
20260815_212216__0122__c,c,20260815_212216,83.7712,530.45,b
20260815_212216__0123__junk,junk,20260815_212216,84.1218,,
20260815_212216__0124__u,u,20260815_212216,84.3923,621.13,c
20260815_212216__0125__i,i,20260815_212216,85.3608,968.53,u
20260815_212216__0126__t,t,20260815_212216,85.6522,291.43,i
20260815_212216__0127__i,i,20260815_212216,85.9798,327.55,t
20260815_212216__0128__s,s,20260815_212216,86.2735,293.74,i
20260815_212216__0129__f,f,20260815_212216,86.7109,437.32,s
20260815_212216__0130__u,u,20260815_212216,87.0306,319.73,f
20260815_212216__0131__n,n,20260815_212216,87.3716,341,u
20260815_212216__0132__a,a,20260815_212216,87.7169,345.31,n
20260815_212216__0133__n,n,20260815_212216,87.9156,198.71,a
20260815_212216__0134__d,d,20260815_212216,88.1916,275.99,n
20260815_212216__0135__b,b,20260815_212216,88.4843,292.68,d
20260815_212216__0136__l,l,20260815_212216,89.1627,678.39,b
20260815_212216__0137__p,p,20260815_212216,89.48,317.3,l
20260815_212216__0138__o,o,20260815_212216,89.7655,285.51,p
20260815_212216__0139__q,q,20260815_212216,90.0882,322.7,o
20260815_212216__0140__a,a,20260815_212216,90.3802,292.04,q
20260815_212216__0141__l,l,20260815_212216,90.6684,288.23,a
20260815_212216__0142__q,q,20260815_212216,91.0866,418.12,l
20260815_212216__0143__i,i,20260815_212216,91.712,625.49,q
20260815_212216__0144__r,r,20260815_212216,92.0139,301.88,i
20260815_212216__0145__k,k,20260815_212216,92.3222,308.3,r
20260815_212216__0146__y,y,20260815_212216,92.6103,288.07,k
20260815_212216__0147__z,z,20260815_212216,93.9246,1314.33,y
20260815_212216__0148__a,a,20260815_212216,94.2419,317.3,z
20260815_212216__0149__z,z,20260815_212216,94.5185,276.6,a
20260815_212216__0150__z,z,20260815_212216,94.8274,308.89,z
20260815_212216__0151__l,l,20260815_212216,95.2167,389.27,z
20260815_212216__0152__x,x,20260815_212216,95.5197,302.97,l
20260815_212216__0153__o,o,20260815_212216,95.8129,293.22,x
20260815_212216__0154__c,c,20260815_212216,96.0876,274.76,o
20260815_212216__0155__m,m,20260815_212216,96.3921,304.42,c
20260815_212216__0156__v,v,20260815_212216,96.6771,284.99,m
20260815_212216__0157__n,n,20260815_212216,97.0119,334.88,v
20260815_212216__0158__f,f,20260815_212216,97.2771,265.22,n
20260815_212216__0159__h,h,20260815_212216,97.6056,328.5,f
20260815_212216__0160__g,g,20260815_212216,97.8712,265.53,h
20260815_212216__0161__y,y,20260815_212216,98.1968,325.62,g
20260815_212216__0162__w,w,20260815_212216,98.4589,262.06,y
20260815_212216__0163__9,9,20260815_212216,98.7958,336.89,w
20260815_212216__0164__2,2,20260815_212216,99.0645,268.78,9
20260815_212216__0165__0,0,20260815_212216,99.4011,336.58,2
20260815_212216__0166__1,1,20260815_212216,99.6989,297.78,0
20260815_212216__0167__3,3,20260815_212216,100.2468,547.89,1
20260815_212216__0168__7,7,20260815_212216,100.5613,314.54,3
20260815_212216__0169__f,f,20260815_212216,101.3451,783.79,7
20260815_212216__0170__j,j,20260815_212216,101.6657,320.59,f
20260815_212216__0171__e,e,20260815_212216,101.9066,240.86,j
20260815_212216__0172__8,8,20260815_212216,102.2018,295.22,e
20260815_212216__0173__3,3,20260815_212216,102.4832,281.43,8
20260815_212216__0174__k,k,20260815_212216,102.7902,307.01,3
20260815_212216__0175__q,q,20260815_212216,103.0885,298.25,k
20260815_212216__0176__p,p,20260815_212216,103.2135,125.01,q
20260815_212216__0177__w,w,20260815_212216,103.6672,453.72,p
20260815_212216__0178__e,e,20260815_212216,104.2733,606.12,w
20260815_212216__0179__d,d,20260815_212216,104.8499,576.58,e
20260815_212216__0180__k,k,20260815_212216,105.1681,318.21,d
20260815_212216__0181__z,z,20260815_212216,105.475,306.94,k
20260815_212216__0182__m,m,20260815_212216,105.792,316.98,z
20260815_212216__0183__c,c,20260815_212216,106.1074,315.37,m
20260815_212216__0184__7,7,20260815_212216,106.4145,307.1,c
20260815_212216__0185__e,e,20260815_212216,106.721,306.55,7
20260815_212216__0186__j,j,20260815_212216,107.0472,326.17,e
20260815_212216__0187__f,f,20260815_212216,107.3224,275.19,j
20260815_212216__0188__h,h,20260815_212216,107.5786,256.21,f
20260815_212216__0189__g,g,20260815_212216,107.8699,291.27,h
20260815_212216__0190__i,i,20260815_212216,108.2081,338.25,g
20260815_212216__0191__3,3,20260815_212216,108.4906,282.47,i
20260815_212216__0192__9,9,20260815_212216,108.8182,327.57,3
20260815_212216__0193__w,w,20260815_212216,109.074,255.78,9
20260815_212216__0194__a,a,20260815_212216,109.7106,636.64,w
20260815_212216__0195__o,o,20260815_212216,110.0239,313.27,a
20260815_212216__0196__s,s,20260815_212216,110.3259,302.02,o
20260815_212216__0197__l,l,20260815_212216,110.6499,323.97,s
20260815_212216__0198__e,e,20260815_212216,110.9043,254.44,l
20260815_212216__0199__k,k,20260815_212216,111.2329,328.55,e
20260815_212216__0200__g,g,20260815_212216,111.6536,420.7,k
20260815_212216__0201__h,h,20260815_212216,111.9432,289.68,g
20260815_212216__0202__d,d,20260815_212216,112.2408,297.6,h
20260815_212216__0203__m,m,20260815_212216,112.5718,330.98,d
20260815_212216__0204__c,c,20260815_212216,112.8093,237.51,m
20260815_212216__0205__z,z,20260815_212216,113.409,599.64,c
20260815_212216__0206__5,5,20260815_212216,115.1482,1739.25,z
20260815_212216__0207__e,e,20260815_212216,115.4185,270.25,5
20260815_212216__0208__q,q,20260815_212216,116.8316,1413.17,e
20260815_212216__0209__a,a,20260815_212216,118.8395,2007.89,q
20260815_212216__0210___,_,20260815_212216,119.9904,1150.86,a
20260815_212216__0211__l,l,20260815_212216,120.3273,336.89,_
20260815_212216__0212__e,e,20260815_212216,120.6422,314.97,l
20260815_212216__0213__c,c,20260815_212216,121.7734,1131.16,e
20260815_212216__0214__n,n,20260815_212216,122.4258,652.38,c
20260815_212216__0215__w,w,20260815_212216,124.0327,1606.89,n
20260815_212216__0216__junk,junk,20260815_212216,128.0238,,
20260815_212216__0217__k,k,20260815_212216,128.5494,4516.69,w
20260815_212216__0218__d,d,20260815_212216,128.8215,272.13,k
20260815_212216__0219__c,c,20260815_212216,129.4639,642.4,d
20260815_212216__0220__m,m,20260815_212216,129.775,311.09,c
20260815_212216__0221__i,i,20260815_212216,131.4399,1664.92,m
20260815_212216__0222__c,c,20260815_212216,131.6977,257.76,i
20260815_212216__0223__w,w,20260815_212216,132.3008,603.13,c
20260815_212216__0224__q,q,20260815_212216,132.5536,252.83,w
20260815_212216__0225__s,s,20260815_212216,132.8432,289.57,q
20260815_212216__0226__a,a,20260815_212216,133.4536,610.39,s
20260815_212216__0227__a,a,20260815_212216,133.728,274.38,a
20260815_212216__0228__p,p,20260815_212216,133.8671,139.14,a
20260815_212216__0229__z,z,20260815_212216,134.3551,488.03,p
20260815_212216__0230__o,o,20260815_212216,134.6578,302.63,z
20260815_212216__0231__d,d,20260815_212216,135.2966,638.8,o
20260815_212216__0232__m,m,20260815_212216,135.5404,243.83,d
20260815_212216__0233__i,i,20260815_212216,136.2108,670.43,m
20260815_212216__0234__e,e,20260815_212216,139.1142,2903.42,i
20260815_212216__0235__i,i,20260815_212216,139.7405,626.24,e
20260815_212216__0236__f,f,20260815_212216,140.0037,263.24,i
20260815_212216__0237__n,n,20260815_212216,140.2856,281.93,f
20260815_212216__0238__junk,junk,20260815_212216,140.4453,,
20260815_212216__0239__g,g,20260815_212216,140.5743,288.68,n
20260815_212216__0240__e,e,20260815_212216,141.1529,578.53,g
20260815_212216__0241__p,p,20260815_212216,141.7209,568,e
20260815_212216__0242__d,d,20260815_212216,141.9632,242.34,p
20260815_212216__0243__h,h,20260815_212216,142.299,335.78,d
20260815_212216__0244__g,g,20260815_212216,142.5936,294.65,h
20260815_212216__0245__i,i,20260815_212216,143.4882,894.58,g
20260815_212216__0246__r,r,20260815_212216,143.7536,265.35,i
20260815_212216__0247__k,k,20260815_212216,144.0693,315.69,r
20260815_212216__0248__d,d,20260815_212216,144.2335,164.26,k
20260815_212216__0249__junk,junk,20260815_212216,144.3782,,
20260815_212216__0250__junk,junk,20260815_212216,144.5047,,
20260815_212216__0251__l,l,20260815_212216,144.701,467.46,d
20260815_212216__0252__s,s,20260815_212216,144.9542,253.27,l
20260815_212216__0253__m,m,20260815_212216,145.2593,305.1,s
20260815_212216__0254__a,a,20260815_212216,145.5347,275.33,m
20260815_212216__0255__n,n,20260815_212216,145.8217,287.07,a
20260815_212216__0256__i,i,20260815_212216,146.4597,637.91,n
20260815_212216__0257__r,r,20260815_212216,146.7132,253.51,i
20260815_212216__0258__h,h,20260815_212216,147.0367,323.54,r
20260815_212216__0259__junk,junk,20260815_212216,147.5075,,
20260815_212216__0260__u,u,20260815_212216,147.6449,608.23,h
20260815_212216__0261__r,r,20260815_212216,147.945,300.02,u
20260815_212216__0262__o,o,20260815_212216,148.25,305.06,r
20260815_212216__0263__e,e,20260815_212216,148.5047,254.67,o
20260815_212216__0264__p,p,20260815_212216,148.8112,306.55,e
20260815_212216__0265__l,l,20260815_212216,149.1018,290.52,p
20260815_212216__0266__d,d,20260815_212216,149.3697,267.89,l
20260815_212216__0267__k,k,20260815_212216,149.7655,395.83,d
20260815_212216__0268__u,u,20260815_212216,150.35,584.54,k
20260815_212216__0269__junk,junk,20260815_212216,150.4777,,
20260815_212216__0270__d,d,20260815_212216,151.4194,1069.41,u
20260815_212216__0271__l,l,20260815_212216,151.7192,299.77,d
20260815_212216__0272__s,s,20260815_212216,151.9602,240.95,l
20260815_212216__0273__c,c,20260815_212216,152.8072,847.07,s
20260815_212216__0274__n,n,20260815_212216,153.1167,309.43,c
20260815_212216__0275__a,a,20260815_212216,154.3121,1195.4,n
20260815_212216__0276__h,h,20260815_212216,155.474,1161.97,a
20260815_212216__0277__t,t,20260815_212216,156.3295,855.49,h
20260815_212216__0278__k,k,20260815_212216,157.8217,1492.15,t
20260815_212216__0279__h,h,20260815_212216,158.3325,510.84,k
20260815_212216__0280__w,w,20260815_212216,159.5366,1204.04,h
20260815_212216__0281__m,m,20260815_212216,160.665,1128.48,w
20260815_212216__0282__s,s,20260815_212216,161.0134,348.37,m
20260815_212216__0283__n,n,20260815_212216,161.2051,191.72,s
20260815_212216__0284__h,h,20260815_212216,161.8561,651.02,n
20260815_212216__0285__q,q,20260815_212216,162.7536,897.48,h
20260815_212216__0286__o,o,20260815_212216,163.0988,345.15,q
20260815_212216__0287__w,w,20260815_212216,163.348,249.27,o
20260815_212216__0288__l,l,20260815_212216,163.6863,338.3,w
20260815_212216__0289__s,s,20260815_212216,163.9685,282.11,l
20260815_212216__0290__k,k,20260815_212216,164.2666,298.1,s
20260815_212216__0291__d,d,20260815_212216,164.5583,291.75,k
20260815_212216__0292__5,5,20260815_212216,164.8723,314.01,d
20260815_212216__0293__3,3,20260815_212216,165.128,255.71,5
20260815_212216__0294__6,6,20260815_212216,165.4484,320.41,3
20260815_212216__0295___,_,20260815_212216,165.6861,237.64,6
20260815_212216__0296__7,7,20260815_212216,166.0075,321.45,_
20260815_212216__0297__3,3,20260815_212216,166.318,310.52,7
20260815_212216__0298__8,8,20260815_212216,166.6038,285.76,3
20260815_212216__0299___,_,20260815_212216,166.863,259.21,8
20260815_212216__0300__9,9,20260815_212216,167.2247,361.72,_
20260815_212216__0301__a,a,20260815_212216,167.5481,323.38,9
20260815_212216__0302__k,k,20260815_212216,167.8649,316.83,a
20260815_212216__0303__d,d,20260815_212216,168.1188,253.83,k
20260815_212216__0304__m,m,20260815_212216,168.4497,330.93,d
20260815_212216__0305__e,e,20260815_212216,168.7249,275.19,m
20260815_212216__0306__n,n,20260815_212216,169.0497,324.78,e
20260815_212216__0307__c,c,20260815_212216,169.3226,272.93,n
20260815_212216__0308__h,h,20260815_212216,169.6282,305.6,c
20260815_212216__0309__r,r,20260815_212216,169.8814,253.22,h
20260815_212216__0310__o,o,20260815_212216,170.2188,337.37,r
20260815_212216__0311__d,d,20260815_212216,170.4732,254.4,o
20260815_212216__0312__p,p,20260815_212216,170.7983,325.1,d
20260815_212216__0313__s,s,20260815_212216,171.0617,263.42,p
20260815_212216__0314__0,0,20260815_212216,171.365,303.29,s
20260815_212216__0315__a,a,20260815_212216,171.6546,289.55,0
20260815_212216__0316__1,1,20260815_212216,171.9749,320.29,a
20260815_212216__0317__2,2,20260815_212216,172.2576,282.74,1
20260815_212216__0318__l,l,20260815_212216,172.5359,278.34,2
20260815_212216__0319__k,k,20260815_212216,172.8174,281.43,l
20260815_212216__0320__e,e,20260815_212216,173.0714,253.99,k
20260815_212216__0321__m,m,20260815_212216,173.3963,324.94,e
20260815_212216__0322__c,c,20260815_212216,173.6329,236.55,m
20260815_212216__0323__junk,junk,20260815_212216,173.7711,,
20260815_212216__0324__n,n,20260815_212216,173.9467,313.81,c
20260815_212216__0325__d,d,20260815_212216,174.2123,265.67,n
20260815_212216__0326__junk,junk,20260815_212216,174.3683,,
20260815_212216__0327__o,o,20260815_212216,174.5577,345.37,d
20260815_212216__0328__s,s,20260815_212216,174.8713,313.56,o
20260815_212216__0329__p,p,20260815_212216,175.1862,314.94,s
20260815_212216__0330__e,e,20260815_212216,175.4688,282.54,p
20260815_212216__0331__junk,junk,20260815_212216,175.6246,,
20260815_212216__0332__g,g,20260815_212216,175.8144,345.69,e
20260815_212216__0333__h,h,20260815_212216,176.1332,318.8,g
20260815_212216__0334__d,d,20260815_212216,176.4301,296.87,h
20260815_212216__0335__i,i,20260815_212216,176.7476,317.48,d
20260815_212216__0336__r,r,20260815_212216,177.0204,272.77,i
20260815_212216__0337__j,j,20260815_212216,177.3295,309.14,r
20260815_212216__0338__f,f,20260815_212216,177.6108,281.32,j
20260815_212216__0339__8,8,20260815_212216,177.9507,339.91,f
20260815_212216__0340__3,3,20260815_212216,178.2396,288.89,8
20260815_212216__0341__k,k,20260815_212216,178.5557,316.1,3
20260815_212216__0342__a,a,20260815_212216,178.8371,281.38,k
20260815_212216__0343__l,l,20260815_212216,179.182,344.92,a
20260815_212216__0344__c,c,20260815_212216,179.4342,252.18,l
20260815_212216__0345__m,m,20260815_212216,179.785,350.79,c
20260815_212216__0346__v,v,20260815_212216,180.0308,245.83,m
20260815_212216__0347__n,n,20260815_212216,180.3932,362.34,v
20260815_212216__0348__e,e,20260815_212216,180.6704,277.23,n
20260815_212216__0349__g,g,20260815_212216,180.9591,288.68,e
20260815_212216__0350__r,r,20260815_212216,181.2941,335.03,g
20260815_212216__0351__t,t,20260815_212216,181.6281,333.97,r
20260815_212216__0352__y,y,20260815_212216,181.9237,295.58,t
20260815_212216__0353__z,z,20260815_212216,182.2118,288.16,y
20260815_212216__0354__a,a,20260815_212216,182.4882,276.39,z
20260815_212216__0355__s,s,20260815_212216,182.769,280.77,a
20260815_212216__0356__l,l,20260815_212216,183.1046,335.67,s
20260815_212216__0357__q,q,20260815_212216,183.3878,283.13,l
20260815_212216__0358__o,o,20260815_212216,183.7348,347.01,q
20260815_212216__0359__junk,junk,20260815_212216,183.8599,,
20260815_212216__0360__w,w,20260815_212216,183.9864,251.59,o
20260815_212216__0361__p,p,20260815_212216,184.3146,328.25,w
20260815_212216__0362__e,e,20260815_212216,184.5847,270.11,p
20260815_212216__0363__k,k,20260815_212216,184.9082,323.49,e
20260815_212216__0364__f,f,20260815_212216,185.1728,264.6,k
20260815_212216__0365__g,g,20260815_212216,185.4671,294.31,f
20260815_212216__0366__h,h,20260815_212216,185.7797,312.54,g
20260815_212216__0367__junk,junk,20260815_212216,185.911,,
20260815_212216__0368__j,j,20260815_212216,186.0838,304.15,h
20260815_212216__0369__junk,junk,20260815_212216,186.2146,,
20260815_212216__0370__c,c,20260815_212216,186.3796,295.78,j
20260815_212216__0371__n,n,20260815_212216,186.6787,299.09,c
20260815_212216__0372__junk,junk,20260815_212216,186.8102,,
20260815_212216__0373__v,v,20260815_212216,186.9678,289.05,n
20260815_212216__0374__m,m,20260815_212216,187.2677,299.95,v
20260815_212216__0375__f,f,20260815_212216,187.5318,264.1,m
20260815_212216__0376__i,i,20260815_212216,187.8559,324.08,f
20260815_212216__0377__r,r,20260815_212216,188.127,271.13,i
20260815_212216__0378__u,u,20260815_212216,188.4689,341.88,r
20260815_212216__0379__junk,junk,20260815_212216,188.5951,,
20260815_212216__0380__8,8,20260815_212216,188.7498,280.86,u
20260815_212216__0381__9,9,20260815_212216,189.05,300.25,8
20260815_212216__0382__junk,junk,20260815_212216,189.1755,,
20260815_212216__0383__0,0,20260815_212216,189.3291,279.07,9
20260815_212216__0384__5,5,20260815_212216,189.6131,283.97,0
20260815_212216__0385__6,6,20260815_212216,189.9133,300.27,5
20260815_212216__0386__junk,junk,20260815_212216,190.0544,,
20260815_212216__0387__7,7,20260815_212216,190.193,279.68,6
20260815_212216__0388__2,2,20260815_212216,190.518,325.01,7
20260815_212216__0389__4,4,20260815_212216,191.1481,630.09,2
20260815_212216__0390__3,3,20260815_212216,191.4463,298.14,4
20260815_212216__0391__junk,junk,20260815_212216,191.5724,,
20260815_212216__0392__2,2,20260815_212216,191.7606,314.31,3
20260815_212216__0393__1,1,20260815_212216,192.0608,300.23,2
20260815_212216__0394___,_,20260815_212216,192.6781,617.3,1
20260815_212216__0395__d,d,20260815_212216,193.5746,896.53,_
20260815_212216__0396__e,e,20260815_212216,194.1744,599.77,d
20260815_212216__0397__k,k,20260815_212216,194.4765,302.11,e
20260815_212216__0398__f,f,20260815_212216,194.7361,259.61,k
20260815_212216__0399__w,w,20260815_212216,195.6434,907.3,f
20260815_212216__0400__a,a,20260815_212216,196.1889,545.51,w
20260815_212216__0401__n,n,20260815_212216,196.5186,329.68,a
20260815_212216__0402__s,s,20260815_212216,196.8062,287.6,n
20260815_212216__0403__d,d,20260815_212216,197.0788,272.56,s
20260815_212216__0404__k,k,20260815_212216,197.3674,288.64,d
20260815_212216__0405__l,l,20260815_212216,197.9593,591.93,k
20260815_212216__0406__g,g,20260815_212216,198.2057,246.33,l
20260815_212216__0407__h,h,20260815_212216,198.4752,269.57,g
20260815_212216__0408__j,j,20260815_212216,199.1468,671.59,h
20260815_212216__0409__x,x,20260815_212216,199.4376,290.79,j
20260815_212216__0410__k,k,20260815_212216,199.7365,298.84,x
20260815_212216__0411__z,z,20260815_212216,199.9978,261.38,k
20260815_212216__0412__o,o,20260815_212216,200.3013,303.42,z
20260815_212216__0413__r,r,20260815_212216,200.5834,282.18,o
20260815_212216__0414__i,i,20260815_212216,200.8717,288.3,r
20260815_212216__0415__r,r,20260815_212216,201.1795,307.73,i
20260815_212216__0416__o,o,20260815_212216,201.5039,324.42,r
20260815_212216__0417__e,e,20260815_212216,201.8257,321.81,o
20260815_212216__0418__p,p,20260815_212216,202.1657,340.02,e
20260815_212216__0419__l,l,20260815_212216,202.4369,271.16,p
20260815_212216__0420__junk,junk,20260815_212216,202.569,,
20260815_212216__0421__t,t,20260815_212216,203.1191,682.24,l
20260815_212216__0422__junk,junk,20260815_212216,203.2736,,
20260815_212216__0423__h,h,20260815_212216,203.4355,316.37,t
20260815_212216__0424__junk,junk,20260815_212216,203.5689,,
20260815_212216__0425__e,e,20260815_212216,203.7702,334.74,h
20260815_212216__0426__s,s,20260815_212216,204.5186,748.39,e
20260815_212216__0427__y,y,20260815_212216,204.7244,205.8,s
20260815_212216__0428__m,m,20260815_212216,205.0345,310.02,y
20260815_212216__0429__h,h,20260815_212216,205.4547,420.27,m
20260815_212216__0430__o,o,20260815_212216,205.7739,319.21,h
20260815_212216__0431__junk,junk,20260815_212216,205.9225,,
20260815_212216__0432__n,n,20260815_212216,206.0692,295.22,o
20260815_212216__0433__junk,junk,20260815_212216,206.2869,,
20260815_212216__0434__y,y,20260815_212216,206.4627,393.58,n
20260815_212216__0435__o,o,20260815_212216,208.3544,1891.61,y
20260815_212216__0436__f,f,20260815_212216,208.6527,298.34,o
20260815_212216__0437__h,h,20260815_212216,209.4648,812.13,f
20260815_212216__0438__e,e,20260815_212216,209.9568,491.93,h
20260815_212216__0439__k,k,20260815_212216,211.7478,1791.09,e
20260815_212216__0440__a,a,20260815_212216,212.0373,289.43,k
20260815_212216__0441__c,c,20260815_212216,212.3043,267.03,a
20260815_212216__0442__g,g,20260815_212216,212.6272,322.86,c
20260815_212216__0443__y,y,20260815_212216,212.9281,300.91,g
20260815_212216__0444__a,a,20260815_212216,213.9626,1034.54,y
20260815_212216__0445__a,a,20260815_212216,214.2519,289.32,a
20260815_212216__0446__b,b,20260815_212216,214.6184,366.49,a
20260815_212216__0447__e,e,20260815_212216,214.9567,338.28,b
20260815_212216__0448__y,y,20260815_212216,215.2612,304.56,e
20260815_212216__0449__d,d,20260815_212216,215.5358,274.56,y
20260815_212216__0450__g,g,20260815_212216,215.8168,281.02,d
20260815_212216__0451__h,h,20260815_212216,216.1795,362.63,g
20260815_212216__0452__w,w,20260815_212216,216.7416,562.13,h
20260815_212216__0453__e,e,20260815_212216,217.089,347.41,w
20260815_212216__0454__o,o,20260815_212216,217.3991,310.07,e
20260815_212216__0455__r,r,20260815_212216,217.6695,270.43,o
20260815_212216__0456__i,i,20260815_212216,218.0025,333.04,r
20260815_212216__0457__p,p,20260815_212216,218.7286,726.05,i
20260815_212216__0458__l,l,20260815_212216,219.05,321.38,p
20260815_212216__0459__k,k,20260815_212216,219.3829,332.88,l
20260815_212216__0460__n,n,20260815_212216,219.7827,399.82,k
20260815_212216__0461__junk,junk,20260815_212216,220.4959,,
20260815_212216__0462__m,m,20260815_212216,220.6992,916.55,n
20260815_212216__0463__c,c,20260815_212216,220.995,295.76,m
20260815_212216__0464__n,n,20260815_212216,221.6097,614.74,c
20260815_212216__0465__d,d,20260815_212216,221.8892,279.5,n
20260815_212216__0466__g,g,20260815_212216,222.1986,309.39,d
20260815_212216__0467__e,e,20260815_212216,222.4975,298.89,g
20260815_212216__0468__h,h,20260815_212216,222.7695,272.04,e
20260815_212216__0469__r,r,20260815_212216,223.0404,270.82,h
20260815_212216__0470__junk,junk,20260815_212216,223.1815,,
20260815_212216__0471__t,t,20260815_212216,223.3861,345.76,r
20260815_212216__0472__e,e,20260815_212216,223.6531,266.94,t
20260815_212216__0473__h,h,20260815_212216,224.3142,661.13,e
20260815_212216__0474__d,d,20260815_212216,224.5592,245.01,h
20260815_212216__0475__junk,junk,20260815_212216,224.7201,,
20260815_212216__0476__g,g,20260815_212216,224.8576,298.34,d
20260815_212216__0477__a,a,20260815_212216,225.1362,278.62,g
20260815_212216__0478___,_,20260815_212216,225.4183,282.18,a
20260815_212216__0479__c,c,20260815_212216,225.7341,315.74,_
20260815_212216__0480__m,m,20260815_212216,226.0786,344.49,c
20260815_212216__0481__3,3,20260815_212216,226.3605,281.97,m
20260815_212216__0482__9,9,20260815_212216,226.6963,335.76,3
20260815_212216__0483___,_,20260815_212216,226.9751,278.75,9
20260815_212216__0484__0,0,20260815_212216,227.3543,379.23,_
20260815_212216__0485__1,1,20260815_212216,227.6013,247.03,0
20260815_212216__0486__junk,junk,20260815_212216,227.7517,,
20260815_212216__0487__9,9,20260815_212216,227.9225,321.2,1
20260815_212216__0488__2,2,20260815_212216,228.1819,259.41,9
20260815_212216__0489__j,j,20260815_212216,228.4344,252.43,2
20260815_212216__0490__l,l,20260815_212216,229.0617,627.32,j
20260815_212216__0491__k,k,20260815_212216,229.3894,327.73,l
20260815_212216__0492__d,d,20260815_212216,229.639,249.57,k
20260815_212216__0493__m,m,20260815_212216,229.9342,295.19,d
20260815_212216__0494__c,c,20260815_212216,230.1709,236.69,m
20260815_212216__0495__o,o,20260815_212216,230.4673,296.42,c
20260815_212216__0496__r,r,20260815_212216,230.7279,260.63,o
20260815_212216__0497__p,p,20260815_212216,231.0561,328.23,r
20260815_212216__0498__a,a,20260815_212216,231.3193,263.11,p
20260815_212216__0499__l,l,20260815_212216,231.6454,326.1,a
20260815_212216__0500__d,d,20260815_212216,231.8987,253.31,l
20260815_212216__0501__h,h,20260815_212216,232.1829,284.22,d
20260815_212216__0502__g,g,20260815_212216,232.4436,260.68,h
20260815_212216__0503__i,i,20260815_212216,232.7153,271.77,g
20260815_212216__0504__r,r,20260815_212216,232.9813,266.01,i
20260815_212216__0505__j,j,20260815_212216,233.3107,329.39,r
20260815_212216__0506__f,f,20260815_212216,233.5389,228.14,j
20260815_212216__0507__u,u,20260815_212216,233.8467,307.82,f
20260815_212216__0508__k,k,20260815_212216,234.4205,573.81,u
20260815_212216__0509__d,d,20260815_212216,234.6914,270.91,k
20260815_212216__0510__s,s,20260815_212216,234.9427,251.34,d
20260815_212216__0511__n,n,20260815_212216,235.2321,289.34,s
20260815_212216__0512__a,a,20260815_212216,235.5265,294.44,n
20260815_212216__0513__x,x,20260815_212216,235.7809,254.38,a
20260815_212216__0514__h,h,20260815_212216,236.0795,298.57,x
20260815_212216__0515__r,r,20260815_212216,236.3243,244.83,h
20260815_212216__0516__j,j,20260815_212216,236.6071,282.74,r
20260815_212216__0517__d,d,20260815_212216,236.892,284.97,j
20260815_212216__0518__i,i,20260815_212216,237.1789,286.89,d
20260815_212216__0519__r,r,20260815_212216,237.4703,291.36,i
20260815_212216__0520__o,o,20260815_212216,237.7874,317.14,r
20260815_212216__0521__l,l,20260815_212216,238.119,331.61,o
20260815_212216__0522__e,e,20260815_212216,238.4133,294.24,l
20260815_212216__0523__p,p,20260815_212216,238.7372,323.97,e
20260815_212216__0524__d,d,20260815_212216,239.0515,314.31,p
20260815_212216__0525__o,o,20260815_212216,239.3618,310.27,d
20260815_212216__0526__c,c,20260815_212216,239.6465,284.67,o
20260815_212216__0527__h,h,20260815_212216,239.9634,316.87,c
20260815_212216__0528__g,g,20260815_212216,240.2866,323.2,h
20260815_212216__0529__j,j,20260815_212216,240.5491,262.56,g
20260815_212216__0530__f,f,20260815_212216,240.8365,287.37,j
20260815_212216__0531__k,k,20260815_212216,241.13,293.49,f
20260815_212216__0532__t,t,20260815_212216,241.3889,258.89,k
20260815_212216__0533__y,y,20260815_212216,241.7059,316.98,t
20260815_212216__0534__e,e,20260815_212216,242.0004,294.58,y
20260815_212216__0535__u,u,20260815_212216,242.29,289.55,e
20260815_212216__0536__s,s,20260815_212216,242.5597,269.75,u
20260815_212216__0537__i,i,20260815_212216,242.8545,294.81,s
20260815_212216__0538__a,a,20260815_212216,243.1398,285.24,i
20260815_212216__0539__o,o,20260815_212216,243.4472,307.46,a
20260815_212216__0540__d,d,20260815_212216,243.6745,227.23,o
20260815_212216__0541__m,m,20260815_212216,244.0001,325.67,d
20260815_212216__0542__c,c,20260815_212216,244.2922,292.04,m
20260815_212216__0543__k,k,20260815_212216,244.5868,294.65,c
20260815_212216__0544__l,l,20260815_212216,244.8983,311.47,k
20260815_212216__0545__k,k,20260815_212216,245.181,282.7,l
20260815_212216__0546__l,l,20260815_212216,245.4834,302.43,k
20260815_212216__0547__k,k,20260815_212216,245.7687,285.28,l
20260815_212216__0548__o,o,20260815_212216,246.0571,288.44,k
20260815_212216__0549__p,p,20260815_212216,246.3862,329.09,o
20260815_212216__0550__b,b,20260815_212216,246.6113,225.1,p
20260815_212216__0551__i,i,20260815_212216,246.8993,287.91,b
20260815_212216__0552__g,g,20260815_212216,247.1853,286.08,i
20260815_212216__0553__m,m,20260815_212216,247.4792,293.88,g
20260815_212216__0554__n,n,20260815_212216,247.7607,281.54,m
20260815_212216__0555__f,f,20260815_212216,248.0299,269.14,n
20260815_212216__0556__j,j,20260815_212216,248.3238,293.88,f
20260815_212216__0557__e,e,20260815_212216,248.6346,310.84,j
20260815_212216__0558__0,0,20260815_212216,248.9237,289.14,e
20260815_212216__0559__9,9,20260815_212216,249.229,305.26,0
20260815_212216__0560__l,l,20260815_212216,249.5194,290.43,9
20260815_212216__0561__junk,junk,20260815_212216,249.6522,,
20260815_212216__0562__k,k,20260815_212216,249.791,271.59,l
20260815_212216__0563__e,e,20260815_212216,250.0838,292.77,k
20260815_212216__0564__m,m,20260815_212216,250.3903,306.53,e
20260815_212216__0565__3,3,20260815_212216,250.6773,287.03,m
20260815_212216__0566__4,4,20260815_212216,250.9446,267.21,3
20260815_212216__0567__n,n,20260815_212216,251.23,285.46,4
20260815_212216__0568__junk,junk,20260815_212216,251.3608,,
20260815_212216__0569__e,e,20260815_212216,251.8118,581.79,n
20260815_212216__0570__5,5,20260815_212216,252.0761,264.24,e
20260815_212216__0571__c,c,20260815_212216,252.3591,283.06,5
20260815_212216__0572__6,6,20260815_212216,252.6668,307.66,c
20260815_212216__0573__d,d,20260815_212216,252.9106,243.79,6
20260815_212216__0574__7,7,20260815_212216,253.232,321.38,d
20260815_212216__0575__e,e,20260815_212216,253.5312,299.27,7
20260815_212216__0576__l,l,20260815_212216,253.8224,291.2,e
20260815_212216__0577__s,s,20260815_212216,254.1017,279.23,l
20260815_212216__0578__k,k,20260815_212216,254.4397,338.03,s
20260815_212216__0579__e,e,20260815_212216,254.7177,278.03,k
20260815_212216__0580__i,i,20260815_212216,255.021,303.27,e
20260815_212216__0581__c,c,20260815_212216,255.3128,291.84,i
20260815_212216__0582__p,p,20260815_212216,255.6184,305.6,c
20260815_212216__0583__w,w,20260815_212216,255.8953,276.87,p
20260815_212216__0584__o,o,20260815_212216,256.1855,290.25,w
20260815_212216__0585__e,e,20260815_212216,256.475,289.43,o
20260815_212216__0586__0,0,20260815_212216,256.7767,301.72,e
20260815_212216__0587__a,a,20260815_212216,257.084,307.3,0
20260815_212216__0588__m,m,20260815_212216,257.3942,310.18,a
20260815_212216__0589__c,c,20260815_212216,257.6858,291.61,m
20260815_212216__0590__i,i,20260815_212216,257.9723,286.55,c
20260815_212216__0591__e,e,20260815_212216,258.2715,299.12,i
20260815_212216__0592__p,p,20260815_212216,258.561,289.52,e
20260815_212216__0593__d,d,20260815_212216,258.8129,251.88,p
20260815_212216__0594__l,l,20260815_212216,259.144,331.13,d
20260815_212216__0595__junk,junk,20260815_212216,259.2756,,
20260815_212216__0596__e,e,20260815_212216,259.4438,299.8,l
20260815_212216__0597__j,j,20260815_212216,259.7138,270,e
20260815_212216__0598__a,a,20260815_212216,260.0134,299.66,j
20260815_212216__0599__s,s,20260815_212216,260.2757,262.29,a
20260815_212216__0600__d,d,20260815_212216,260.5732,297.46,s
20260815_212216__0601__g,g,20260815_212216,260.8835,310.32,d
20260815_212216__0602__q,q,20260815_212216,261.1811,297.55,g
20260815_212216__0603__m,m,20260815_212216,261.4493,268.19,q
20260815_212216__0604__z,z,20260815_212216,261.715,265.78,m
20260815_212216__0605__l,l,20260815_212216,262.0465,331.45,z
20260815_212216__0606__junk,junk,20260815_212216,262.185,,
20260815_212216__0607__c,c,20260815_212216,262.3199,273.45,l
20260815_212216__0608__k,k,20260815_212216,262.5866,266.64,c
20260815_212216__0609__x,x,20260815_212216,262.8529,266.28,k
20260815_212216__0610__n,n,20260815_212216,263.1594,306.51,x
20260815_212216__0611__s,s,20260815_212216,263.429,269.66,n
20260815_212216__0612__0,0,20260815_212216,263.715,286.01,s
20260815_212216__0613__9,9,20260815_212216,263.9894,274.38,0
20260815_212216__0614__8,8,20260815_212216,264.2815,292.09,9
20260815_212216__0615__7,7,20260815_212216,264.5438,262.31,8
20260815_212216__0616__6,6,20260815_212216,264.821,277.19,7
20260815_212216__0617__5,5,20260815_212216,265.1021,281.11,6
20260815_212216__0618__4,4,20260815_212216,265.3551,253.04,5
20260815_212216__0619__3,3,20260815_212216,265.6092,254.04,4
20260815_212216__0620__2,2,20260815_212216,265.8932,284.04,3
20260815_212216__0621__1,1,20260815_212216,266.1685,275.26,2
20260815_212216__0622__q,q,20260815_212216,266.5315,363.02,1
20260815_212216__0623__a,a,20260815_212216,266.7815,250,q
20260815_212216__0624__z,z,20260815_212216,267.0536,272.13,a
20260815_212216__0625__x,x,20260815_212216,267.3485,294.83,z
20260815_212216__0626__s,s,20260815_212216,267.5992,250.73,x
20260815_212216__0627__w,w,20260815_212216,267.8689,269.68,s
20260815_212216__0628__e,e,20260815_212216,268.1451,276.26,w
20260815_212216__0629__d,d,20260815_212216,268.3926,247.48,e
20260815_212216__0630__c,c,20260815_212216,268.6703,277.71,d
20260815_212216__0631__v,v,20260815_212216,268.9567,286.35,c
20260815_212216__0632__t,t,20260815_212216,269.7205,763.81,v
20260815_212216__0633__n,n,20260815_212216,270.584,863.49,t
20260815_212216__0634___,_,20260815_212216,270.8749,290.98,n
20260815_212216__0635__h,h,20260815_212216,271.1569,281.95,_
20260815_212216__0636__m,m,20260815_212216,271.4936,336.73,h
20260815_212216__0637__y,y,20260815_212216,271.7644,270.79,m
20260815_212216__0638__j,j,20260815_212216,272.0969,332.49,y
20260815_212216__0639__u,u,20260815_212216,272.3592,262.27,j
20260815_212216__0640__k,k,20260815_212216,272.6793,320.16,u
20260815_212216__0641__l,l,20260815_212216,272.9891,309.8,k
20260815_212216__0642__junk,junk,20260815_212216,273.1187,,
20260815_212216__0643__p,p,20260815_212216,273.2916,302.49,l
20260815_212216__0644__o,o,20260815_212216,273.5972,305.56,p
20260815_212216__0645__junk,junk,20260815_212216,273.7307,,
20260815_212216__0646__a,a,20260815_212216,273.8701,272.93,o
20260815_212216__0647__l,l,20260815_212216,274.1927,322.61,a
20260815_212216__0648__d,d,20260815_212216,274.4634,270.66,l
20260815_212216__0649__k,k,20260815_212216,274.8129,349.48,d
20260815_212216__0650__e,e,20260815_212216,275.0911,278.23,k
20260815_212216__0651__m,m,20260815_212216,275.365,273.9,e
20260815_212216__0652__f,f,20260815_212216,275.6135,248.5,m
20260815_212216__0653__n,n,20260815_212216,275.9818,368.32,f
20260815_212216__0654__r,r,20260815_212216,276.3395,357.71,n
20260815_212216__0655__y,y,20260815_212216,276.4967,157.19,r
20260815_212216__0656__junk,junk,20260815_212216,276.6276,,
20260815_212216__0657__f,f,20260815_212216,276.8735,376.8,y
20260815_212216__0658__b,b,20260815_212216,277.1725,299,f
20260815_212216__0659__g,g,20260815_212216,277.4103,237.82,b
20260815_212216__0660__h,h,20260815_212216,277.7007,290.39,g
20260815_212216__0661__c,c,20260815_212216,277.9597,258.96,h
20260815_212216__0662__v,v,20260815_212216,278.285,325.33,c
20260815_212216__0663__d,d,20260815_212216,278.5514,266.42,v
20260815_212216__0664__j,j,20260815_212216,278.8341,282.7,d
20260815_212216__0665__s,s,20260815_212216,279.1084,274.24,j
20260815_212216__0666__k,k,20260815_212216,279.4006,292.27,s
20260815_212216__0667__a,a,20260815_212216,279.659,258.37,k
20260815_212216__0668__l,l,20260815_212216,279.9464,287.41,a
20260815_212216__0669__w,w,20260815_212216,280.1873,240.93,l
20260815_212216__0670__o,o,20260815_212216,280.5247,337.37,w
20260815_212216__0671__d,d,20260815_212216,280.8562,331.52,o
20260815_212216__0672__m,m,20260815_212216,281.2083,352.04,d
20260815_212216__0673__e,e,20260815_212216,281.5433,334.99,m
20260815_212216__0674__junk,junk,20260815_212216,281.6744,,
20260815_212216__0675__n,n,20260815_212216,281.8895,346.21,e
20260815_212216__0676__c,c,20260815_212216,282.1761,286.62,n
20260815_212216__0677__h,h,20260815_212216,282.4931,316.96,c
20260815_212216__0678__r,r,20260815_212216,282.7619,268.87,h
20260815_212216__0679__o,o,20260815_212216,283.119,357.03,r
20260815_212216__0680__p,p,20260815_212216,283.4,281.09,o
20260815_212216__0681__s,s,20260815_212216,283.6889,288.84,p
20260815_212216__0682__l,l,20260815_212216,284.0002,311.27,s
20260815_212216__0683__d,d,20260815_212216,284.2871,286.98,l
20260815_212216__0684__i,i,20260815_212216,284.6065,319.32,d
20260815_212216__0685__c,c,20260815_212216,284.8985,292,i
20260815_212216__0686__n,n,20260815_212216,285.1919,293.47,c
20260815_212216__0687__g,g,20260815_212216,285.4734,281.47,n
20260815_212216__0688__j,j,20260815_212216,285.7786,305.24,g
20260815_212216__0689__a,a,20260815_212216,286.3776,598.98,j
20260815_212216__0690__z,z,20260815_212216,286.6442,266.55,a
20260815_212216__0691__a,a,20260815_212216,286.9346,290.43,z
20260815_212216__0692__s,s,20260815_212216,287.2039,269.32,a
20260815_212216__0693__x,x,20260815_212216,287.4911,287.14,s
20260815_212216__0694__c,c,20260815_212216,287.7571,266.08,x
20260815_212216__0695__d,d,20260815_212216,288.0498,292.68,c
20260815_212216__0696__f,f,20260815_212216,288.3693,319.48,d
20260815_212216__0697__v,v,20260815_212216,288.6448,275.53,f
20260815_212216__0698__b,b,20260815_212216,288.9363,291.5,v
20260815_212216__0699__g,g,20260815_212216,289.2022,265.85,b
20260815_212216__0700__h,h,20260815_212216,289.5128,310.66,g
20260815_212216__0701__n,n,20260815_212216,289.7512,238.34,h
20260815_212216__0702__m,m,20260815_212216,290.0519,300.7,n
20260815_212216__0703__j,j,20260815_212216,290.3345,282.61,m
20260815_212216__0704__k,k,20260815_212216,290.6214,286.87,j
20260815_212216__0705__p,p,20260815_212216,291.151,529.59,k
20260815_212216__0706__o,o,20260815_212216,291.4246,273.7,p
20260815_212216__0707__i,i,20260815_212216,291.7229,298.23,o
20260815_212216__0708__u,u,20260815_212216,291.9602,237.37,i
20260815_212216__0709__t,t,20260815_212216,292.5927,632.47,u
20260815_212216__0710__r,r,20260815_212216,292.9005,307.8,t
20260815_212216__0711__e,e,20260815_212216,293.1951,294.54,r
20260815_212216__0712__w,w,20260815_212216,293.4815,286.46,e
20260815_212216__0713__q,q,20260815_212216,293.7572,275.69,w
20260815_212216__0714__0,0,20260815_212216,294.0703,313.06,q
20260815_212216__0715__9,9,20260815_212216,294.3387,268.46,0
20260815_212216__0716__8,8,20260815_212216,294.6351,296.39,9
20260815_212216__0717__7,7,20260815_212216,294.9297,294.58,8
20260815_212216__0718__6,6,20260815_212216,295.2111,281.41,7
20260815_212216__0719__5,5,20260815_212216,295.4905,279.43,6
20260815_212216__0720__junk,junk,20260815_212216,295.6168,,
20260815_212216__0721__4,4,20260815_212216,295.7627,272.13,5
20260815_212216__0722__3,3,20260815_212216,296.0424,279.77,4
20260815_212216__0723__2,2,20260815_212216,296.2853,242.88,3
20260815_212216__0724__1,1,20260815_212216,296.6235,338.16,2
20260815_212216__0725___,_,20260815_212216,296.8965,272.97,1
20260815_212216__0726__e,e,20260815_212216,297.2408,344.38,_
20260815_212216__0727__p,p,20260815_212216,297.5779,337.05,e
20260815_212216__0728__l,l,20260815_212216,297.8444,266.51,p
20260815_212216__0729___,_,20260815_212216,298.0877,243.29,l
20260815_212216__0730__junk,junk,20260815_212216,298.2396,,
20260815_212216__0731__o,o,20260815_212216,298.4463,358.66,_
20260815_212216__0732__d,d,20260815_212216,298.7208,274.42,o
20260815_212216__0733___,_,20260815_212216,298.9879,267.17,d
20260815_212216__0734__a,a,20260815_212216,299.446,458.1,_
20260815_212216__0735__m,m,20260815_212216,299.8202,374.22,a
20260815_212216__0736__d,d,20260815_212216,300.11,289.75,m
20260815_212216__0737__t,t,20260815_212216,300.3507,240.7,d
20260815_212216__0738__y,y,20260815_212216,300.6652,314.54,t
20260815_212216__0739__e,e,20260815_212216,300.9031,237.87,y
20260815_212216__0740__g,g,20260815_212216,301.1987,295.6,e
20260815_212216__0741__d,d,20260815_212216,301.4814,282.7,g
20260815_212216__0742__h,h,20260815_212216,301.7562,274.78,d
20260815_212216__0743__r,r,20260815_212216,302.0513,295.12,h
20260815_212216__0744__u,u,20260815_212216,302.3627,311.41,r
20260815_212216__0745__i,i,20260815_212216,302.6489,286.15,u
20260815_212216__0746__o,o,20260815_212216,303.2296,580.7,i
20260815_212216__0747__s,s,20260815_212216,303.4854,255.83,o
20260815_212216__0748__l,l,20260815_212216,303.7689,283.49,s
20260815_212216__0749__c,c,20260815_212216,304.0436,274.67,l
20260815_212216__0750__m,m,20260815_212216,304.3582,314.67,c
20260815_212216__0751__f,f,20260815_212216,304.6205,262.24,m
20260815_212216__0752__k,k,20260815_212216,304.9123,291.86,f
20260815_212216__0753___,_,20260815_212216,305.1851,272.81,k
20260815_212216__0754__n,n,20260815_212216,305.5184,333.27,_
20260815_212216__0755__d,d,20260815_212216,305.7662,247.76,n
20260815_212216__0756__b,b,20260815_212216,306.0606,294.44,d
20260815_212216__0757__h,h,20260815_212216,306.3632,302.54,b
20260815_212216__0758__s,s,20260815_212216,306.6624,299.3,h
20260815_212216__0759__3,3,20260815_212216,306.9753,312.81,s
20260815_212216__0760__u,u,20260815_212216,307.2597,284.4,3
20260815_212216__0761__e,e,20260815_212216,307.543,283.33,u
20260815_212216__0762__i,i,20260815_212216,307.8079,264.88,e
20260815_212216__0763__9,9,20260815_212216,308.1443,336.44,i
20260815_212216__0764__o,o,20260815_212216,308.7264,582.06,9
20260815_212216__0765__a,a,20260815_212216,309.0022,275.78,o
20260815_212216__0766__l,l,20260815_212216,309.3131,310.95,a
20260815_212216__0767__3,3,20260815_212216,309.6037,290.61,l
20260815_212216__0768__7,7,20260815_212216,309.909,305.28,3
20260815_212216__0769__4,4,20260815_212216,310.1767,267.66,7
20260815_212216__0770__k,k,20260815_212216,310.4589,282.27,4
20260815_212216__0771__d,d,20260815_212216,310.7438,284.88,k
20260815_212216__0772__m,m,20260815_212216,311.0121,268.28,d
20260815_212216__0773__c,c,20260815_212216,311.2885,276.44,m
20260815_212216__0774__n,n,20260815_212216,311.5525,264.01,c
20260815_212216__0775__e,e,20260815_212216,311.8556,303.02,n
20260815_212216__0776__t,t,20260815_212216,312.1673,311.75,e
20260815_212216__0777__y,y,20260815_212216,312.847,679.71,t
20260815_212216__0778__u,u,20260815_212216,313.137,290.02,y
20260815_212216__0779__i,i,20260815_212216,313.4349,297.85,u
20260815_212216__0780__o,o,20260815_212216,313.7008,265.94,i
20260815_212216__0781__s,s,20260815_212216,313.9702,269.37,o
20260815_212216__0782__g,g,20260815_212216,314.2518,281.61,s
20260815_212216__0783__h,h,20260815_212216,314.5678,316.03,g
20260815_212216__0784__d,d,20260815_212216,314.8628,294.99,h
20260815_212216__0785__j,j,20260815_212216,315.1364,273.63,d
20260815_212216__0786__k,k,20260815_212216,315.4382,301.77,j
20260815_212216__0787__c,c,20260815_212216,315.6798,241.59,k
20260815_212216__0788__m,m,20260815_212216,316.0018,322.04,c
20260815_212216__0789__z,z,20260815_212216,316.2869,285.06,m
20260815_212216__0790__l,l,20260815_212216,316.5267,239.77,z
20260815_212216__0791__a,a,20260815_212216,316.8426,315.92,l
20260815_212216__0792__k,k,20260815_212216,317.1364,293.79,a
20260815_212216__0793__n,n,20260815_212216,317.4261,289.75,k
20260815_212216__0794__s,s,20260815_212216,317.7059,279.75,n
20260815_212216__0795__m,m,20260815_212216,317.9861,280.18,s
20260815_212216__0796__d,d,20260815_212216,318.2687,282.68,m
20260815_212216__0797__j,j,20260815_212216,318.553,284.24,d
20260815_212216__0798__e,e,20260815_212216,318.8843,331.29,j
20260815_212216__0799__9,9,20260815_212216,319.1593,274.99,e
20260815_212216__0800__0,0,20260815_212216,319.4433,284.08,9
20260815_212216__0801__7,7,20260815_212216,319.8593,415.96,0
20260815_212216__0802__6,6,20260815_212216,320.105,245.74,7
20260815_212216__0803__5,5,20260815_212216,320.3631,258.03,6
20260815_212216__0804__1,1,20260815_212216,320.5734,210.29,5
20260815_212216__0805__4,4,20260815_212216,320.8236,250.23,1
20260815_212216__0806__3,3,20260815_212216,321.1449,321.29,4
20260815_212901__0000__a,a,20260815_212901,0.7675,,
20260815_212901__0001__l,l,20260815_212901,1.0718,304.31,a
20260815_212901__0002__s,s,20260815_212901,1.3962,324.4,l
20260815_212901__0003__k,k,20260815_212901,1.6983,302.02,s
20260815_212901__0004__j,j,20260815_212901,2.035,336.78,k
20260815_212901__0005__h,h,20260815_212901,2.2848,249.77,j
20260815_212901__0006__f,f,20260815_212901,2.5511,266.3,h
20260815_212901__0007__g,g,20260815_212901,2.8725,321.36,f
20260815_212901__0008__b,b,20260815_212901,3.3374,464.92,g
20260815_212901__0009__c,c,20260815_212901,3.6183,280.86,b
20260815_212901__0010__n,n,20260815_212901,3.9143,296.05,c
20260815_212901__0011___,_,20260815_212901,4.453,538.73,n
20260815_212901__0012__x,x,20260815_212901,4.7454,292.38,_
20260815_212901__0013__m,m,20260815_212901,5.0339,288.5,x
20260815_212901__0014__c,c,20260815_212901,5.2898,255.9,m
20260815_212901__0015__n,n,20260815_212901,5.5413,251.45,c
20260815_212901__0016__v,v,20260815_212901,5.8488,307.57,n
20260815_212901__0017__b,b,20260815_212901,6.1169,268.05,v
20260815_212901__0018__a,a,20260815_212901,6.4387,321.77,b
20260815_212901__0019__l,l,20260815_212901,6.7541,315.4,a
20260815_212901__0020__s,s,20260815_212901,6.9938,239.75,l
20260815_212901__0021__k,k,20260815_212901,7.2375,243.67,s
20260815_212901__0022__q,q,20260815_212901,7.5589,321.41,k
20260815_212901__0023__p,p,20260815_212901,7.7975,238.64,q
20260815_212901__0024__w,w,20260815_212901,8.1121,314.6,p
20260815_212901__0025__o,o,20260815_212901,8.3653,253.2,w
20260815_212901__0026__i,i,20260815_212901,8.6322,266.83,o
20260815_212901__0027__u,u,20260815_212901,8.8946,262.43,i
20260815_212901__0028___,_,20260815_212901,9.2104,315.8,u
20260815_212901__0029__y,y,20260815_212901,9.4633,252.9,_
20260815_212901__0030__u,u,20260815_212901,9.7883,325.03,y
20260815_212901__0031__1,1,20260815_212901,10.0641,275.78,u
20260815_212901__0032__junk,junk,20260815_212901,10.1934,,
20260815_212901__0033__0,0,20260815_212901,10.3595,295.37,1
20260815_212901__0034__2,2,20260815_212901,10.5779,218.44,0
20260815_212901__0035__9,9,20260815_212901,10.8445,266.6,2
20260815_212901__0036__8,8,20260815_212901,11.1373,292.81,9
20260815_212901__0037__6,6,20260815_212901,11.4146,277.3,8
20260815_212901__0038__7,7,20260815_212901,11.676,261.34,6
20260815_212901__0039__1,1,20260815_212901,11.9952,319.23,7
20260815_212901__0040__0,0,20260815_212901,12.2476,252.43,1
20260815_212901__0041__2,2,20260815_212901,12.488,240.39,0
20260815_212901__0042__9,9,20260815_212901,12.7767,288.71,2
20260815_212901__0043__8,8,20260815_212901,13.0481,271.36,9
20260815_212901__0044__7,7,20260815_212901,13.3396,291.56,8
20260815_212901__0045__5,5,20260815_212901,13.5755,235.87,7
20260815_212901__0046__6,6,20260815_212901,13.8472,271.66,5
20260815_212901__0047__4,4,20260815_212901,14.1179,270.75,6
20260815_212901__0048___,_,20260815_212901,14.3707,252.79,4
20260815_212901__0049__n,n,20260815_212901,14.666,295.31,_
20260815_212901__0050__m,m,20260815_212901,14.9387,272.7,n
20260815_212901__0051__z,z,20260815_212901,15.1635,224.76,m
20260815_212901__0052___,_,20260815_212901,15.3849,221.45,z
20260815_212901__0053__a,a,20260815_212901,15.6509,265.96,_
20260815_212901__0054__l,l,20260815_212901,15.9176,266.73,a
20260815_212901__0055__s,s,20260815_212901,16.1579,240.32,l
20260815_212901__0056__k,k,20260815_212901,16.39,232.02,s
20260815_212901__0057__j,j,20260815_212901,16.6491,259.16,k
20260815_212901__0058__h,h,20260815_212901,16.8763,227.23,j
20260815_212901__0059__v,v,20260815_212901,17.0987,222.31,h
20260815_212901__0060__b,b,20260815_212901,17.3312,232.49,v
20260815_212901__0061___,_,20260815_212901,17.6106,279.43,b
20260815_212901__0062__b,b,20260815_212901,17.8601,249.55,_
20260815_212901__0063__junk,junk,20260815_212901,18.2606,,
20260815_212901__0064__h,h,20260815_212901,18.421,560.88,b
20260815_212901__0065__u,u,20260815_212901,18.8572,436.17,h
20260815_212901__0066__q,q,20260815_212901,19.1302,272.97,u
20260815_212901__0067__i,i,20260815_212901,19.3847,254.56,q
20260815_212901__0068__w,w,20260815_212901,19.6304,245.67,i
20260815_212901__0069__o,o,20260815_212901,19.9009,270.5,w
20260815_212901__0070__o,o,20260815_212901,20.1709,270.05,o
20260815_212901__0071__i,i,20260815_212901,20.4969,326.01,o
20260815_212901__0072__u,u,20260815_212901,20.7246,227.69,i
20260815_212901__0073__t,t,20260815_212901,20.9634,238.8,u
20260815_212901__0074__y,y,20260815_212901,21.2088,245.4,t
20260815_212901__0075__g,g,20260815_212901,21.4913,282.45,y
20260815_212901__0076__h,h,20260815_212901,21.7516,260.36,g
20260815_212901__0077___,_,20260815_212901,21.9516,199.98,h
20260815_212901__0078__a,a,20260815_212901,22.195,243.36,_
20260815_212901__0079__b,b,20260815_212901,22.4811,286.15,a
20260815_212901__0080__s,s,20260815_212901,22.6912,210.09,b
20260815_212901__0081__n,n,20260815_212901,22.9274,236.19,s
20260815_212901__0082__z,z,20260815_212901,23.5406,613.17,n
20260815_212901__0083__m,m,20260815_212901,23.8337,293.15,z
20260815_212901__0084__x,x,20260815_212901,24.0496,215.9,m
20260815_212901__0085__n,n,20260815_212901,24.2692,219.57,x
20260815_212901__0086___,_,20260815_212901,24.4749,205.67,n
20260815_212901__0087__c,c,20260815_212901,24.7624,287.6,_
20260815_212901__0088__b,b,20260815_212901,25.0179,255.49,c
20260815_212901__0089__n,n,20260815_212901,25.2749,256.94,b
20260815_212901__0090__a,a,20260815_212901,25.5171,242.2,n
20260815_212901__0091__l,l,20260815_212901,25.7563,239.18,a
20260815_212901__0092__s,s,20260815_212901,26.0028,246.55,l
20260815_212901__0093__k,k,20260815_212901,26.2756,272.77,s
20260815_212901__0094__j,j,20260815_212901,26.571,295.4,k
20260815_212901__0095__h,h,20260815_212901,26.7836,212.61,j
20260815_212901__0096__f,f,20260815_212901,27.0958,312.22,h
20260815_212901__0097__b,b,20260815_212901,27.3826,286.76,f
20260815_212901__0098___,_,20260815_212901,27.6307,248.19,b
20260815_212901__0099__n,n,20260815_212901,27.9561,325.33,_
20260815_212901__0100__m,m,20260815_212901,28.5595,603.4,n
20260815_212901__0101__x,x,20260815_212901,28.8362,276.76,m
20260815_212901__0102__n,n,20260815_212901,29.1929,356.64,x
20260815_212901__0103__a,a,20260815_212901,29.488,295.1,n
20260815_212901__0104__l,l,20260815_212901,29.8103,322.31,a
20260815_212901__0105__s,s,20260815_212901,30.0794,269.12,l
20260815_212901__0106__k,k,20260815_212901,30.3799,300.45,s
20260815_212901__0107__j,j,20260815_212901,30.6769,297.05,k
20260815_212901__0108__g,g,20260815_212901,30.9402,263.31,j
20260815_212901__0109__h,h,20260815_212901,31.255,314.74,g
20260815_212901__0110__b,b,20260815_212901,31.5185,263.51,h
20260815_212901__0111___,_,20260815_212901,31.7834,264.92,b
20260815_212901__0112__n,n,20260815_212901,32.0813,297.91,_
20260815_212901__0113__m,m,20260815_212901,32.3753,293.99,n
20260815_212901__0114__z,z,20260815_212901,32.6202,244.94,m
20260815_212901__0115___,_,20260815_212901,32.8671,246.85,z
20260815_212901__0116__n,n,20260815_212901,33.1664,299.27,_
20260815_212901__0117__a,a,20260815_212901,33.4185,252.18,n
20260815_212901__0118__m,m,20260815_212901,33.6865,267.94,a
20260815_212901__0119__l,l,20260815_212901,33.9781,291.66,m
20260815_212901__0120__q,q,20260815_212901,34.1975,219.34,l
20260815_212901__0121__p,p,20260815_212901,34.5218,324.35,q
20260815_212901__0122__w,w,20260815_212901,34.7804,258.55,p
20260815_212901__0123__o,o,20260815_212901,35.06,279.57,w
20260815_212901__0124__e,e,20260815_212901,35.3327,272.7,o
20260815_212901__0125__i,i,20260815_212901,35.6104,277.73,e
20260815_212901__0126__u,u,20260815_212901,35.8822,271.79,i
20260815_212901__0127__y,y,20260815_212901,36.2502,368.03,u
20260815_212901__0128__t,t,20260815_212901,36.4837,233.54,y
20260815_212901__0129__u,u,20260815_212901,36.8583,374.54,t
20260815_212901__0130__h,h,20260815_212901,37.1203,262.04,u
20260815_212901__0131__g,g,20260815_212901,37.3694,249.05,h
20260815_212901__0132___,_,20260815_212901,37.6809,311.56,g
20260815_212901__0133__b,b,20260815_212901,37.9151,234.15,_
20260815_212901__0134__a,a,20260815_212901,38.1558,240.73,b
20260815_212901__0135__n,n,20260815_212901,38.4563,300.48,a
20260815_212901__0136__s,s,20260815_212901,38.6521,195.85,n
20260815_212901__0137___,_,20260815_212901,38.9984,346.26,s
20260815_212901__0138__1,1,20260815_212901,39.4417,443.33,_
20260815_212901__0139__0,0,20260815_212901,39.7406,298.91,1
20260815_212901__0140__2,2,20260815_212901,39.9474,206.76,0
20260815_212901__0141__9,9,20260815_212901,40.2834,336.01,2
20260815_212901__0142__8,8,20260815_212901,40.5314,247.96,9
20260815_212901__0143__7,7,20260815_212901,41.025,493.65,8
20260815_212901__0144__5,5,20260815_212901,41.2401,215.08,7
20260815_212901__0145__6,6,20260815_212901,41.516,275.87,5
20260815_212901__0146__4,4,20260815_212901,41.7638,247.85,6
20260815_212901__0147__3,3,20260815_212901,42.483,719.23,4
20260815_212901__0148__9,9,20260815_212901,42.7778,294.76,3
20260815_212901__0149__1,1,20260815_212901,42.9987,220.91,9
20260815_212901__0150__junk,junk,20260815_212901,43.1276,,
20260815_212901__0151__0,0,20260815_212901,43.2803,281.63,1
20260815_212901__0152__2,2,20260815_212901,43.5113,230.93,0
20260815_212901__0153__9,9,20260815_212901,43.8556,344.33,2
20260815_212901__0154__8,8,20260815_212901,44.1417,286.05,9
20260815_212901__0155__7,7,20260815_212901,44.4256,283.92,8
20260815_212901__0156__5,5,20260815_212901,44.6869,261.32,7
20260815_212901__0157__6,6,20260815_212901,44.9706,283.74,5
20260815_212901__0158__4,4,20260815_212901,45.2645,293.85,6
20260815_212901__0159__0,0,20260815_212901,45.6256,361.16,4
20260815_212901__0160__1,1,20260815_212901,45.85,224.31,0
20260815_212901__0161__junk,junk,20260815_212901,45.9888,,
20260815_212901__0162__9,9,20260815_212901,46.1605,310.5,1
20260815_212901__0163__2,2,20260815_212901,46.3822,221.79,9
20260815_212901__0164__8,8,20260815_212901,46.6598,277.53,2
20260815_212901__0165__7,7,20260815_212901,46.9687,308.89,8
20260815_212901__0166__6,6,20260815_212901,47.2307,262.02,7
20260815_212901__0167__5,5,20260815_212901,47.4297,199.02,6
20260815_212901__0168__7,7,20260815_212901,47.7001,270.36,5
20260815_212901__0169__y,y,20260815_212901,47.9671,267.07,7
20260815_212901__0170__t,t,20260815_212901,48.2001,232.97,y
20260815_212901__0171__u,u,20260815_212901,48.5012,301.09,t
20260815_212901__0172__r,r,20260815_212901,48.7157,214.51,u
20260815_212901__0173__i,i,20260815_212901,49.0139,298.21,r
20260815_212901__0174__q,q,20260815_212901,49.3522,338.32,i
20260815_212901__0175__junk,junk,20260815_212901,49.5898,,
20260815_212901__0176__junk,junk,20260815_212901,49.8645,,
20260815_212901__0177__p,p,20260815_212901,50.0265,674.24,q
20260815_212901__0178__junk,junk,20260815_212901,50.1526,,
20260815_212901__0179__w,w,20260815_212901,50.2787,252.18,p
20260815_212901__0180__o,o,20260815_212901,50.4682,189.52,w
20260815_212901__0181__i,i,20260815_212901,50.7395,271.27,o
20260815_212901__0182__junk,junk,20260815_212901,50.8672,,
20260815_212901__0183__u,u,20260815_212901,51.2055,466.05,i
20260815_212901__0184__t,t,20260815_212901,51.3732,167.71,u
20260815_212901__0185__y,y,20260815_212901,51.5274,154.2,t
20260815_212901__0186__h,h,20260815_212901,51.8602,332.77,y
20260815_212901__0187__g,g,20260815_212901,52.1434,283.22,h
20260815_212901__0188___,_,20260815_212901,52.3908,247.41,g
20260815_212901__0189__n,n,20260815_212901,52.6723,281.5,_
20260815_212901__0190__z,z,20260815_212901,52.9529,280.63,n
20260815_212901__0191__m,m,20260815_212901,53.168,215.08,z
20260815_212901__0192__x,x,20260815_212901,53.411,242.93,m
20260815_212901__0193___,_,20260815_212901,53.6834,272.49,x
20260815_212901__0194__n,n,20260815_212901,53.9316,248.12,_
20260815_212901__0195__a,a,20260815_212901,54.2186,287.01,n
20260815_212901__0196__m,m,20260815_212901,54.5172,298.59,a
20260815_212901__0197__s,s,20260815_212901,54.7693,252.15,m
20260815_212901__0198__l,l,20260815_212901,55.1071,337.82,s
20260815_212901__0199__k,k,20260815_212901,55.409,301.81,l
20260815_212901__0200__j,j,20260815_212901,55.7047,295.74,k
20260815_212901__0201__h,h,20260815_212901,55.9498,245.08,j
20260815_212901__0202__g,g,20260815_212901,56.1612,211.45,h
20260815_212901__0203__b,b,20260815_212901,56.4587,297.51,g
20260815_212901__0204___,_,20260815_212901,56.6792,220.45,b
20260815_212901__0205__v,v,20260815_212901,56.9373,258.14,_
20260815_212901__0206__b,b,20260815_212901,57.1887,251.38,v
20260815_212901__0207__n,n,20260815_212901,57.4606,271.9,b
20260815_212901__0208__z,z,20260815_212901,57.7048,244.15,n
20260815_212901__0209__x,x,20260815_212901,58.2201,515.31,z
20260815_212901__0210__n,n,20260815_212901,58.483,262.95,x
20260815_212901__0211__z,z,20260815_212901,58.7345,251.5,n
20260815_212901__0212__x,x,20260815_212901,59.0281,293.63,z
20260815_212901__0213__c,c,20260815_212901,59.2552,227.07,x
20260815_212901__0214__z,z,20260815_212901,59.5251,269.93,c
20260815_212901__0215__v,v,20260815_212901,59.767,241.88,z
20260815_212901__0216__x,x,20260815_212901,60.0037,236.67,v
20260815_212901__0217__c,c,20260815_212901,60.235,231.34,x
20260815_212901__0218__z,z,20260815_212901,60.483,247.98,c
20260815_212901__0219__v,v,20260815_212901,60.7292,246.21,z
20260815_212901__0220__x,x,20260815_212901,60.9194,190.14,v
20260815_212901__0221__c,c,20260815_212901,61.1632,243.81,x
20260815_212901__0222__z,z,20260815_212901,61.4012,238.03,c
20260815_212901__0223__v,v,20260815_212901,61.6691,267.91,z
20260815_212901__0224__x,x,20260815_212901,61.9151,245.99,v
20260815_212901__0225__c,c,20260815_212901,62.1314,216.33,x
20260815_212901__0226__v,v,20260815_212901,62.4285,297.12,c
20260815_212901__0227__g,g,20260815_212901,62.6951,266.58,v
20260815_212901__0228__h,h,20260815_212901,63.0451,350,g
20260815_212901__0229__junk,junk,20260815_212901,63.4129,,
20260815_212901__0230__j,j,20260815_212901,63.6092,564.06,h
20260815_212901__0231__k,k,20260815_212901,63.9439,334.74,j
20260815_212901__0232__l,l,20260815_212901,64.3001,356.15,k
20260815_212901__0233__k,k,20260815_212901,64.5759,275.78,l
20260815_212901__0234__j,j,20260815_212901,64.8267,250.88,k
20260815_212901__0235__h,h,20260815_212901,65.1347,307.94,j
20260815_212901__0236__g,g,20260815_212901,65.3129,178.23,h
20260815_212901__0237__b,b,20260815_212901,65.6026,289.71,g
20260815_212901__0238__n,n,20260815_212901,65.8418,239.16,b
20260815_212901__0239__v,v,20260815_212901,66.0643,222.52,n
20260815_212901__0240__m,m,20260815_212901,66.3149,250.61,v
20260815_212901__0241___,_,20260815_212901,66.5399,224.99,m
20260815_212901__0242__n,n,20260815_212901,66.7861,246.19,_
20260815_212901__0243__m,m,20260815_212901,67.0364,250.36,n
20260815_212901__0244__n,n,20260815_212901,67.3805,344.06,m
20260815_212901__0245__x,x,20260815_212901,67.6406,260.14,n
20260815_212901__0246__b,b,20260815_212901,67.9224,281.79,x
20260815_212901__0247__c,c,20260815_212901,68.1768,254.33,b
20260815_212901__0248__v,v,20260815_212901,68.427,250.2,c
20260815_212901__0249___,_,20260815_212901,68.7043,277.37,v
20260815_212901__0250__q,q,20260815_212901,68.9814,277.03,_
20260815_212901__0251__p,p,20260815_212901,69.2646,283.27,q
20260815_212901__0252__w,w,20260815_212901,69.5034,238.73,p
20260815_212901__0253__o,o,20260815_212901,69.7425,239.18,w
20260815_212901__0254__i,i,20260815_212901,70.0237,281.2,o
20260815_212901__0255__u,u,20260815_212901,70.2671,243.38,i
20260815_212901__0256__1,1,20260815_212901,70.5348,267.71,u
20260815_212901__0257__junk,junk,20260815_212901,70.6628,,
20260815_212901__0258__0,0,20260815_212901,70.8587,323.85,1
20260815_212901__0259__2,2,20260815_212901,71.1138,255.08,0
20260815_212901__0260__9,9,20260815_212901,71.4666,352.86,2
20260815_212901__0261__8,8,20260815_212901,71.8339,367.23,9
20260815_212901__0262__7,7,20260815_212901,72.1222,288.3,8
20260815_212901__0263__6,6,20260815_212901,72.4402,318.1,7
20260815_212901__0264__7,7,20260815_212901,72.701,260.7,6
20260815_212901__0265__5,5,20260815_212901,72.9463,245.37,7
20260815_212901__0266__8,8,20260815_212901,73.252,305.71,5
20260815_212901__0267__1,1,20260815_212901,73.4612,209.21,8
20260815_212901__0268__0,0,20260815_212901,73.7531,291.86,1
20260815_212901__0269__2,2,20260815_212901,74.0153,262.15,0
20260815_212901__0270__9,9,20260815_212901,74.2684,253.17,2
20260815_212901__0271__p,p,20260815_212901,74.5776,309.16,9
20260815_212901__0272__q,q,20260815_212901,74.8141,236.55,p
20260815_212901__0273__o,o,20260815_212901,75.0565,242.38,q
20260815_212901__0274__w,w,20260815_212901,75.2489,192.34,o
20260815_212901__0275__i,i,20260815_212901,75.4426,193.7,w
20260815_212901__0276__u,u,20260815_212901,75.724,281.41,i
20260815_212901__0277__y,y,20260815_212901,76.0463,322.34,u
20260815_212901__0278__t,t,20260815_212901,76.3428,296.49,y
20260815_212901__0279__h,h,20260815_212901,76.6503,307.51,t
20260815_212901__0280__a,a,20260815_212901,76.9492,298.87,h
20260815_212901__0281__l,l,20260815_212901,77.2856,336.42,a
20260815_212901__0282__p,p,20260815_212901,77.8067,521.13,l
20260815_212901__0283__q,q,20260815_212901,78.048,241.27,p
20260815_212901__0284__p,p,20260815_212901,78.6168,568.82,q
20260815_212901__0285__p,p,20260815_212901,78.9133,296.51,p
20260815_212901__0286__p,p,20260815_212901,79.157,243.72,p
20260815_212901__0287__q,q,20260815_212901,79.4087,251.66,p
20260815_212901__0288__p,p,20260815_212901,79.6479,239.23,q
20260815_212901__0289__w,w,20260815_212901,79.8568,208.87,p
20260815_212901__0290__o,o,20260815_212901,80.0959,239.09,w
20260815_212901__0291__p,p,20260815_212901,80.3782,282.31,o
20260815_212901__0292__p,p,20260815_212901,80.7118,333.58,p
20260815_212901__0293__p,p,20260815_212901,81.0426,330.82,p
20260815_212901__0294__p,p,20260815_212901,81.327,284.42,p
20260815_212901__0295___,_,20260815_212901,81.6268,299.75,p
20260815_212901__0296__n,n,20260815_212901,82.012,385.22,_
20260815_212901__0297__m,m,20260815_212901,82.3669,354.92,n
20260815_212901__0298__z,z,20260815_212901,82.7147,347.85,m
20260815_212901__0299___,_,20260815_212901,82.9095,194.78,z
20260815_212901__0300__a,a,20260815_212901,83.2085,298.93,_
20260815_212901__0301__junk,junk,20260815_212901,83.34,,
20260815_212901__0302__l,l,20260815_212901,83.5022,293.79,a
20260815_212901__0303__s,s,20260815_212901,83.8125,310.23,l
20260815_212901__0304__k,k,20260815_212901,84.1052,292.77,s
20260815_212901__0305__j,j,20260815_212901,84.4228,317.57,k
20260815_212901__0306___,_,20260815_212901,84.7087,285.9,j
20260815_212901__0307__n,n,20260815_212901,84.9968,288.07,_
20260815_212901__0308__v,v,20260815_212901,85.3885,391.68,n
20260815_212901__0309__m,m,20260815_212901,85.7544,365.94,v
20260815_212901__0310__z,z,20260815_212901,86.0601,305.67,m
20260815_212901__0311___,_,20260815_212901,86.3164,256.33,z
20260815_212901__0312__junk,junk,20260815_212901,86.4683,,
20260815_212901__0313__x,x,20260815_212901,86.6646,348.21,_
20260815_212901__0314__m,m,20260815_212901,87.0234,358.84,x
20260815_212901__0315___,_,20260815_212901,87.2811,257.62,m
20260815_212901__0316___,_,20260815_212901,87.5912,310.11,_
20260815_212901__0317__1,1,20260815_212901,88.287,695.78,_
20260815_212901__0318__p,p,20260815_212901,88.557,270.05,1
20260815_212901__0319__2,2,20260815_212901,89.1466,589.57,p
20260815_212901__0320__junk,junk,20260815_212901,89.282,,
20260815_212901__0321__0,0,20260815_212901,89.4578,311.25,2
20260815_212901__0322__3,3,20260815_212901,89.7287,270.84,0
20260815_212901__0323__9,9,20260815_212901,90.0455,316.83,3
20260815_212901__0324__8,8,20260815_212901,90.3169,271.45,9
20260815_212901__0325__6,6,20260815_212901,90.6287,311.77,8
20260815_212901__0326__7,7,20260815_212901,90.9476,318.87,6
20260815_212901__0327__y,y,20260815_212901,91.1879,240.32,7
20260815_212901__0328__q,q,20260815_212901,91.4733,285.44,y
20260815_212901__0329__u,u,20260815_212901,91.8116,338.28,q
20260815_212901__0330__w,w,20260815_212901,92.0938,282.2,u
20260815_212901__0331__i,i,20260815_212901,92.4,306.17,w
20260815_212901__0332__e,e,20260815_212901,92.7156,315.6,i
20260815_212901__0333__o,o,20260815_212901,93.0325,316.89,e
20260815_212901__0334__r,r,20260815_212901,93.3027,270.2,o
20260815_212901__0335__p,p,20260815_212901,93.5801,277.44,r
20260815_212901__0336__o,o,20260815_212901,93.8964,316.3,p
20260815_212901__0337__i,i,20260815_212901,94.2335,337.07,o
20260815_212901__0338__u,u,20260815_212901,94.5014,267.87,i
20260815_212901__0339__y,y,20260815_212901,95.0351,533.7,u
20260815_212901__0340__h,h,20260815_212901,95.3598,324.78,y
20260815_212901__0341__g,g,20260815_212901,95.6054,245.6,h
20260815_212901__0342__k,k,20260815_212901,96.0125,407.05,g
20260815_212901__0343__l,l,20260815_212901,96.5959,583.38,k
20260815_212901__0344__j,j,20260815_212901,97.4622,866.3,l
20260815_212901__0345__g,g,20260815_212901,97.6894,227.19,j
20260815_212901__0346__h,h,20260815_212901,98.0109,321.56,g
20260815_212901__0347__b,b,20260815_212901,98.3092,298.3,h
20260815_212901__0348___,_,20260815_212901,98.576,266.8,b
20260815_212901__0349__a,a,20260815_212901,98.8426,266.53,_
20260815_212901__0350__n,n,20260815_212901,99.222,379.39,a
20260815_212901__0351__s,s,20260815_212901,99.4742,252.22,n
20260815_212901__0352__m,m,20260815_212901,99.7998,325.6,s
20260815_212901__0353__l,l,20260815_212901,100.2815,481.75,m
20260815_212901__0354__k,k,20260815_212901,100.5962,314.65,l
20260815_212901__0355__i,i,20260815_212901,100.9143,318.16,k
20260815_212901__0356__o,o,20260815_212901,101.1847,270.36,i
20260815_212901__0357__p,p,20260815_212901,101.5072,322.49,o
20260815_212901__0358__o,o,20260815_212901,101.8033,296.15,p
20260815_212901__0359__i,i,20260815_212901,102.1636,360.27,o
20260815_212901__0360__u,u,20260815_212901,102.4093,245.74,i
20260815_212901__0361__q,q,20260815_212901,102.6975,288.14,u
20260815_212901__0362__y,y,20260815_212901,102.9779,280.45,q
20260815_212901__0363__w,w,20260815_212901,103.2615,283.58,y
20260815_212901__0364__u,u,20260815_212901,103.5672,305.67,w
20260815_212901__0365__e,e,20260815_212901,103.8942,327.05,u
20260815_212901__0366__i,i,20260815_212901,104.2108,316.55,e
20260815_212901__0367__r,r,20260815_212901,104.5439,333.08,i
20260815_212901__0368__o,o,20260815_212901,104.8324,288.55,r
20260815_212901__0369__t,t,20260815_212901,105.0633,230.86,o
20260815_212901__0370__p,p,20260815_212901,105.3307,267.46,t
20260815_212901__0371__q,q,20260815_212901,105.5634,232.65,p
20260815_212901__0372__junk,junk,20260815_212901,105.6967,,
20260815_212901__0373__o,o,20260815_212901,105.8938,330.39,q
20260815_212901__0374__w,w,20260815_212901,106.1134,219.61,o
20260815_212901__0375__i,i,20260815_212901,106.4265,313.06,w
20260815_212901__0376__u,u,20260815_212901,106.6993,272.83,i
20260815_212901__0377__t,t,20260815_212901,106.9654,266.12,u
20260815_212901__0378__y,y,20260815_212901,107.2122,246.73,t
20260815_212901__0379__h,h,20260815_212901,107.5366,324.44,y
20260815_212901__0380___,_,20260815_212901,107.8258,289.23,h
20260815_212901__0381__n,n,20260815_212901,108.2087,382.88,_
20260815_212901__0382__b,b,20260815_212901,108.4547,245.99,n
20260815_212901__0383___,_,20260815_212901,108.764,309.34,b
20260815_212901__0384__m,m,20260815_212901,109.2304,466.39,_
20260815_212901__0385__a,a,20260815_212901,109.4911,260.68,m
20260815_212901__0386__k,k,20260815_212901,109.8124,321.27,a
20260815_212901__0387__s,s,20260815_212901,110.0607,248.3,k
20260815_212901__0388__l,l,20260815_212901,110.3076,246.92,s
20260815_212901__0389___,_,20260815_212901,110.6061,298.46,l
20260815_212901__0390__1,1,20260815_212901,111.3988,792.74,_
20260815_212901__0391__0,0,20260815_212901,111.7879,389.07,1
20260815_212901__0392__2,2,20260815_212901,112.1103,322.4,0
20260815_212901__0393__9,9,20260815_212901,112.4173,307.03,2
20260815_212901__0394__8,8,20260815_212901,112.7547,337.44,9
20260815_212901__0395__7,7,20260815_212901,113.0307,275.92,8
20260815_212901__0396__6,6,20260815_212901,113.3445,313.88,7
20260815_212901__0397__7,7,20260815_212901,113.668,323.45,6
20260815_212901__0398__8,8,20260815_212901,114.3129,644.94,7
20260815_212901__0399__4,4,20260815_212901,114.613,300.11,8
20260815_212901__0400__9,9,20260815_212901,114.9311,318.07,4
20260815_212901__0401__3,3,20260815_212901,115.7246,793.45,9
20260815_212901__0402__0,0,20260815_212901,116.0512,326.64,3
20260815_212901__0403__1,1,20260815_212901,116.2651,213.95,0
20260815_212901__0404__junk,junk,20260815_212901,116.3957,,
20260815_212901__0405__0,0,20260815_212901,116.6076,342.49,1
20260815_212901__0406__2,2,20260815_212901,116.8505,242.81,0
20260815_212901__0407__9,9,20260815_212901,117.1953,344.88,2
20260815_212901__0408__p,p,20260815_212901,117.4761,280.82,9
20260815_212901__0409__q,q,20260815_212901,117.7151,239,p
20260815_212901__0410__o,o,20260815_212901,118.0072,292.04,q
20260815_212901__0411___,_,20260815_212901,118.2895,282.27,o
20260815_212901__0412__w,w,20260815_212901,118.5757,286.26,_
20260815_212901__0413__i,i,20260815_212901,118.9212,345.44,w
20260815_212901__0414__u,u,20260815_212901,119.1774,256.26,i
20260815_212901__0415__r,r,20260815_212901,119.4503,272.86,u
20260815_212901__0416__y,y,20260815_212901,119.7266,276.37,r
20260815_212901__0417___,_,20260815_212901,119.9975,270.88,y
20260815_212901__0418__b,b,20260815_212901,120.2538,256.24,_
20260815_212901__0419__z,z,20260815_212901,120.5263,272.52,b
20260815_212901__0420__n,n,20260815_212901,120.8561,329.8,z
20260815_212901__0421__x,x,20260815_212901,121.0908,234.72,n
20260815_212901__0422___,_,20260815_212901,121.3854,294.56,x
20260815_212901__0423__a,a,20260815_212901,121.6542,268.82,_
20260815_212901__0424__l,l,20260815_212901,121.9751,320.95,a
20260815_212901__0425__s,s,20260815_212901,122.2341,258.98,l
20260815_212901__0426__k,k,20260815_212901,122.5298,295.67,s
20260815_212901__0427__j,j,20260815_212901,122.7989,269.12,k
20260815_212901__0428__g,g,20260815_212901,123.0596,260.73,j
20260815_212901__0429__h,h,20260815_212901,123.3038,244.15,g
20260815_212901__0430___,_,20260815_212901,123.6205,316.73,h
20260815_212901__0431__n,n,20260815_212901,123.9149,294.35,_
20260815_212901__0432__b,b,20260815_212901,124.1812,266.33,n
20260815_212901__0433__m,m,20260815_212901,124.4973,316.1,b
20260815_212901__0434___,_,20260815_212901,124.7305,233.24,m
20260815_212901__0435__z,z,20260815_212901,124.9572,226.64,_
20260815_212901__0436__m,m,20260815_212901,125.2902,333.04,z
20260815_212901__0437__x,x,20260815_212901,125.5041,213.85,m
20260815_212901__0438__n,n,20260815_212901,125.7966,292.56,x
20260815_212901__0439___,_,20260815_212901,126.0766,279.95,n
20260815_212901__0440__l,l,20260815_212901,126.6054,528.87,_
20260815_212901__0441__s,s,20260815_212901,126.8286,223.15,l
20260815_212901__0442__k,k,20260815_212901,127.1647,336.1,s
20260815_212901__0443__j,j,20260815_212901,127.477,312.34,k
20260815_212901__0444__g,g,20260815_212901,127.7499,272.9,j
20260815_212901__0445__h,h,20260815_212901,127.998,248.07,g
20260815_212901__0446__b,b,20260815_212901,128.2493,251.29,h
20260815_212901__0447___,_,20260815_212901,128.5546,305.31,b
20260815_212901__0448__a,a,20260815_212901,128.7974,242.81,_
20260815_212901__0449__n,n,20260815_212901,129.0967,299.32,a
20260815_212901__0450__s,s,20260815_212901,129.2938,197.05,n
20260815_212901__0451__m,m,20260815_212901,129.6454,351.61,s
20260815_212901__0452__l,l,20260815_212901,130.0158,370.36,m
20260815_212901__0453__q,q,20260815_212901,130.2556,239.84,l
20260815_212901__0454__k,k,20260815_212901,130.5973,341.7,q
20260815_212901__0455__w,w,20260815_212901,130.8579,260.59,k
20260815_212901__0456__p,p,20260815_212901,131.1166,258.71,w
20260815_212901__0457__o,o,20260815_212901,131.4173,300.7,p
20260815_212901__0458__i,i,20260815_212901,131.7535,336.24,o
20260815_212901__0459__u,u,20260815_212901,131.9872,233.7,i
20260815_212901__0460__t,t,20260815_212901,132.2417,254.49,u
20260815_212901__0461__y,y,20260815_212901,132.4941,252.43,t
20260815_212901__0462__g,g,20260815_212901,132.8082,314.01,y
20260815_212901__0463__h,h,20260815_212901,133.0915,283.38,g
20260815_212901__0464__a,a,20260815_212901,133.3138,222.22,h
20260815_212901__0465__l,l,20260815_212901,133.6738,360,a
20260815_212901__0466__s,s,20260815_212901,133.9576,283.81,l
20260815_212901__0467__junk,junk,20260815_212901,134.0837,,
20260815_212901__0468__k,k,20260815_212901,134.2598,302.27,s
20260815_212901__0469__j,j,20260815_212901,134.5552,295.37,k
20260815_212901__0470__g,g,20260815_212901,134.9226,367.35,j
20260815_212901__0471__h,h,20260815_212901,135.2227,300.14,g
20260815_212901__0472__a,a,20260815_212901,135.5013,278.59,h
20260815_212901__0473__s,s,20260815_212901,135.8284,327.14,a
20260815_212901__0474__h,h,20260815_212901,136.3676,539.21,s
20260815_212901__0475__h,h,20260815_212901,136.6342,266.6,h
20260815_212901__0476__g,g,20260815_212901,136.8923,258.03,h
20260815_212901__0477__j,j,20260815_212901,137.2435,351.2,g
20260815_212901__0478__f,f,20260815_212901,137.6718,428.34,j
20260815_212901__0479__k,k,20260815_212901,137.9662,294.38,f
20260815_212901__0480__d,d,20260815_212901,138.2253,259.12,k
20260815_212901__0481__l,l,20260815_212901,138.4925,267.23,d
20260815_212901__0482__k,k,20260815_212901,138.8158,323.22,l
20260815_212901__0483__m,m,20260815_212901,139.1163,300.54,k
20260815_212901__0484__n,n,20260815_212901,139.4221,305.83,m
20260815_212901__0485___,_,20260815_212901,139.6595,237.41,n
20260815_212901__0486__b,b,20260815_212901,139.9729,313.38,_
20260815_212901__0487__n,n,20260815_212901,140.2515,278.59,b
20260815_212901__0488__m,m,20260815_212901,141.1981,946.58,n
20260815_212901__0489__n,n,20260815_212901,141.7593,561.16,m
20260815_212901__0490__c,c,20260815_212901,142.0479,288.64,n
20260815_212901__0491__b,b,20260815_212901,142.2637,215.78,c
20260815_212901__0492__v,v,20260815_212901,142.5626,298.96,b
20260815_212901__0493___,_,20260815_212901,142.8151,252.52,v
20260815_212901__0494__1,1,20260815_212901,143.1536,338.41,_
20260815_212901__0495__0,0,20260815_212901,143.4649,311.34,1
20260815_212901__0496__2,2,20260815_212901,143.698,233.15,0
20260815_212901__0497__p,p,20260815_212901,144.0621,364.01,2
20260815_212901__0498__o,o,20260815_212901,144.3556,293.54,p
20260815_212901__0499__q,q,20260815_212901,144.5959,240.27,o
20260815_212901__0500__i,i,20260815_212901,144.8962,300.36,q
20260815_212901__0501__w,w,20260815_212901,145.143,246.76,i
20260815_212901__0502__u,u,20260815_212901,145.4294,286.39,w
20260815_212901__0503__t,t,20260815_212901,145.6974,268.03,u
20260815_212901__0504__y,y,20260815_212901,145.9967,299.27,t
20260815_212901__0505__g,g,20260815_212901,146.2735,276.78,y
20260815_212901__0506__h,h,20260815_212901,146.6115,338.03,g
20260815_212901__0507__junk,junk,20260815_212901,146.9872,,
20260815_212901__0508__l,l,20260815_212901,147.1754,563.95,h
20260815_212901__0509__q,q,20260815_212901,147.4644,288.98,l
20260815_212901__0510__p,p,20260815_212901,147.7349,270.48,q
20260815_212901__0511__0,0,20260815_212901,148.019,284.15,p
20260815_212901__0512__1,1,20260815_212901,148.2539,234.83,0
20260815_212901__0513__9,9,20260815_212901,148.5737,319.8,1
20260815_212901__0514__8,8,20260815_212901,148.9158,342.13,9
20260815_212901__0515__7,7,20260815_212901,149.1654,249.57,8
20260815_212901__0516__y,y,20260815_212901,149.4593,293.95,7
20260815_212901__0517__u,u,20260815_212901,149.7562,296.85,y
20260815_212901__0518__q,q,20260815_212901,150.0205,264.29,u
20260815_212901__0519__p,p,20260815_212901,150.3077,287.21,q
20260815_212901__0520__w,w,20260815_212901,150.5579,250.2,p
20260815_212901__0521__o,o,20260815_212901,150.8536,295.69,w
20260815_212901__0522__k,k,20260815_212901,151.4692,615.67,o
20260815_212901__0523__l,l,20260815_212901,151.7835,314.31,k
20260815_212901__0524__k,k,20260815_212901,152.0535,269.95,l
20260815_212901__0525__j,j,20260815_212901,152.322,268.48,k
20260815_212901__0526__h,h,20260815_212901,152.5684,246.46,j
20260815_212901__0527__b,b,20260815_212901,152.8498,281.32,h
20260815_212901__0528___,_,20260815_212901,153.1402,290.45,b
20260815_212901__0529__x,x,20260815_212901,153.9203,780.09,_
20260815_212901__0530___,_,20260815_212901,154.2207,300.45,x
20260815_212901__0531__n,n,20260815_212901,154.5318,311.02,_
20260815_212901__0532___,_,20260815_212901,154.7527,220.95,n
20260815_212901__0533__v,v,20260815_212901,155.0714,318.64,_
20260815_212901__0534__n,n,20260815_212901,155.3553,283.95,v
20260815_212901__0535___,_,20260815_212901,155.6077,252.36,n
20260815_212901__0536___,_,20260815_212901,155.8884,280.77,_
20260815_212901__0537__n,n,20260815_212901,156.171,282.61,_
20260815_212901__0538__c,c,20260815_212901,156.4445,273.42,n
20260815_212901__0539__m,m,20260815_212901,156.7511,306.6,c
20260815_212901__0540__a,a,20260815_212901,157.288,536.89,m
20260815_212901__0541__l,l,20260815_212901,157.5417,253.76,a
20260815_212901__0542__s,s,20260815_212901,157.8187,276.94,l
20260815_212901__0543__k,k,20260815_212901,158.0941,275.49,s
20260815_212901__0544__p,p,20260815_212901,158.364,269.86,k
20260815_212901__0545__q,q,20260815_212901,158.5996,235.56,p
20260815_212901__0546__junk,junk,20260815_212901,158.7377,,
20260815_212901__0547__o,o,20260815_212901,158.9104,310.79,q
20260815_212901__0548__w,w,20260815_212901,159.1496,239.25,o
20260815_212901__0549__o,o,20260815_212901,159.5419,392.24,w
20260815_212901__0550__i,i,20260815_212901,159.8443,302.43,o
20260815_212901__0551__y,y,20260815_212901,160.0916,247.28,i
20260815_212901__0552__u,u,20260815_212901,160.3542,262.68,y
20260815_212901__0553__h,h,20260815_212901,160.6128,258.55,u
20260815_212901__0554__j,j,20260815_212901,160.941,328.16,h
20260815_212901__0555__a,a,20260815_212901,161.4705,529.59,j
20260815_212901__0556__l,l,20260815_212901,161.766,295.44,a
20260815_212901__0557__s,s,20260815_212901,162.0142,248.25,l
20260815_212901__0558__k,k,20260815_212901,162.3132,298.93,s
20260815_212901__0559__j,j,20260815_212901,162.6057,292.49,k
20260815_212901__0560__g,g,20260815_212901,162.8582,252.52,j
20260815_212901__0561__h,h,20260815_212901,163.1753,317.1,g
20260815_212901__0562__f,f,20260815_212901,163.5258,350.52,h
20260815_212901__0563__b,b,20260815_212901,163.8198,294.04,f
20260815_212901__0564__d,d,20260815_212901,164.1705,350.61,b
20260815_212901__0565__n,n,20260815_212901,164.4127,242.27,d
20260815_212901__0566__a,a,20260815_212901,164.6613,248.62,n
20260815_212901__0567__j,j,20260815_212901,164.9672,305.85,a
20260815_212901__0568__s,s,20260815_212901,165.2284,261.18,j
20260815_212901__0569__k,k,20260815_212901,165.5144,285.99,s
20260815_212901__0570__l,l,20260815_212901,165.7589,244.54,k
20260815_212901__0571__p,p,20260815_212901,166.3303,571.38,l
20260815_212901__0572__o,o,20260815_212901,166.6427,312.4,p
20260815_212901__0573__q,q,20260815_212901,166.9134,270.73,o
20260815_212901__0574__i,i,20260815_212901,167.201,287.62,q
20260815_212901__0575__u,u,20260815_212901,167.453,251.95,i
20260815_212901__0576__y,y,20260815_212901,167.6802,227.19,u
20260815_212901__0577__h,h,20260815_212901,167.9782,298.05,y
20260815_212901__0578__t,t,20260815_212901,168.261,282.74,h
20260815_212901__0579__j,j,20260815_212901,168.5605,299.5,t
20260815_212901__0580__g,g,20260815_212901,168.7663,205.83,j
20260815_212901__0581___,_,20260815_212901,169.0844,318.16,g
20260815_212901__0582__n,n,20260815_212901,169.3802,295.71,_
20260815_212901__0583__m,m,20260815_212901,169.935,554.85,n
20260815_212901__0584__x,x,20260815_212901,170.1807,245.67,m
20260815_212901__0585___,_,20260815_212901,170.4139,233.17,x
20260815_212901__0586__a,a,20260815_212901,170.7305,316.6,_
20260815_212901__0587__l,l,20260815_212901,170.9377,207.26,a
20260815_212901__0588__k,k,20260815_212901,171.2441,306.42,l
20260815_212901__0589__j,j,20260815_212901,171.5354,291.29,k
20260815_212901__0590__h,h,20260815_212901,171.7914,255.94,j
20260815_212901__0591__g,g,20260815_212901,172.001,209.68,h
20260815_212901__0592__b,b,20260815_212901,172.3529,351.88,g
20260815_212901__0593___,_,20260815_212901,172.6078,254.88,b
20260815_212901__0594__q,q,20260815_212901,172.8773,269.55,_
20260815_212901__0595__p,p,20260815_212901,173.1659,288.55,q
20260815_212901__0596__1,1,20260815_212901,173.5096,343.74,p
20260815_212901__0597__0,0,20260815_212901,173.7904,280.77,1
20260815_212901__0598__9,9,20260815_212901,174.0713,280.88,0
20260815_212901__0599__2,2,20260815_212901,174.3146,243.36,9
20260815_212901__0600__8,8,20260815_212901,174.6035,288.87,2
20260815_212901__0601__7,7,20260815_212901,174.9146,311.13,8
20260815_212901__0602__6,6,20260815_212901,175.1627,248.1,7
20260815_212901__0603__8,8,20260815_212901,175.441,278.28,6
20260815_212901__0604__5,5,20260815_212901,175.6817,240.73,8
20260815_212901__0605__9,9,20260815_212901,176.0245,342.72,5
20260815_212901__0606__1,1,20260815_212901,176.2533,228.82,9
20260815_212901__0607__0,0,20260815_212901,176.5574,304.08,1
20260815_212901__0608__2,2,20260815_212901,176.8086,251.27,0
20260815_212901__0609__p,p,20260815_212901,177.1283,319.68,2
20260815_212901__0610__q,q,20260815_212901,177.4255,297.19,p
20260815_212901__0611__o,o,20260815_212901,177.7255,300,q
20260815_212901__0612__w,w,20260815_212901,177.9829,257.41,o
20260815_212901__0613__i,i,20260815_212901,178.2204,237.48,w
20260815_212901__0614__u,u,20260815_212901,178.4898,269.43,i
20260815_212901__0615__t,t,20260815_212901,178.8081,318.28,u
20260815_212901__0616__h,h,20260815_212901,179.0812,273.11,t
20260815_212901__0617__g,g,20260815_212901,179.3359,254.67,h
20260815_212901__0618___,_,20260815_212901,179.5731,237.23,g
20260815_212901__0619__z,z,20260815_212901,179.8673,294.15,_
20260815_212901__0620__m,m,20260815_212901,180.148,280.68,z
20260815_212901__0621__x,x,20260815_212901,180.4259,277.98,m
20260815_212901__0622__n,n,20260815_212901,180.7279,301.95,x
20260815_212901__0623__b,b,20260815_212901,180.9813,253.4,n
20260815_212901__0624__v,v,20260815_212901,181.2251,243.81,b
20260815_212901__0625___,_,20260815_212901,181.4134,188.3,v
20260815_212901__0626__l,l,20260815_212901,181.9978,584.35,_
20260815_212901__0627__s,s,20260815_212901,182.1954,197.69,l
20260815_212901__0628__k,k,20260815_212901,182.4724,276.92,s
20260815_212901__0629__j,j,20260815_212901,182.8213,348.98,k
20260815_212901__0630__g,g,20260815_212901,183.0961,274.81,j
20260815_212901__0631__h,h,20260815_212901,183.3751,278.98,g
20260815_212901__0632__b,b,20260815_212901,183.5756,200.45,h
20260815_212901__0633___,_,20260815_212901,183.8675,291.93,b
20260815_212901__0634__n,n,20260815_212901,184.201,333.49,_
20260815_212901__0635__m,m,20260815_212901,184.4993,298.32,n
20260815_212901__0636___,_,20260815_212901,185.0572,557.85,m
20260815_212901__0637__l,l,20260815_212901,185.4402,383.08,_
20260815_212901__0638__a,a,20260815_212901,185.6886,248.37,l
20260815_212901__0639__k,k,20260815_212901,186.0102,321.63,a
20260815_212901__0640__s,s,20260815_212901,186.2289,218.64,k
20260815_212901__0641__j,j,20260815_212901,186.5031,274.2,s
20260815_212901__0642__h,h,20260815_212901,186.743,239.93,j
20260815_212901__0643__g,g,20260815_212901,187.0022,259.18,h
20260815_212901__0644___,_,20260815_212901,187.215,212.83,g
20260815_212901__0645__p,p,20260815_212901,187.5573,342.22,_
20260815_212901__0646__q,q,20260815_212901,187.803,245.78,p
20260815_212901__0647__o,o,20260815_212901,188.0754,272.31,q
20260815_212901__0648__i,i,20260815_212901,188.3598,284.47,o
20260815_212901__0649__u,u,20260815_212901,188.6166,256.78,i
20260815_212901__0650__t,t,20260815_212901,188.848,231.38,u
20260815_212901__0651__y,y,20260815_212901,189.0401,192.15,t
20260815_212901__0652__g,g,20260815_212901,189.3541,313.95,y
20260815_212901__0653__h,h,20260815_212901,189.6605,306.46,g
20260815_212901__0654__a,a,20260815_212901,189.8372,176.67,h
20260815_212901__0655__j,j,20260815_212901,190.1012,264.04,a
20260815_212901__0656__s,s,20260815_212901,190.2493,148.07,j
20260815_212901__0657__k,k,20260815_212901,190.568,318.68,s
20260815_212901__0658__l,l,20260815_212901,190.8523,284.26,k
20260815_212901__0659__0,0,20260815_212901,191.7101,857.8,l
20260815_212901__0660__1,1,20260815_212901,191.9996,289.52,0
20260815_212901__0661__9,9,20260815_212901,192.3105,310.91,1
20260815_212901__0662__2,2,20260815_212901,192.5736,263.06,9
20260815_212901__0663__7,7,20260815_212901,193.2296,656.08,2
20260815_212901__0664__6,6,20260815_212901,193.4356,205.94,7
20260815_212901__0665__y,y,20260815_212901,193.5883,152.68,6
20260815_212901__0666__junk,junk,20260815_212901,193.7294,,
20260815_212901__0667__u,u,20260815_212901,193.8653,277.07,y
20260815_212901__0668__junk,junk,20260815_212901,194.0083,,
20260815_212901__0669__q,q,20260815_212901,194.1622,296.92,u
20260815_212901__0670__i,i,20260815_212901,194.4871,324.9,q
20260815_212901__0671__w,w,20260815_212901,194.7156,228.5,i
20260815_212901__0672__o,o,20260815_212901,195.0236,307.91,w
20260815_212901__0673__p,p,20260815_212901,195.2715,247.98,o
20260815_212901__0674__o,o,20260815_212901,195.5787,307.17,p
20260815_212901__0675__i,i,20260815_212901,196.1517,572.95,o
20260815_212901__0676__w,w,20260815_212901,196.4161,264.49,i
20260815_212901__0677__u,u,20260815_212901,196.6779,261.79,w
20260815_212901__0678__t,t,20260815_212901,196.9402,262.22,u
20260815_212901__0679__y,y,20260815_212901,197.2355,295.35,t
20260815_212901__0680__g,g,20260815_212901,197.5467,311.2,y
20260815_212901__0681__h,h,20260815_212901,197.7739,227.19,g
20260815_212901__0682___,_,20260815_212901,198.0643,290.36,h
20260815_212901__0683__a,a,20260815_212901,198.325,260.73,_
20260815_212901__0684__n,n,20260815_212901,198.656,330.98,a
20260815_212901__0685__s,s,20260815_212901,198.8676,211.59,n
20260815_212901__0686__m,m,20260815_212901,199.1932,325.6,s
20260815_212901__0687__z,z,20260815_212901,199.4308,237.62,m
20260815_212901__0688___,_,20260815_212901,199.6973,266.53,z
20260815_212901__0689__m,m,20260815_212901,200.0074,310.09,_
20260815_212901__0690__x,x,20260815_212901,200.2305,223.08,m
20260815_212901__0691__n,n,20260815_212901,200.5089,278.44,x
20260815_212901__0692__a,a,20260815_212901,200.7615,252.63,n
20260815_212901__0693__j,j,20260815_212901,201.0364,274.88,a
20260815_212901__0694__s,s,20260815_212901,201.3054,269,j
20260815_212901__0695__k,k,20260815_212901,201.6375,332.09,s
20260815_212901__0696__d,d,20260815_212901,201.8652,227.66,k
20260815_212901__0697__l,l,20260815_212901,202.1424,277.26,d
20260815_212901__0698__a,a,20260815_212901,202.3983,255.85,l
20260815_212901__0699__junk,junk,20260815_212901,202.5248,,
20260815_212901__0700__k,k,20260815_212901,202.679,280.68,a
20260815_212901__0701__s,s,20260815_212901,202.8956,216.69,k
20260815_212901__0702__j,j,20260815_212901,203.256,360.36,s
20260815_212901__0703__h,h,20260815_212901,203.4815,225.51,j
20260815_212901__0704__g,g,20260815_212901,203.7532,271.72,h
20260815_212901__0705__b,b,20260815_212901,204.0049,251.66,g
20260815_212901__0706___,_,20260815_212901,204.3029,298.03,b
20260815_212901__0707__z,z,20260815_212901,204.607,304.06,_
20260815_212901__0708__m,m,20260815_212901,204.8955,288.55,z
20260815_212901__0709__j,j,20260815_212901,205.3573,461.77,m
20260815_212901__0710__s,s,20260815_212901,205.6261,268.75,j
20260815_212901__0711__k,k,20260815_212901,205.9257,299.64,s
20260815_212901__0712__d,d,20260815_212901,206.1801,254.44,k
20260815_212901__0713__l,l,20260815_212901,206.4314,251.29,d
20260815_212901__0714__a,a,20260815_212901,206.6675,236.03,l
20260815_212901__0715__k,k,20260815_212901,206.8882,220.77,a
20260815_212901__0716___,_,20260815_212901,207.1293,241.07,k
20260815_212901__0717__n,n,20260815_212901,207.4166,287.28,_
20260815_212901__0718___,_,20260815_212901,207.6518,235.24,n
20260815_212901__0719__n,n,20260815_212901,207.946,294.2,_
20260815_212901__0720___,_,20260815_212901,208.2357,289.71,n
20260815_212901__0721__junk,junk,20260815_212901,208.7062,,
20260815_212901__0722__e,e,20260815_212901,208.9119,676.15,_
20260815_212901__0723___,_,20260815_212901,209.2981,386.28,e
20260815_212901__0724__junk,junk,20260815_212901,209.713,,
20260815_212901__0725__junk,junk,20260815_212901,209.8988,,
20260815_212901__0726__junk,junk,20260815_212901,210.0625,,
20260815_212901__0727__junk,junk,20260815_212901,210.443,,
20260815_212901__0728__k,k,20260815_212901,210.5982,1300.02,_
20260815_212901__0729__l,l,20260815_212901,210.8676,269.39,k
20260815_212901__0730__a,a,20260815_212901,211.068,200.45,l
20260815_212901__0731__junk,junk,20260815_212901,211.2186,,
20260815_212901__0732__k,k,20260815_212901,211.3802,312.15,a
20260815_212901__0733__s,s,20260815_212901,211.6155,235.35,k
20260815_212901__0734__j,j,20260815_212901,211.8707,255.22,s
20260815_212901__0735__h,h,20260815_212901,212.289,418.32,j
20260815_212901__0736__i,i,20260815_212901,212.7437,454.6,h
20260815_212901__0737__q,q,20260815_212901,212.8918,148.16,i
20260815_212901__0738__junk,junk,20260815_212901,213.0217,,
20260815_212901__0739__o,o,20260815_212901,213.2549,363.06,q
20260815_212901__0740__w,w,20260815_212901,213.486,231.09,o
20260815_212901__0741__p,p,20260815_212901,213.7188,232.86,w
20260815_212901__0742__o,o,20260815_212901,214.0809,362.09,p
20260815_212901__0743__i,i,20260815_212901,214.3836,302.65,o
20260815_212901__0744__u,u,20260815_212901,214.7229,339.32,i
20260815_212901__0745__r,r,20260815_212901,215.1627,439.86,u
20260815_212901__0746__y,y,20260815_212901,215.3936,230.88,r
20260815_212901__0747__d,d,20260815_212901,215.9281,534.51,y
20260815_212901__0748___,_,20260815_212901,216.3673,439.12,d
20260815_212901__0749__n,n,20260815_212901,216.7645,397.28,_
20260815_212901__0750___,_,20260815_212901,217.1856,421.09,n
20260815_212901__0751__j,j,20260815_212901,217.8051,619.43,_
20260815_212901__0752__s,s,20260815_212901,218.0297,224.63,j
20260815_212901__0753__k,k,20260815_212901,218.2736,243.95,s
20260815_212901__0754__l,l,20260815_212901,218.7865,512.88,k
20260815_212901__0755__a,a,20260815_212901,218.9675,180.98,l
20260815_212901__0756__l,l,20260815_212901,219.2631,295.62,a
20260815_212901__0757__s,s,20260815_212901,219.4729,209.75,l
20260815_212901__0758__k,k,20260815_212901,219.7097,236.83,s
20260815_212901__0759__j,j,20260815_212901,219.9799,270.18,k
20260815_212901__0760__h,h,20260815_212901,220.2111,231.22,j
20260815_212901__0761__g,g,20260815_212901,220.4371,225.99,h
20260815_212901__0762__b,b,20260815_212901,220.7239,286.8,g
20260815_212901__0763__n,n,20260815_212901,220.9973,273.38,b
20260815_212901__0764___,_,20260815_212901,221.2526,255.35,n
20260815_212901__0765__n,n,20260815_212901,221.5132,260.57,_
20260815_212901__0766__z,z,20260815_212901,222.0238,510.61,n
20260815_212901__0767__m,m,20260815_212901,222.3326,308.78,z
20260815_212901__0768__x,x,20260815_212901,222.5916,259.07,m
20260815_212901__0769__n,n,20260815_212901,222.8786,286.96,x
20260815_212901__0770___,_,20260815_212901,223.1164,237.85,n
20260815_212901__0771___,_,20260815_212901,223.3921,275.69,_
20260815_212901__0772__1,1,20260815_212901,223.6835,291.38,_
20260815_212901__0773__0,0,20260815_212901,224.0042,320.73,1
20260815_212901__0774__2,2,20260815_212901,224.2122,208,0
20260815_212901__0775__junk,junk,20260815_212901,224.3378,,
20260815_212901__0776__9,9,20260815_212901,224.5248,312.59,2
20260815_212901__0777__o,o,20260815_212901,224.8041,279.27,9
20260815_212901__0778__q,q,20260815_212901,225.0168,212.72,o
20260815_212901__0779__junk,junk,20260815_212901,225.1458,,
20260815_212901__0780__p,p,20260815_212901,225.2719,255.06,q
20260815_212901__0781__w,w,20260815_212901,225.5553,283.38,p
20260815_212901__0782__o,o,20260815_212901,225.8556,300.32,w
20260815_212901__0783__1,1,20260815_212901,226.1581,302.52,o
20260815_212901__0784__0,0,20260815_212901,226.4983,340.16,1
20260815_212901__0785__9,9,20260815_212901,226.8039,305.67,0
20260815_212901__0786__8,8,20260815_212901,227.0696,265.69,9
20260815_212901__0787__7,7,20260815_212901,227.3524,282.77,8
20260815_212901__0788__6,6,20260815_212901,227.5534,201,7
20260815_212901__0789__5,5,20260815_212901,227.8489,295.53,6
20260815_212901__0790__y,y,20260815_212901,228.1339,284.99,5
20260815_212901__0791__u,u,20260815_212901,228.7659,632,y
20260815_212901__0792__w,w,20260815_212901,229.0459,279.98,u
20260815_212901__0793__i,i,20260815_212901,229.355,309.14,w
20260815_212901__0794__e,e,20260815_212901,229.6403,285.31,i
20260815_212901__0795__y,y,20260815_212901,229.9246,284.26,e
20260815_212901__0796__r,r,20260815_212901,230.2216,297.05,y
20260815_212901__0797__y,y,20260815_212901,230.4576,236.01,r
20260815_212901__0798__t,t,20260815_212901,230.7461,288.41,y
20260815_212901__0799__y,y,20260815_212901,230.9915,245.4,t
20260815_212901__0800__t,t,20260815_212901,231.2385,247.07,y
20260815_212901__0801__y,y,20260815_212901,231.5414,302.83,t
20260815_212901__0802__g,g,20260815_212901,231.7736,232.27,y
20260815_212901__0803__g,g,20260815_212901,232.11,336.42,g
20260815_212901__0804__g,g,20260815_212901,232.3727,262.63,g
20260815_212901__0805__f,f,20260815_212901,232.5812,208.55,g
20260815_212901__0806__h,h,20260815_212901,232.9195,338.32,f
20260815_212901__0807__h,h,20260815_212901,233.1753,255.76,h
20260815_212901__0808__g,g,20260815_212901,233.4034,228.07,h
20260815_212901__0809__h,h,20260815_212901,233.8176,414.2,g
20260815_212901__0810__s,s,20260815_212901,234.0496,232.04,h
20260815_212901__0811__j,j,20260815_212901,234.3206,270.95,s
20260815_212901__0812__d,d,20260815_212901,234.8081,487.53,j
20260815_212901__0813__l,l,20260815_212901,235.0567,248.64,d
20260815_212901__0814__f,f,20260815_212901,235.2805,223.79,l
20260815_212901__0815__k,k,20260815_212901,235.5716,291.04,f
20260815_212901__0816___,_,20260815_212901,235.8085,236.92,k
20260815_212901__0817___,_,20260815_212901,236.3409,532.38,_
20260815_212901__0818__n,n,20260815_212901,236.777,436.12,_
20260815_212901__0819___,_,20260815_212901,237.061,284.01,n
20260815_212901__0820__b,b,20260815_212901,237.3605,299.52,_
20260815_212901__0821__z,z,20260815_212901,237.7385,378.03,b
20260815_212901__0822__junk,junk,20260815_212901,237.9136,,
20260815_212901__0823__n,n,20260815_212901,238.0537,315.12,z
20260815_212901__0824__m,m,20260815_212901,238.4108,357.12,n
20260815_212901__0825__junk,junk,20260815_212901,238.5706,,
20260815_212901__0826__l,l,20260815_212901,238.6973,286.49,m
20260815_212901__0827__junk,junk,20260815_212901,238.8223,,
20260815_212901__0828__a,a,20260815_212901,238.9537,256.37,l
20260815_212901__0829__k,k,20260815_212901,239.2035,249.89,a
20260815_212901__0830__s,s,20260815_212901,239.4018,198.28,k
20260815_212901__0831___,_,20260815_212901,239.6108,209.02,s
20260815_212901__0832__m,m,20260815_212901,239.9294,318.55,_
20260815_212901__0833__n,n,20260815_212901,240.2697,340.34,m
20260815_212901__0834__junk,junk,20260815_212901,240.3967,,
20260815_212901__0835__j,j,20260815_212901,240.5624,292.72,n
20260815_212901__0836__k,k,20260815_212901,240.8023,239.82,j
20260815_212901__0837__l,l,20260815_212901,240.9506,148.34,k
20260815_212901__0838__k,k,20260815_212901,241.4361,485.51,l
20260815_212901__0839__a,a,20260815_212901,241.6552,219.07,k
20260815_212901__0840__j,j,20260815_212901,241.8973,242.09,a
20260815_212901__0841__s,s,20260815_212901,242.1925,295.24,j
20260815_212901__0842__h,h,20260815_212901,242.3617,169.14,s
20260815_212901__0843__f,f,20260815_212901,242.6645,302.81,h
20260815_212901__0844__g,g,20260815_212901,242.9554,290.95,f
20260815_212901__0845__b,b,20260815_212901,243.1086,153.15,g
20260815_212901__0846__junk,junk,20260815_212901,243.2569,,
20260815_212901__0847___,_,20260815_212901,243.4449,336.28,b
20260815_212901__0848__b,b,20260815_212901,243.7074,262.56,_
20260815_212901__0849__junk,junk,20260815_212901,243.9259,,
20260815_212901__0850__junk,junk,20260815_212901,244.2438,,
20260815_212901__0851__o,o,20260815_212901,244.3802,672.74,b
20260815_212901__0852__junk,junk,20260815_212901,244.6109,,
20260815_212901__0853__q,q,20260815_212901,244.7589,378.73,o
20260815_212901__0854__p,p,20260815_212901,245.0134,254.56,q
20260815_212901__0855__w,w,20260815_212901,245.2089,195.46,p
20260815_212901__0856__o,o,20260815_212901,245.4635,254.6,w
20260815_212901__0857__junk,junk,20260815_212901,245.5895,,
20260815_212901__0858__i,i,20260815_212901,245.9351,471.56,o
20260815_212901__0859__u,u,20260815_212901,246.1861,250.98,i
20260815_212901__0860__junk,junk,20260815_212901,246.3682,,
20260815_212901__0861__r,r,20260815_212901,246.5138,327.73,u
20260815_212901__0862__y,y,20260815_212901,246.7479,234.15,r
20260815_212901__0863__r,r,20260815_212901,247.0773,329.39,y
20260815_212901__0864__u,u,20260815_212901,247.3391,261.77,r
20260815_212901__0865__i,i,20260815_212901,247.8283,489.21,u
20260815_212901__0866__q,q,20260815_212901,248.025,196.69,i
20260815_212901__0867__o,o,20260815_212901,248.1559,130.93,q
20260815_212901__0868__junk,junk,20260815_212901,248.2992,,
20260815_212901__0869__w,w,20260815_212901,248.5151,359.14,o
20260815_212901__0870__p,p,20260815_212901,248.7582,243.15,w
20260815_212901__0871__k,k,20260815_212901,249.1146,356.39,p
20260815_212901__0872__l,l,20260815_212901,249.3807,266.08,k
20260815_212901__0873__k,k,20260815_212901,249.5101,129.43,l
20260815_212901__0874__junk,junk,20260815_212901,249.6473,,
20260815_212901__0875__j,j,20260815_212901,249.8456,335.44,k
20260815_212901__0876__junk,junk,20260815_212901,249.9846,,
20260815_212901__0877__h,h,20260815_212901,250.1163,270.7,j
20260815_212901__0878__b,b,20260815_212901,250.3909,274.67,h
20260815_212901__0879__v,v,20260815_212901,250.6045,213.61,b
20260815_212901__0880___,_,20260815_212901,250.7517,147.12,v
20260815_212901__0881__junk,junk,20260815_212901,250.9038,,
20260815_212901__0882__junk,junk,20260815_212901,251.0302,,
20260815_212901__0883__z,z,20260815_212901,251.1582,406.51,_
20260815_212901__0884__junk,junk,20260815_212901,251.29,,
20260815_212901__0885__m,m,20260815_212901,251.4209,262.7,z
20260815_212901__0886__x,x,20260815_212901,251.62,199.18,m
20260815_212901__0887__n,n,20260815_212901,251.8654,245.35,x
20260815_212901__0888___,_,20260815_212901,252.1212,255.83,n
20260815_212901__0889__b,b,20260815_212901,252.3235,202.24,_
20260815_212901__0890__v,v,20260815_212901,252.6459,322.45,b
20260815_212901__0891__n,n,20260815_212901,252.8747,228.82,v
20260815_212901__0892___,_,20260815_212901,253.1675,292.79,n
20260815_212901__0893__l,l,20260815_212901,254.1943,1026.8,_
20260815_212901__0894__junk,junk,20260815_212901,254.5097,,
20260815_212901__0895__k,k,20260815_212901,254.6652,470.86,l
20260815_212901__0896__s,s,20260815_212901,254.8524,187.26,k
20260815_212901__0897___,_,20260815_212901,255.1469,294.44,s
20260815_212901__0898__1,1,20260815_212901,255.5521,405.17,_
20260815_212901__0899__0,0,20260815_212901,255.8297,277.62,1
20260815_212901__0900__2,2,20260815_212901,256.0002,170.5,0
20260815_212901__0901__9,9,20260815_212901,256.2689,268.73,2
20260815_212901__0902__3,3,20260815_212901,257.168,899.14,9
20260815_212901__0903__8,8,20260815_212901,257.4515,283.49,3
20260815_212901__0904__4,4,20260815_212901,257.6715,219.91,8
20260815_212901__0905__7,7,20260815_212901,257.8912,219.77,4
20260815_212901__0906__6,6,20260815_212901,258.3827,491.5,7
20260815_212901__0907__q,q,20260815_212901,258.6926,309.91,6
20260815_212901__0908__y,y,20260815_212901,258.9452,252.54,q
20260815_212901__0909__w,w,20260815_212901,259.1832,238.07,y
20260815_212901__0910__u,u,20260815_212901,259.4264,243.15,w
20260815_212901__0911__e,e,20260815_212901,259.6799,253.51,u
20260815_212901__0912__r,r,20260815_212901,259.9672,287.3,e
20260815_212901__0913__junk,junk,20260815_212901,260.2803,,
20260815_212901__0914__y,y,20260815_212901,260.5119,544.67,r
20260815_212901__0915__p,p,20260815_212901,260.8079,295.99,y
20260815_212901__0916__q,q,20260815_212901,260.9849,177.05,p
20260815_212901__0917__junk,junk,20260815_212901,261.121,,
20260815_212901__0918__o,o,20260815_212901,261.3485,363.61,q
20260815_212901__0919__w,w,20260815_212901,261.5758,227.23,o
20260815_212901__0920__i,i,20260815_212901,261.8871,311.36,w
20260815_212901__0921__j,j,20260815_212901,262.1216,234.51,i
20260815_212901__0922__h,h,20260815_212901,262.3932,271.61,j
20260815_212901__0923__b,b,20260815_212901,262.6186,225.33,h
20260815_212901__0924___,_,20260815_212901,262.8332,214.63,b
20260815_212901__0925__b,b,20260815_212901,263.1276,294.42,_
20260815_212901__0926___,_,20260815_212901,263.3377,210.09,b
20260815_212901__0927__z,z,20260815_212901,263.7157,377.96,_
20260815_212901__0928__m,m,20260815_212901,264.0465,330.79,z
20260815_212901__0929__x,x,20260815_212901,264.259,212.49,m
20260815_212901__0930__n,n,20260815_212901,264.5243,265.31,x
20260815_212901__0931__b,b,20260815_212901,264.7593,235.01,n
20260815_212901__0932__v,v,20260815_212901,264.9771,217.87,b
20260815_212901__0933___,_,20260815_212901,265.2442,267.1,v
20260815_212901__0934__a,a,20260815_212901,265.4931,248.89,_
20260815_212901__0935__l,l,20260815_212901,265.7573,264.17,a
20260815_212901__0936__s,s,20260815_212901,265.9596,202.34,l
20260815_212901__0937__k,k,20260815_212901,266.1572,197.57,s
20260815_212901__0938__j,j,20260815_212901,266.438,280.77,k
20260815_212901__0939__h,h,20260815_212901,266.7013,263.29,j
20260815_212901__0940__g,g,20260815_212901,266.9329,231.63,h
20260815_212901__0941__b,b,20260815_212901,267.1727,239.8,g
20260815_212901__0942___,_,20260815_212901,267.3702,197.46,b
20260815_212901__0943__n,n,20260815_212901,268.3769,1006.73,_
20260815_212901__0944__b,b,20260815_212901,268.8657,488.82,n
20260815_212901__0945___,_,20260815_212901,269.1317,265.94,b
20260815_212901__0946__c,c,20260815_212901,269.4056,273.95,_
20260815_212901__0947__h,h,20260815_212901,269.6318,226.17,c
20260815_212901__0948__j,j,20260815_212901,270.1092,477.41,h
20260815_212901__0949__s,s,20260815_212901,270.3132,203.99,j
20260815_212901__0950__k,k,20260815_212901,270.5819,268.73,s
20260815_212901__0951__d,d,20260815_212901,270.7646,182.72,k
20260815_212901__0952__l,l,20260815_212901,271.0485,283.92,d
20260815_212901__0953__1,1,20260815_212901,271.4356,387.03,l
20260815_212901__0954__0,0,20260815_212901,271.6801,244.56,1
20260815_212901__0955__2,2,20260815_212901,271.9131,232.95,0
20260815_212901__0956__o,o,20260815_212901,272.4482,535.12,2
20260815_212901__0957__q,q,20260815_212901,272.6536,205.42,o
20260815_212901__0958__p,p,20260815_212901,272.9105,256.85,q
20260815_212901__0959__w,w,20260815_212901,273.162,251.47,p
20260815_212901__0960__o,o,20260815_212901,273.4055,243.51,w
20260815_212901__0961__i,i,20260815_212901,273.6422,236.71,o
20260815_212901__0962__u,u,20260815_212901,273.8945,252.29,i
20260815_212901__0963__t,t,20260815_212901,274.0897,195.26,u
20260815_212901__0964__y,y,20260815_212901,274.3581,268.34,t
20260815_212901__0965__g,g,20260815_212901,274.6078,249.75,y
20260815_212901__0966__h,h,20260815_212901,274.88,272.2,g
20260815_212901__0967__j,j,20260815_212901,275.3844,504.38,h
20260815_212901__0968__s,s,20260815_212901,275.588,203.65,j
20260815_212901__0969___,_,20260815_212901,275.9099,321.84,s
20260815_212901__0970__1,1,20260815_212901,276.5292,619.32,_
20260815_212901__0971__0,0,20260815_212901,276.8728,343.56,1
20260815_212901__0972__2,2,20260815_212901,277.1773,304.54,0
20260815_212901__0973__9,9,20260815_212901,277.4689,291.63,2
20260815_212901__0974__3,3,20260815_212901,277.6763,207.39,9
20260815_212901__0975__7,7,20260815_212901,277.9737,297.37,3
20260815_212901__0976__5,5,20260815_212901,278.1884,214.69,7
20260815_212901__0977__l,l,20260815_212901,278.8906,702.18,5
20260815_212901__0978__p,p,20260815_212901,279.1942,303.63,l
20260815_212901__0979__q,q,20260815_212901,279.4631,268.91,p
20260815_212901__0980___,_,20260815_212901,279.8361,372.95,q
20260815_212901__0981__w,w,20260815_212901,280.7811,945.01,_
20260815_212901__0982__h,h,20260815_212901,280.963,181.9,w
20260815_212901__0983__o,o,20260815_212901,281.2479,284.94,h
20260815_212901__0984___,_,20260815_212901,281.4498,201.88,o
20260815_212901__0985__a,a,20260815_212901,281.6965,246.69,_
20260815_212901__0986__m,m,20260815_212901,281.8727,176.26,a
20260815_212901__0987___,_,20260815_212901,282.1737,300.95,m
20260815_212901__0988__i,i,20260815_212901,282.5726,398.87,_
20260815_212901__0989___,_,20260815_212901,282.8971,324.54,i
20260815_212901__0990__i,i,20260815_212901,283.2339,336.85,_
20260815_212901__0991__m,m,20260815_212901,283.4815,247.53,i
20260815_212901__0992___,_,20260815_212901,283.6616,180.11,m
20260815_212901__0993__a,a,20260815_212901,284.0378,376.26,_
20260815_212901__0994__l,l,20260815_212901,284.2793,241.41,a
20260815_212901__0995___,_,20260815_212901,284.5803,301.09,l
20260815_212901__0996__m,m,20260815_212901,284.9043,323.99,_
20260815_212901__0997__o,o,20260815_212901,285.1841,279.73,m
20260815_212901__0998___,_,20260815_212901,285.7969,612.88,o
20260815_212901__0999__w,w,20260815_212901,286.4159,618.96,_
20260815_212901__1000__e,e,20260815_212901,286.7044,288.46,w
20260815_212901__1001__n,n,20260815_212901,287.0591,354.72,e
20260815_212901__1002__t,t,20260815_212901,287.3091,250.02,n
20260815_212901__1003__y,y,20260815_212901,287.5354,226.35,t
20260815_212901__1004___,_,20260815_212901,287.8935,358.1,y
20260815_212901__1005__o,o,20260815_212901,288.147,253.45,_
20260815_212901__1006__n,n,20260815_212901,288.4131,266.08,o
20260815_212901__1007__e,e,20260815_212901,288.6885,275.42,n
20260815_212901__1008___,_,20260815_212901,288.9854,296.87,e
20260815_212901__1009__d,d,20260815_212901,290.6806,1695.24,_
20260815_212901__1010__n,n,20260815_212901,291.1473,466.73,d
20260815_212901__1011__t,t,20260815_212901,291.3573,209.95,n
20260815_212901__1012___,_,20260815_212901,291.5609,203.63,t
20260815_212901__1013__e,e,20260815_212901,292.1332,572.34,_
20260815_212901__1014__m,m,20260815_212901,292.4603,327.03,e
20260815_212901__1015__e,e,20260815_212901,292.6999,239.66,m
20260815_212901__1016__m,m,20260815_212901,292.9306,230.68,e
20260815_212901__1017__b,b,20260815_212901,293.111,180.41,m
20260815_212901__1018__e,e,20260815_212901,293.5298,418.82,b
20260815_212901__1019__r,r,20260815_212901,293.8449,315.1,e
20260815_212901__1020___,_,20260815_212901,294.0712,226.28,r
20260815_212901__1021__w,w,20260815_212901,294.263,191.81,_
20260815_212901__1022__h,h,20260815_212901,294.458,194.92,w
20260815_212901__1023__e,e,20260815_212901,294.7953,337.3,h
20260815_212901__1024__r,r,20260815_212901,295.0916,296.35,e
20260815_212901__1025__e,e,20260815_212901,295.3989,307.3,r
20260815_212901__1026___,_,20260815_212901,295.5867,187.76,e
20260815_212901__1027__i,i,20260815_212901,296.4091,822.43,_
20260815_212901__1028___,_,20260815_212901,296.6565,247.41,i
20260815_212901__1029__m,m,20260815_212901,297.2066,550.11,_
20260815_212901__1030___,_,20260815_212901,297.4143,207.69,m
20260815_212901__1031__h,h,20260815_212901,297.68,265.65,_
20260815_212901__1032__a,a,20260815_212901,298.0377,357.71,h
20260815_212901__1033__l,l,20260815_212901,298.3057,268,a
20260815_212901__1034__f,f,20260815_212901,298.5307,225.01,l
20260815_212901__1035___,_,20260815_212901,298.7346,203.88,f
20260815_212901__1036__t,t,20260815_212901,299.0077,273.15,_
20260815_212901__1037__h,h,20260815_212901,299.1472,139.48,t
20260815_212901__1038__e,e,20260815_212901,299.4511,303.95,h
20260815_212901__1039___,_,20260815_212901,299.8014,350.23,e
20260815_212901__1040__t,t,20260815_212901,300.094,292.61,_
20260815_212901__1041__i,i,20260815_212901,300.4133,319.34,t
20260815_212901__1042__e,e,20260815_212901,300.9039,490.54,i
20260815_212901__1043___,_,20260815_212901,301.1557,251.88,e
20260815_212901__1044__t,t,20260815_212901,301.4199,264.17,_
20260815_212901__1045__h,h,20260815_212901,301.7775,357.57,t
20260815_212901__1046__t,t,20260815_212901,302.3537,576.24,h
20260815_212901__1047___,_,20260815_212901,302.6399,286.17,t
20260815_212901__1048__i,i,20260815_212901,302.9401,300.23,_
20260815_212901__1049___,_,20260815_212901,303.1873,247.19,i
20260815_212901__1050__h,h,20260815_212901,303.4337,246.37,_
20260815_212901__1051__v,v,20260815_212901,303.982,548.28,h
20260815_212901__1052__e,e,20260815_212901,304.2373,255.4,v
20260815_212901__1053___,_,20260815_212901,304.5016,264.29,e
20260815_212901__1054__b,b,20260815_212901,304.7176,215.99,_
20260815_212901__1055__e,e,20260815_212901,305.0624,344.78,b
20260815_212901__1056__e,e,20260815_212901,305.3426,280.18,e
20260815_212901__1057__n,n,20260815_212901,305.6342,291.66,e
20260815_212901__1058___,_,20260815_212901,305.8696,235.37,n
20260815_212901__1059__a,a,20260815_212901,306.1915,321.9,_
20260815_212901__1060__l,l,20260815_212901,306.4889,297.39,a
20260815_212901__1061__i,i,20260815_212901,306.7663,277.37,l
20260815_212901__1062__e,e,20260815_212901,307.3238,557.55,i
20260815_212901__1063___,_,20260815_212901,307.5326,208.75,e
20260815_212901__1064__o,o,20260815_212901,307.9038,371.25,_
20260815_212901__1065__h,h,20260815_212901,308.1493,245.42,o
20260815_212901__1066___,_,20260815_212901,308.458,308.8,h
20260815_212901__1067__y,y,20260815_212901,308.9662,508.14,_
20260815_212901__1068___,_,20260815_212901,309.1839,217.66,y
20260815_212901__1069__g,g,20260815_212901,309.3607,176.8,_
20260815_212901__1070__o,o,20260815_212901,309.7075,346.87,g
20260815_212901__1071__d,d,20260815_212901,309.9858,278.23,o
20260815_212901__1072___,_,20260815_212901,310.1883,202.52,d
20260815_212901__1073__m,m,20260815_212901,310.711,522.72,_
20260815_212901__1074___,_,20260815_212901,310.9519,240.86,m
20260815_212901__1075__u,u,20260815_212901,311.3481,396.26,_
20260815_212901__1076__l,l,20260815_212901,311.6303,282.18,u
20260815_212901__1077__i,i,20260815_212901,312.1619,531.56,l
20260815_212901__1078__n,n,20260815_212901,312.3993,237.44,i
20260815_212901__1079__g,g,20260815_212901,312.6288,229.5,n
20260815_212901__1080___,_,20260815_212901,312.9427,313.88,g
20260815_212901__1081__o,o,20260815_212901,313.1951,252.4,_
20260815_212901__1082__u,u,20260815_212901,313.4289,233.81,o
20260815_212901__1083__t,t,20260815_212901,313.6346,205.67,u
20260815_212901__1084___,_,20260815_212901,313.8312,196.69,t
20260815_212901__1085__m,m,20260815_212901,314.1073,276.1,_
20260815_212901__1086__y,y,20260815_212901,314.2841,176.8,m
20260815_212901__1087___,_,20260815_212901,314.5468,262.65,y
20260815_212901__1088__junk,junk,20260815_212901,315.239,,
20260815_212901__1089__h,h,20260815_212901,315.4914,944.56,_
ambient_20260815_183723__0000__junk,junk,ambient_20260815_183723,0.9359,,
ambient_20260815_183723__0001__junk,junk,ambient_20260815_183723,2.7069,,
ambient_20260815_183723__0002__junk,junk,ambient_20260815_183723,2.8556,,
ambient_20260815_183723__0003__junk,junk,ambient_20260815_183723,3.0349,,
ambient_20260815_183723__0004__junk,junk,ambient_20260815_183723,3.227,,
ambient_20260815_183723__0005__junk,junk,ambient_20260815_183723,3.3855,,
ambient_20260815_183723__0006__junk,junk,ambient_20260815_183723,3.5559,,
ambient_20260815_183723__0007__junk,junk,ambient_20260815_183723,3.6949,,
ambient_20260815_183723__0008__junk,junk,ambient_20260815_183723,5.2515,,
ambient_20260815_183723__0009__junk,junk,ambient_20260815_183723,5.4739,,
ambient_20260815_183723__0010__junk,junk,ambient_20260815_183723,5.6309,,
ambient_20260815_183723__0011__junk,junk,ambient_20260815_183723,5.8549,,
ambient_20260815_183723__0012__junk,junk,ambient_20260815_183723,6.2319,,
ambient_20260815_183723__0013__junk,junk,ambient_20260815_183723,6.3864,,
ambient_20260815_183723__0014__junk,junk,ambient_20260815_183723,7.564,,
ambient_20260815_183723__0015__junk,junk,ambient_20260815_183723,7.695,,
ambient_20260815_183723__0016__junk,junk,ambient_20260815_183723,7.8245,,
ambient_20260815_183723__0017__junk,junk,ambient_20260815_183723,7.9656,,
ambient_20260815_183723__0018__junk,junk,ambient_20260815_183723,8.0962,,
ambient_20260815_183723__0019__junk,junk,ambient_20260815_183723,8.5195,,
ambient_20260815_183723__0020__junk,junk,ambient_20260815_183723,8.6483,,
ambient_20260815_183723__0021__junk,junk,ambient_20260815_183723,8.8537,,
ambient_20260815_183723__0022__junk,junk,ambient_20260815_183723,9.0168,,
ambient_20260815_183723__0023__junk,junk,ambient_20260815_183723,9.1674,,
ambient_20260815_183723__0024__junk,junk,ambient_20260815_183723,10.2751,,
ambient_20260815_183723__0025__junk,junk,ambient_20260815_183723,10.4124,,
ambient_20260815_183723__0026__junk,junk,ambient_20260815_183723,10.5378,,
ambient_20260815_183723__0027__junk,junk,ambient_20260815_183723,10.6731,,
ambient_20260815_183723__0028__junk,junk,ambient_20260815_183723,10.9007,,
ambient_20260815_183723__0029__junk,junk,ambient_20260815_183723,11.1203,,
ambient_20260815_183723__0030__junk,junk,ambient_20260815_183723,11.3349,,
ambient_20260815_183723__0031__junk,junk,ambient_20260815_183723,11.4827,,
ambient_20260815_183723__0032__junk,junk,ambient_20260815_183723,11.62,,
ambient_20260815_183723__0033__junk,junk,ambient_20260815_183723,11.8729,,
ambient_20260815_183723__0034__junk,junk,ambient_20260815_183723,12.0164,,
ambient_20260815_183723__0035__junk,junk,ambient_20260815_183723,12.2655,,
ambient_20260815_183723__0036__junk,junk,ambient_20260815_183723,12.4197,,
ambient_20260815_183723__0037__junk,junk,ambient_20260815_183723,12.579,,
ambient_20260815_183723__0038__junk,junk,ambient_20260815_183723,12.7056,,
ambient_20260815_183723__0039__junk,junk,ambient_20260815_183723,12.8492,,
ambient_20260815_183723__0040__junk,junk,ambient_20260815_183723,13.0243,,
ambient_20260815_183723__0041__junk,junk,ambient_20260815_183723,13.1541,,
ambient_20260815_183723__0042__junk,junk,ambient_20260815_183723,13.3711,,
ambient_20260815_183723__0043__junk,junk,ambient_20260815_183723,13.5531,,
ambient_20260815_183723__0044__junk,junk,ambient_20260815_183723,13.7216,,
ambient_20260815_183723__0045__junk,junk,ambient_20260815_183723,14.1694,,
ambient_20260815_183723__0046__junk,junk,ambient_20260815_183723,14.4056,,
ambient_20260815_183723__0047__junk,junk,ambient_20260815_183723,14.5707,,
ambient_20260815_183723__0048__junk,junk,ambient_20260815_183723,14.8548,,
ambient_20260815_183723__0049__junk,junk,ambient_20260815_183723,15.0165,,
ambient_20260815_183723__0050__junk,junk,ambient_20260815_183723,15.1938,,
ambient_20260815_183723__0051__junk,junk,ambient_20260815_183723,15.3545,,
ambient_20260815_183723__0052__junk,junk,ambient_20260815_183723,15.6098,,
ambient_20260815_183723__0053__junk,junk,ambient_20260815_183723,15.9095,,
ambient_20260815_183723__0054__junk,junk,ambient_20260815_183723,16.1281,,
ambient_20260815_183723__0055__junk,junk,ambient_20260815_183723,16.4512,,
ambient_20260815_183723__0056__junk,junk,ambient_20260815_183723,16.5942,,
ambient_20260815_183723__0057__junk,junk,ambient_20260815_183723,16.7842,,
ambient_20260815_183723__0058__junk,junk,ambient_20260815_183723,16.9712,,
ambient_20260815_183723__0059__junk,junk,ambient_20260815_183723,17.2917,,
ambient_20260815_183723__0060__junk,junk,ambient_20260815_183723,17.4227,,
ambient_20260815_183723__0061__junk,junk,ambient_20260815_183723,19.7712,,
ambient_20260815_183723__0062__junk,junk,ambient_20260815_183723,19.9762,,
ambient_20260815_183723__0063__junk,junk,ambient_20260815_183723,20.1026,,
ambient_20260815_183723__0064__junk,junk,ambient_20260815_183723,20.2304,,
ambient_20260815_183723__0065__junk,junk,ambient_20260815_183723,20.3827,,
ambient_20260815_183723__0066__junk,junk,ambient_20260815_183723,20.5405,,
ambient_20260815_183723__0067__junk,junk,ambient_20260815_183723,20.7215,,
ambient_20260815_183723__0068__junk,junk,ambient_20260815_183723,20.8567,,
ambient_20260815_183723__0069__junk,junk,ambient_20260815_183723,21.4041,,
ambient_20260815_183723__0070__junk,junk,ambient_20260815_183723,21.5798,,
ambient_20260815_183723__0071__junk,junk,ambient_20260815_183723,21.7058,,
ambient_20260815_183723__0072__junk,junk,ambient_20260815_183723,21.8564,,
ambient_20260815_183723__0073__junk,junk,ambient_20260815_183723,22.0202,,
ambient_20260815_183723__0074__junk,junk,ambient_20260815_183723,22.1874,,
ambient_20260815_183723__0075__junk,junk,ambient_20260815_183723,22.4168,,
ambient_20260815_183723__0076__junk,junk,ambient_20260815_183723,22.5777,,
ambient_20260815_183723__0077__junk,junk,ambient_20260815_183723,22.7448,,
ambient_20260815_183723__0078__junk,junk,ambient_20260815_183723,22.9414,,
ambient_20260815_183723__0079__junk,junk,ambient_20260815_183723,23.0776,,
ambient_20260815_183723__0080__junk,junk,ambient_20260815_183723,23.2439,,
ambient_20260815_183723__0081__junk,junk,ambient_20260815_183723,23.4638,,
ambient_20260815_183723__0082__junk,junk,ambient_20260815_183723,23.6316,,
ambient_20260815_183723__0083__junk,junk,ambient_20260815_183723,23.7612,,
ambient_20260815_183723__0084__junk,junk,ambient_20260815_183723,24.07,,
ambient_20260815_183723__0085__junk,junk,ambient_20260815_183723,24.5151,,
ambient_20260815_183723__0086__junk,junk,ambient_20260815_183723,24.7054,,
ambient_20260815_183723__0087__junk,junk,ambient_20260815_183723,25.6624,,
ambient_20260815_183723__0088__junk,junk,ambient_20260815_183723,26.1458,,
ambient_20260815_183723__0089__junk,junk,ambient_20260815_183723,26.8959,,
ambient_20260815_183723__0090__junk,junk,ambient_20260815_183723,27.2279,,
ambient_20260815_183723__0091__junk,junk,ambient_20260815_183723,27.4666,,
ambient_20260815_183723__0092__junk,junk,ambient_20260815_183723,27.5942,,
ambient_20260815_183723__0093__junk,junk,ambient_20260815_183723,27.8254,,
ambient_20260815_183723__0094__junk,junk,ambient_20260815_183723,27.9958,,
ambient_20260815_183723__0095__junk,junk,ambient_20260815_183723,28.1574,,
ambient_20260815_183723__0096__junk,junk,ambient_20260815_183723,28.3712,,
ambient_20260815_183723__0097__junk,junk,ambient_20260815_183723,28.5024,,
ambient_20260815_183723__0098__junk,junk,ambient_20260815_183723,28.6685,,
ambient_20260815_183723__0099__junk,junk,ambient_20260815_183723,28.7937,,
ambient_20260815_183723__0100__junk,junk,ambient_20260815_183723,28.9888,,
ambient_20260815_183723__0101__junk,junk,ambient_20260815_183723,29.2194,,
ambient_20260815_183723__0102__junk,junk,ambient_20260815_183723,29.3654,,
ambient_20260815_183723__0103__junk,junk,ambient_20260815_183723,29.6024,,
ambient_20260815_183723__0104__junk,junk,ambient_20260815_183723,29.8257,,
ambient_20260815_183723__0105__junk,junk,ambient_20260815_183723,30.0325,,
ambient_20260815_183723__0106__junk,junk,ambient_20260815_183723,30.1927,,
ambient_20260815_183723__0107__junk,junk,ambient_20260815_183723,30.3851,,
ambient_20260815_183723__0108__junk,junk,ambient_20260815_183723,30.9951,,
ambient_20260815_183723__0109__junk,junk,ambient_20260815_183723,31.1513,,
ambient_20260815_183723__0110__junk,junk,ambient_20260815_183723,31.2821,,
ambient_20260815_183723__0111__junk,junk,ambient_20260815_183723,31.4733,,
ambient_20260815_183723__0112__junk,junk,ambient_20260815_183723,31.6142,,
ambient_20260815_183723__0113__junk,junk,ambient_20260815_183723,31.9515,,
ambient_20260815_183723__0114__junk,junk,ambient_20260815_183723,32.0799,,
ambient_20260815_183723__0115__junk,junk,ambient_20260815_183723,32.2544,,
ambient_20260815_183723__0116__junk,junk,ambient_20260815_183723,32.422,,
ambient_20260815_183723__0117__junk,junk,ambient_20260815_183723,32.5517,,
ambient_20260815_183723__0118__junk,junk,ambient_20260815_183723,32.6862,,
ambient_20260815_183723__0119__junk,junk,ambient_20260815_183723,33.4439,,
ambient_20260815_183723__0120__junk,junk,ambient_20260815_183723,33.5878,,
ambient_20260815_183723__0121__junk,junk,ambient_20260815_183723,33.771,,
ambient_20260815_183723__0122__junk,junk,ambient_20260815_183723,33.9027,,
ambient_20260815_183723__0123__junk,junk,ambient_20260815_183723,34.0459,,
ambient_20260815_183723__0124__junk,junk,ambient_20260815_183723,34.2,,
ambient_20260815_183723__0125__junk,junk,ambient_20260815_183723,34.7282,,
ambient_20260815_183723__0126__junk,junk,ambient_20260815_183723,36.8616,,
ambient_20260815_183723__0127__junk,junk,ambient_20260815_183723,37.6456,,
ambient_20260815_183723__0128__junk,junk,ambient_20260815_183723,37.8551,,
ambient_20260815_183723__0129__junk,junk,ambient_20260815_183723,38.9613,,
ambient_20260815_183723__0130__junk,junk,ambient_20260815_183723,39.1506,,
ambient_20260815_183723__0131__junk,junk,ambient_20260815_183723,39.3522,,
ambient_20260815_183723__0132__junk,junk,ambient_20260815_183723,39.5429,,
ambient_20260815_183723__0133__junk,junk,ambient_20260815_183723,39.8507,,
ambient_20260815_183723__0134__junk,junk,ambient_20260815_183723,40.0535,,
ambient_20260815_183723__0135__junk,junk,ambient_20260815_183723,40.2116,,
ambient_20260815_183723__0136__junk,junk,ambient_20260815_183723,40.5345,,
ambient_20260815_183723__0137__junk,junk,ambient_20260815_183723,40.7155,,
ambient_20260815_183723__0138__junk,junk,ambient_20260815_183723,40.8756,,
ambient_20260815_183723__0139__junk,junk,ambient_20260815_183723,41.032,,
ambient_20260815_183723__0140__junk,junk,ambient_20260815_183723,41.35,,
ambient_20260815_183723__0141__junk,junk,ambient_20260815_183723,42.174,,
ambient_20260815_183723__0142__junk,junk,ambient_20260815_183723,42.3664,,
ambient_20260815_183723__0143__junk,junk,ambient_20260815_183723,42.5359,,
ambient_20260815_183723__0144__junk,junk,ambient_20260815_183723,42.6905,,
ambient_20260815_183723__0145__junk,junk,ambient_20260815_183723,43.0373,,
ambient_20260815_183723__0146__junk,junk,ambient_20260815_183723,43.9324,,
ambient_20260815_183723__0147__junk,junk,ambient_20260815_183723,44.0838,,
ambient_20260815_183723__0148__junk,junk,ambient_20260815_183723,44.2958,,
ambient_20260815_183723__0149__junk,junk,ambient_20260815_183723,44.4256,,
ambient_20260815_183723__0150__junk,junk,ambient_20260815_183723,44.6849,,
ambient_20260815_183723__0151__junk,junk,ambient_20260815_183723,44.8151,,
ambient_20260815_183723__0152__junk,junk,ambient_20260815_183723,45.0306,,
ambient_20260815_183723__0153__junk,junk,ambient_20260815_183723,45.1732,,
ambient_20260815_183723__0154__junk,junk,ambient_20260815_183723,45.5812,,
ambient_20260815_183723__0155__junk,junk,ambient_20260815_183723,45.7576,,
ambient_20260815_183723__0156__junk,junk,ambient_20260815_183723,46.5199,,
ambient_20260815_183723__0157__junk,junk,ambient_20260815_183723,46.7723,,
ambient_20260815_183723__0158__junk,junk,ambient_20260815_183723,46.9125,,
ambient_20260815_183723__0159__junk,junk,ambient_20260815_183723,47.0441,,
ambient_20260815_183723__0160__junk,junk,ambient_20260815_183723,47.2247,,
ambient_20260815_183723__0161__junk,junk,ambient_20260815_183723,47.3895,,
ambient_20260815_183723__0162__junk,junk,ambient_20260815_183723,47.6911,,
ambient_20260815_183723__0163__junk,junk,ambient_20260815_183723,47.8381,,
ambient_20260815_183723__0164__junk,junk,ambient_20260815_183723,48.7461,,
ambient_20260815_183723__0165__junk,junk,ambient_20260815_183723,49.8033,,
ambient_20260815_183723__0166__junk,junk,ambient_20260815_183723,50.0035,,
ambient_20260815_183723__0167__junk,junk,ambient_20260815_183723,50.9319,,
ambient_20260815_183723__0168__junk,junk,ambient_20260815_183723,51.0576,,
ambient_20260815_183723__0169__junk,junk,ambient_20260815_183723,51.2193,,
ambient_20260815_183723__0170__junk,junk,ambient_20260815_183723,51.3934,,
ambient_20260815_183723__0171__junk,junk,ambient_20260815_183723,51.536,,
ambient_20260815_183723__0172__junk,junk,ambient_20260815_183723,51.784,,
ambient_20260815_183723__0173__junk,junk,ambient_20260815_183723,51.982,,
ambient_20260815_183723__0174__junk,junk,ambient_20260815_183723,52.1759,,
ambient_20260815_183723__0175__junk,junk,ambient_20260815_183723,52.3319,,
ambient_20260815_183723__0176__junk,junk,ambient_20260815_183723,52.4962,,
ambient_20260815_183723__0177__junk,junk,ambient_20260815_183723,52.7529,,
ambient_20260815_183723__0178__junk,junk,ambient_20260815_183723,52.9294,,
ambient_20260815_183723__0179__junk,junk,ambient_20260815_183723,53.1466,,
ambient_20260815_183723__0180__junk,junk,ambient_20260815_183723,53.2738,,
ambient_20260815_183723__0181__junk,junk,ambient_20260815_183723,53.4034,,
ambient_20260815_183723__0182__junk,junk,ambient_20260815_183723,53.5808,,
ambient_20260815_183723__0183__junk,junk,ambient_20260815_183723,53.8182,,
ambient_20260815_183723__0184__junk,junk,ambient_20260815_183723,53.9751,,
ambient_20260815_183723__0185__junk,junk,ambient_20260815_183723,54.1956,,
ambient_20260815_183723__0186__junk,junk,ambient_20260815_183723,54.3976,,
ambient_20260815_183723__0187__junk,junk,ambient_20260815_183723,54.6235,,
ambient_20260815_183723__0188__junk,junk,ambient_20260815_183723,54.7545,,
ambient_20260815_183723__0189__junk,junk,ambient_20260815_183723,54.9546,,
ambient_20260815_183723__0190__junk,junk,ambient_20260815_183723,55.2077,,
ambient_20260815_183723__0191__junk,junk,ambient_20260815_183723,55.4025,,
ambient_20260815_183723__0192__junk,junk,ambient_20260815_183723,55.6958,,
ambient_20260815_183723__0193__junk,junk,ambient_20260815_183723,55.8227,,
ambient_20260815_183723__0194__junk,junk,ambient_20260815_183723,56.6592,,
ambient_20260815_183723__0195__junk,junk,ambient_20260815_183723,58.8341,,
ambient_20260815_183723__0196__junk,junk,ambient_20260815_183723,60.0988,,
ambient_20260815_183723__0197__junk,junk,ambient_20260815_183723,60.2364,,
ambient_20260815_183723__0198__junk,junk,ambient_20260815_183723,61.5477,,
ambient_20260815_183723__0199__junk,junk,ambient_20260815_183723,61.8323,,
ambient_20260815_183723__0200__junk,junk,ambient_20260815_183723,61.9697,,
ambient_20260815_183723__0201__junk,junk,ambient_20260815_183723,62.5491,,
ambient_20260815_183723__0202__junk,junk,ambient_20260815_183723,62.6744,,
ambient_20260815_183723__0203__junk,junk,ambient_20260815_183723,63.3901,,
ambient_20260815_183723__0204__junk,junk,ambient_20260815_183723,63.6622,,
ambient_20260815_183723__0205__junk,junk,ambient_20260815_183723,64.2003,,
ambient_20260815_183723__0206__junk,junk,ambient_20260815_183723,64.3445,,
ambient_20260815_183723__0207__junk,junk,ambient_20260815_183723,64.4751,,
ambient_20260815_183723__0208__junk,junk,ambient_20260815_183723,64.6927,,
ambient_20260815_183723__0209__junk,junk,ambient_20260815_183723,64.878,,
ambient_20260815_183723__0210__junk,junk,ambient_20260815_183723,65.0706,,
ambient_20260815_183723__0211__junk,junk,ambient_20260815_183723,65.2563,,
ambient_20260815_183723__0212__junk,junk,ambient_20260815_183723,65.408,,
ambient_20260815_183723__0213__junk,junk,ambient_20260815_183723,65.6859,,
ambient_20260815_183723__0214__junk,junk,ambient_20260815_183723,65.8538,,
ambient_20260815_183723__0215__junk,junk,ambient_20260815_183723,66.1277,,
ambient_20260815_183723__0216__junk,junk,ambient_20260815_183723,66.2824,,
ambient_20260815_183723__0217__junk,junk,ambient_20260815_183723,66.4174,,
ambient_20260815_183723__0218__junk,junk,ambient_20260815_183723,66.626,,
ambient_20260815_183723__0219__junk,junk,ambient_20260815_183723,66.8427,,
ambient_20260815_183723__0220__junk,junk,ambient_20260815_183723,67.2844,,
ambient_20260815_183723__0221__junk,junk,ambient_20260815_183723,67.4123,,
ambient_20260815_183723__0222__junk,junk,ambient_20260815_183723,67.5427,,
ambient_20260815_183723__0223__junk,junk,ambient_20260815_183723,67.6846,,
ambient_20260815_183723__0224__junk,junk,ambient_20260815_183723,67.9152,,
ambient_20260815_183723__0225__junk,junk,ambient_20260815_183723,68.0529,,
ambient_20260815_183723__0226__junk,junk,ambient_20260815_183723,68.26,,
ambient_20260815_183723__0227__junk,junk,ambient_20260815_183723,68.4015,,
ambient_20260815_183723__0228__junk,junk,ambient_20260815_183723,68.5304,,
ambient_20260815_183723__0229__junk,junk,ambient_20260815_183723,68.7071,,
ambient_20260815_183723__0230__junk,junk,ambient_20260815_183723,68.8519,,
ambient_20260815_183723__0231__junk,junk,ambient_20260815_183723,68.9771,,
ambient_20260815_183723__0232__junk,junk,ambient_20260815_183723,69.1288,,
ambient_20260815_183723__0233__junk,junk,ambient_20260815_183723,69.2565,,
ambient_20260815_183723__0234__junk,junk,ambient_20260815_183723,69.5002,,
ambient_20260815_183723__0235__junk,junk,ambient_20260815_183723,69.72,,
ambient_20260815_183723__0236__junk,junk,ambient_20260815_183723,69.8643,,
ambient_20260815_183723__0237__junk,junk,ambient_20260815_183723,69.9961,,
ambient_20260815_183723__0238__junk,junk,ambient_20260815_183723,70.2848,,
ambient_20260815_183723__0239__junk,junk,ambient_20260815_183723,70.5397,,
ambient_20260815_183723__0240__junk,junk,ambient_20260815_183723,70.6691,,
ambient_20260815_183723__0241__junk,junk,ambient_20260815_183723,70.8044,,
ambient_20260815_183723__0242__junk,junk,ambient_20260815_183723,70.953,,
ambient_20260815_183723__0243__junk,junk,ambient_20260815_183723,71.1239,,
ambient_20260815_183723__0244__junk,junk,ambient_20260815_183723,71.5819,,
ambient_20260815_183723__0245__junk,junk,ambient_20260815_183723,71.7114,,
ambient_20260815_183723__0246__junk,junk,ambient_20260815_183723,71.8755,,
ambient_20260815_183723__0247__junk,junk,ambient_20260815_183723,72.0074,,
ambient_20260815_183723__0248__junk,junk,ambient_20260815_183723,72.2176,,
ambient_20260815_183723__0249__junk,junk,ambient_20260815_183723,72.3688,,
ambient_20260815_183723__0250__junk,junk,ambient_20260815_183723,72.5572,,
ambient_20260815_183723__0251__junk,junk,ambient_20260815_183723,72.6826,,
ambient_20260815_183723__0252__junk,junk,ambient_20260815_183723,72.8086,,
ambient_20260815_183723__0253__junk,junk,ambient_20260815_183723,72.9337,,
ambient_20260815_183723__0254__junk,junk,ambient_20260815_183723,73.3927,,
ambient_20260815_183723__0255__junk,junk,ambient_20260815_183723,73.9719,,
ambient_20260815_183723__0256__junk,junk,ambient_20260815_183723,74.6054,,
ambient_20260815_183723__0257__junk,junk,ambient_20260815_183723,75.8144,,
ambient_20260815_183723__0258__junk,junk,ambient_20260815_183723,76.2149,,
ambient_20260815_183723__0259__junk,junk,ambient_20260815_183723,76.3452,,
ambient_20260815_183723__0260__junk,junk,ambient_20260815_183723,76.499,,
ambient_20260815_183723__0261__junk,junk,ambient_20260815_183723,76.7667,,
ambient_20260815_183723__0262__junk,junk,ambient_20260815_183723,76.979,,
ambient_20260815_183723__0263__junk,junk,ambient_20260815_183723,77.1409,,
ambient_20260815_183723__0264__junk,junk,ambient_20260815_183723,77.3445,,
ambient_20260815_183723__0265__junk,junk,ambient_20260815_183723,77.6343,,
ambient_20260815_183723__0266__junk,junk,ambient_20260815_183723,78.4348,,
ambient_20260815_183723__0267__junk,junk,ambient_20260815_183723,78.6006,,
ambient_20260815_183723__0268__junk,junk,ambient_20260815_183723,80.5219,,
ambient_20260815_183723__0269__junk,junk,ambient_20260815_183723,80.6579,,
ambient_20260815_183723__0270__junk,junk,ambient_20260815_183723,80.8338,,
ambient_20260815_183723__0271__junk,junk,ambient_20260815_183723,80.9836,,
ambient_20260815_183723__0272__junk,junk,ambient_20260815_183723,81.1671,,
ambient_20260815_183723__0273__junk,junk,ambient_20260815_183723,81.3851,,
ambient_20260815_183723__0274__junk,junk,ambient_20260815_183723,81.5167,,
ambient_20260815_183723__0275__junk,junk,ambient_20260815_183723,81.7361,,
ambient_20260815_183723__0276__junk,junk,ambient_20260815_183723,81.8613,,
ambient_20260815_183723__0277__junk,junk,ambient_20260815_183723,82.0367,,
ambient_20260815_183723__0278__junk,junk,ambient_20260815_183723,82.2497,,
ambient_20260815_183723__0279__junk,junk,ambient_20260815_183723,82.4338,,
ambient_20260815_183723__0280__junk,junk,ambient_20260815_183723,82.8941,,
ambient_20260815_183723__0281__junk,junk,ambient_20260815_183723,83.0204,,
ambient_20260815_183723__0282__junk,junk,ambient_20260815_183723,83.1827,,
ambient_20260815_183723__0283__junk,junk,ambient_20260815_183723,83.309,,
ambient_20260815_183723__0284__junk,junk,ambient_20260815_183723,83.4926,,
ambient_20260815_183723__0285__junk,junk,ambient_20260815_183723,83.6749,,
ambient_20260815_183723__0286__junk,junk,ambient_20260815_183723,83.8953,,
ambient_20260815_183723__0287__junk,junk,ambient_20260815_183723,84.0217,,
ambient_20260815_183723__0288__junk,junk,ambient_20260815_183723,84.2318,,
ambient_20260815_183723__0289__junk,junk,ambient_20260815_183723,84.8169,,
ambient_20260815_183723__0290__junk,junk,ambient_20260815_183723,85.3839,,
ambient_20260815_183723__0291__junk,junk,ambient_20260815_183723,85.6946,,
ambient_20260815_183723__0292__junk,junk,ambient_20260815_183723,85.9181,,
ambient_20260815_183723__0293__junk,junk,ambient_20260815_183723,86.9566,,
ambient_20260815_183723__0294__junk,junk,ambient_20260815_183723,87.1153,,
ambient_20260815_183723__0295__junk,junk,ambient_20260815_183723,87.9433,,
ambient_20260815_183723__0296__junk,junk,ambient_20260815_183723,88.1405,,
ambient_20260815_183723__0297__junk,junk,ambient_20260815_183723,88.2703,,
ambient_20260815_183723__0298__junk,junk,ambient_20260815_183723,89.2678,,
ambient_20260815_183723__0299__junk,junk,ambient_20260815_183723,89.6035,,
ambient_20260815_183723__0300__junk,junk,ambient_20260815_183723,90.0093,,
ambient_20260815_183723__0301__junk,junk,ambient_20260815_183723,90.1795,,
ambient_20260815_183723__0302__junk,junk,ambient_20260815_183723,90.3234,,
ambient_20260815_183723__0303__junk,junk,ambient_20260815_183723,90.4806,,
ambient_20260815_183723__0304__junk,junk,ambient_20260815_183723,90.7705,,
ambient_20260815_183723__0305__junk,junk,ambient_20260815_183723,91.0513,,
ambient_20260815_183723__0306__junk,junk,ambient_20260815_183723,91.2816,,
ambient_20260815_183723__0307__junk,junk,ambient_20260815_183723,91.507,,
ambient_20260815_183723__0308__junk,junk,ambient_20260815_183723,91.8814,,
ambient_20260815_183723__0309__junk,junk,ambient_20260815_183723,92.5061,,
ambient_20260815_183723__0310__junk,junk,ambient_20260815_183723,93.9496,,
ambient_20260815_183723__0311__junk,junk,ambient_20260815_183723,94.3885,,
ambient_20260815_183723__0312__junk,junk,ambient_20260815_183723,94.6422,,
ambient_20260815_183723__0313__junk,junk,ambient_20260815_183723,94.8082,,
ambient_20260815_183723__0314__junk,junk,ambient_20260815_183723,95.4595,,
ambient_20260815_183723__0315__junk,junk,ambient_20260815_183723,96.2851,,
ambient_20260815_183723__0316__junk,junk,ambient_20260815_183723,96.5721,,
ambient_20260815_183723__0317__junk,junk,ambient_20260815_183723,96.7399,,
ambient_20260815_183723__0318__junk,junk,ambient_20260815_183723,97.2534,,
ambient_20260815_183723__0319__junk,junk,ambient_20260815_183723,97.4179,,
ambient_20260815_183723__0320__junk,junk,ambient_20260815_183723,97.5886,,
ambient_20260815_183723__0321__junk,junk,ambient_20260815_183723,97.8336,,
ambient_20260815_183723__0322__junk,junk,ambient_20260815_183723,97.9846,,
ambient_20260815_183723__0323__junk,junk,ambient_20260815_183723,98.2584,,
ambient_20260815_183723__0324__junk,junk,ambient_20260815_183723,98.7451,,
ambient_20260815_183723__0325__junk,junk,ambient_20260815_183723,98.8908,,
ambient_20260815_183723__0326__junk,junk,ambient_20260815_183723,99.0203,,
ambient_20260815_183723__0327__junk,junk,ambient_20260815_183723,99.2788,,
ambient_20260815_183723__0328__junk,junk,ambient_20260815_183723,99.4048,,
ambient_20260815_183723__0329__junk,junk,ambient_20260815_183723,99.8372,,
ambient_20260815_183723__0330__junk,junk,ambient_20260815_183723,100.052,,
ambient_20260815_183723__0331__junk,junk,ambient_20260815_183723,100.1908,,
ambient_20260815_183723__0332__junk,junk,ambient_20260815_183723,100.4305,,
ambient_20260815_183723__0333__junk,junk,ambient_20260815_183723,100.5688,,
ambient_20260815_183723__0334__junk,junk,ambient_20260815_183723,100.9312,,
ambient_20260815_183723__0335__junk,junk,ambient_20260815_183723,101.0592,,
ambient_20260815_183723__0336__junk,junk,ambient_20260815_183723,101.2005,,
ambient_20260815_183723__0337__junk,junk,ambient_20260815_183723,101.4481,,
ambient_20260815_183723__0338__junk,junk,ambient_20260815_183723,101.587,,
ambient_20260815_183723__0339__junk,junk,ambient_20260815_183723,103.062,,
ambient_20260815_183723__0340__junk,junk,ambient_20260815_183723,103.2007,,
ambient_20260815_183723__0341__junk,junk,ambient_20260815_183723,103.4008,,
ambient_20260815_183723__0342__junk,junk,ambient_20260815_183723,103.607,,
ambient_20260815_183723__0343__junk,junk,ambient_20260815_183723,103.8483,,
ambient_20260815_183723__0344__junk,junk,ambient_20260815_183723,103.983,,
ambient_20260815_183723__0345__junk,junk,ambient_20260815_183723,104.2884,,
ambient_20260815_183723__0346__junk,junk,ambient_20260815_183723,104.4452,,
ambient_20260815_183723__0347__junk,junk,ambient_20260815_183723,104.5732,,
ambient_20260815_183723__0348__junk,junk,ambient_20260815_183723,104.7132,,
ambient_20260815_183723__0349__junk,junk,ambient_20260815_183723,104.885,,
ambient_20260815_183723__0350__junk,junk,ambient_20260815_183723,105.141,,
ambient_20260815_183723__0351__junk,junk,ambient_20260815_183723,105.27,,
ambient_20260815_183723__0352__junk,junk,ambient_20260815_183723,107.3904,,
ambient_20260815_183723__0353__junk,junk,ambient_20260815_183723,107.5394,,
ambient_20260815_183723__0354__junk,junk,ambient_20260815_183723,107.7499,,
ambient_20260815_183723__0355__junk,junk,ambient_20260815_183723,107.9632,,
ambient_20260815_183723__0356__junk,junk,ambient_20260815_183723,108.2083,,
ambient_20260815_183723__0357__junk,junk,ambient_20260815_183723,108.3708,,
ambient_20260815_183723__0358__junk,junk,ambient_20260815_183723,108.5293,,
ambient_20260815_183723__0359__junk,junk,ambient_20260815_183723,109.0659,,
ambient_20260815_183723__0360__junk,junk,ambient_20260815_183723,109.8749,,
ambient_20260815_183723__0361__junk,junk,ambient_20260815_183723,110.0022,,
ambient_20260815_183723__0362__junk,junk,ambient_20260815_183723,110.2318,,
ambient_20260815_183723__0363__junk,junk,ambient_20260815_183723,110.3972,,
ambient_20260815_183723__0364__junk,junk,ambient_20260815_183723,110.5262,,
ambient_20260815_183723__0365__junk,junk,ambient_20260815_183723,110.6616,,
ambient_20260815_183723__0366__junk,junk,ambient_20260815_183723,110.8857,,
ambient_20260815_183723__0367__junk,junk,ambient_20260815_183723,111.2167,,
ambient_20260815_183723__0368__junk,junk,ambient_20260815_183723,111.3425,,
ambient_20260815_183723__0369__junk,junk,ambient_20260815_183723,111.4749,,
ambient_20260815_183723__0370__junk,junk,ambient_20260815_183723,112.0628,,
ambient_20260815_183723__0371__junk,junk,ambient_20260815_183723,112.1883,,
ambient_20260815_183723__0372__junk,junk,ambient_20260815_183723,112.3252,,
ambient_20260815_183723__0373__junk,junk,ambient_20260815_183723,112.6664,,
ambient_20260815_183723__0374__junk,junk,ambient_20260815_183723,112.8656,,
ambient_20260815_183723__0375__junk,junk,ambient_20260815_183723,113.092,,
ambient_20260815_183723__0376__junk,junk,ambient_20260815_183723,113.223,,
ambient_20260815_183723__0377__junk,junk,ambient_20260815_183723,113.4255,,
ambient_20260815_183723__0378__junk,junk,ambient_20260815_183723,113.6025,,
ambient_20260815_183723__0379__junk,junk,ambient_20260815_183723,113.7729,,
ambient_20260815_183723__0380__junk,junk,ambient_20260815_183723,114.4922,,
ambient_20260815_183723__0381__junk,junk,ambient_20260815_183723,114.735,,
ambient_20260815_183723__0382__junk,junk,ambient_20260815_183723,114.8648,,
ambient_20260815_183723__0383__junk,junk,ambient_20260815_183723,115.0824,,
ambient_20260815_183723__0384__junk,junk,ambient_20260815_183723,115.2077,,
ambient_20260815_183723__0385__junk,junk,ambient_20260815_183723,115.3764,,
ambient_20260815_183723__0386__junk,junk,ambient_20260815_183723,115.5227,,
ambient_20260815_183723__0387__junk,junk,ambient_20260815_183723,115.7027,,
ambient_20260815_183723__0388__junk,junk,ambient_20260815_183723,115.8617,,
ambient_20260815_183723__0389__junk,junk,ambient_20260815_183723,116.0208,,
ambient_20260815_183723__0390__junk,junk,ambient_20260815_183723,116.1998,,
ambient_20260815_183723__0391__junk,junk,ambient_20260815_183723,116.5905,,
ambient_20260815_183723__0392__junk,junk,ambient_20260815_183723,116.7682,,
ambient_20260815_183723__0393__junk,junk,ambient_20260815_183723,117.449,,
ambient_20260815_183723__0394__junk,junk,ambient_20260815_183723,117.5873,,
ambient_20260815_183723__0395__junk,junk,ambient_20260815_183723,118.0102,,
ambient_20260815_183723__0396__junk,junk,ambient_20260815_183723,118.828,,
ambient_20260815_183723__0397__junk,junk,ambient_20260815_183723,119.2773,,
ambient_20260815_183723__0398__junk,junk,ambient_20260815_183723,119.6058,,
ambient_20260815_184007__0000__junk,junk,ambient_20260815_184007,0.1663,,
ambient_20260815_184007__0001__junk,junk,ambient_20260815_184007,0.3289,,
ambient_20260815_184007__0002__junk,junk,ambient_20260815_184007,0.4749,,
ambient_20260815_184007__0003__junk,junk,ambient_20260815_184007,0.8346,,
ambient_20260815_184007__0004__junk,junk,ambient_20260815_184007,0.9981,,
ambient_20260815_184007__0005__junk,junk,ambient_20260815_184007,1.1278,,
ambient_20260815_184007__0006__junk,junk,ambient_20260815_184007,1.2712,,
ambient_20260815_184007__0007__junk,junk,ambient_20260815_184007,1.4167,,
ambient_20260815_184007__0008__junk,junk,ambient_20260815_184007,1.566,,
ambient_20260815_184007__0009__junk,junk,ambient_20260815_184007,1.7098,,
ambient_20260815_184007__0010__junk,junk,ambient_20260815_184007,1.9012,,
ambient_20260815_184007__0011__junk,junk,ambient_20260815_184007,2.0288,,
ambient_20260815_184007__0012__junk,junk,ambient_20260815_184007,2.2648,,
ambient_20260815_184007__0013__junk,junk,ambient_20260815_184007,2.5106,,
ambient_20260815_184007__0014__junk,junk,ambient_20260815_184007,2.6694,,
ambient_20260815_184007__0015__junk,junk,ambient_20260815_184007,2.8703,,
ambient_20260815_184007__0016__junk,junk,ambient_20260815_184007,3.0285,,
ambient_20260815_184007__0017__junk,junk,ambient_20260815_184007,3.2615,,
ambient_20260815_184007__0018__junk,junk,ambient_20260815_184007,3.3881,,
ambient_20260815_184007__0019__junk,junk,ambient_20260815_184007,3.5144,,
ambient_20260815_184007__0020__junk,junk,ambient_20260815_184007,4.142,,
ambient_20260815_184007__0021__junk,junk,ambient_20260815_184007,4.2895,,
ambient_20260815_184007__0022__junk,junk,ambient_20260815_184007,4.4774,,
ambient_20260815_184007__0023__junk,junk,ambient_20260815_184007,4.6037,,
ambient_20260815_184007__0024__junk,junk,ambient_20260815_184007,4.7584,,
ambient_20260815_184007__0025__junk,junk,ambient_20260815_184007,4.9413,,
ambient_20260815_184007__0026__junk,junk,ambient_20260815_184007,5.1047,,
ambient_20260815_184007__0027__junk,junk,ambient_20260815_184007,5.3812,,
ambient_20260815_184007__0028__junk,junk,ambient_20260815_184007,5.5665,,
ambient_20260815_184007__0029__junk,junk,ambient_20260815_184007,5.8142,,
ambient_20260815_184007__0030__junk,junk,ambient_20260815_184007,5.97,,
ambient_20260815_184007__0031__junk,junk,ambient_20260815_184007,6.1,,
ambient_20260815_184007__0032__junk,junk,ambient_20260815_184007,6.567,,
ambient_20260815_184007__0033__junk,junk,ambient_20260815_184007,6.6944,,
ambient_20260815_184007__0034__junk,junk,ambient_20260815_184007,6.8213,,
ambient_20260815_184007__0035__junk,junk,ambient_20260815_184007,7.2581,,
ambient_20260815_184007__0036__junk,junk,ambient_20260815_184007,7.4142,,
ambient_20260815_184007__0037__junk,junk,ambient_20260815_184007,7.5964,,
ambient_20260815_184007__0038__junk,junk,ambient_20260815_184007,7.9474,,
ambient_20260815_184007__0039__junk,junk,ambient_20260815_184007,8.6293,,
ambient_20260815_184007__0040__junk,junk,ambient_20260815_184007,8.7959,,
ambient_20260815_184007__0041__junk,junk,ambient_20260815_184007,9.1012,,
ambient_20260815_184007__0042__junk,junk,ambient_20260815_184007,9.2276,,
ambient_20260815_184007__0043__junk,junk,ambient_20260815_184007,9.3988,,
ambient_20260815_184007__0044__junk,junk,ambient_20260815_184007,9.5244,,
ambient_20260815_184007__0045__junk,junk,ambient_20260815_184007,9.6746,,
ambient_20260815_184007__0046__junk,junk,ambient_20260815_184007,9.8353,,
ambient_20260815_184007__0047__junk,junk,ambient_20260815_184007,10.0398,,
ambient_20260815_184007__0048__junk,junk,ambient_20260815_184007,10.2817,,
ambient_20260815_184007__0049__junk,junk,ambient_20260815_184007,10.4597,,
ambient_20260815_184007__0050__junk,junk,ambient_20260815_184007,10.6653,,
ambient_20260815_184007__0051__junk,junk,ambient_20260815_184007,10.8294,,
ambient_20260815_184007__0052__junk,junk,ambient_20260815_184007,10.9834,,
ambient_20260815_184007__0053__junk,junk,ambient_20260815_184007,11.1429,,
ambient_20260815_184007__0054__junk,junk,ambient_20260815_184007,11.3024,,
ambient_20260815_184007__0055__junk,junk,ambient_20260815_184007,11.8293,,
ambient_20260815_184007__0056__junk,junk,ambient_20260815_184007,11.9966,,
ambient_20260815_184007__0057__junk,junk,ambient_20260815_184007,12.2239,,
ambient_20260815_184007__0058__junk,junk,ambient_20260815_184007,12.3673,,
ambient_20260815_184007__0059__junk,junk,ambient_20260815_184007,12.5607,,
ambient_20260815_184007__0060__junk,junk,ambient_20260815_184007,12.7823,,
ambient_20260815_184007__0061__junk,junk,ambient_20260815_184007,12.9688,,
ambient_20260815_184007__0062__junk,junk,ambient_20260815_184007,13.2986,,
ambient_20260815_184007__0063__junk,junk,ambient_20260815_184007,13.4345,,
ambient_20260815_184007__0064__junk,junk,ambient_20260815_184007,13.6034,,
ambient_20260815_184007__0065__junk,junk,ambient_20260815_184007,13.7804,,
ambient_20260815_184007__0066__junk,junk,ambient_20260815_184007,13.911,,
ambient_20260815_184007__0067__junk,junk,ambient_20260815_184007,14.0389,,
ambient_20260815_184007__0068__junk,junk,ambient_20260815_184007,14.1752,,
ambient_20260815_184007__0069__junk,junk,ambient_20260815_184007,14.3357,,
ambient_20260815_184007__0070__junk,junk,ambient_20260815_184007,14.5078,,
ambient_20260815_184007__0071__junk,junk,ambient_20260815_184007,14.7331,,
ambient_20260815_184007__0072__junk,junk,ambient_20260815_184007,14.8655,,
ambient_20260815_184007__0073__junk,junk,ambient_20260815_184007,15.1123,,
ambient_20260815_184007__0074__junk,junk,ambient_20260815_184007,15.3024,,
ambient_20260815_184007__0075__junk,junk,ambient_20260815_184007,15.4732,,
ambient_20260815_184007__0076__junk,junk,ambient_20260815_184007,15.6405,,
ambient_20260815_184007__0077__junk,junk,ambient_20260815_184007,15.7696,,
ambient_20260815_184007__0078__junk,junk,ambient_20260815_184007,15.9209,,
ambient_20260815_184007__0079__junk,junk,ambient_20260815_184007,16.0491,,
ambient_20260815_184007__0080__junk,junk,ambient_20260815_184007,16.2774,,
ambient_20260815_184007__0081__junk,junk,ambient_20260815_184007,16.4755,,
ambient_20260815_184007__0082__junk,junk,ambient_20260815_184007,16.6178,,
ambient_20260815_184007__0083__junk,junk,ambient_20260815_184007,16.7504,,
ambient_20260815_184007__0084__junk,junk,ambient_20260815_184007,16.948,,
ambient_20260815_184007__0085__junk,junk,ambient_20260815_184007,17.1693,,
ambient_20260815_184007__0086__junk,junk,ambient_20260815_184007,17.3047,,
ambient_20260815_184007__0087__junk,junk,ambient_20260815_184007,17.4989,,
ambient_20260815_184007__0088__junk,junk,ambient_20260815_184007,17.6436,,
ambient_20260815_184007__0089__junk,junk,ambient_20260815_184007,17.8613,,
ambient_20260815_184007__0090__junk,junk,ambient_20260815_184007,18.1883,,
ambient_20260815_184007__0091__junk,junk,ambient_20260815_184007,18.5819,,
ambient_20260815_184007__0092__junk,junk,ambient_20260815_184007,18.718,,
ambient_20260815_184007__0093__junk,junk,ambient_20260815_184007,18.8547,,
ambient_20260815_184007__0094__junk,junk,ambient_20260815_184007,18.992,,
ambient_20260815_184007__0095__junk,junk,ambient_20260815_184007,19.1612,,
ambient_20260815_184007__0096__junk,junk,ambient_20260815_184007,19.4148,,
ambient_20260815_184007__0097__junk,junk,ambient_20260815_184007,19.6932,,
ambient_20260815_184007__0098__junk,junk,ambient_20260815_184007,19.8768,,
ambient_20260815_184007__0099__junk,junk,ambient_20260815_184007,20.0092,,
ambient_20260815_184007__0100__junk,junk,ambient_20260815_184007,20.1399,,
ambient_20260815_184007__0101__junk,junk,ambient_20260815_184007,20.3066,,
ambient_20260815_184007__0102__junk,junk,ambient_20260815_184007,20.4325,,
ambient_20260815_184007__0103__junk,junk,ambient_20260815_184007,20.6039,,
ambient_20260815_184007__0104__junk,junk,ambient_20260815_184007,20.8164,,
ambient_20260815_184007__0105__junk,junk,ambient_20260815_184007,20.9666,,
ambient_20260815_184007__0106__junk,junk,ambient_20260815_184007,21.1087,,
ambient_20260815_184007__0107__junk,junk,ambient_20260815_184007,21.2545,,
ambient_20260815_184007__0108__junk,junk,ambient_20260815_184007,21.4324,,
ambient_20260815_184007__0109__junk,junk,ambient_20260815_184007,21.6921,,
ambient_20260815_184007__0110__junk,junk,ambient_20260815_184007,21.8377,,
ambient_20260815_184007__0111__junk,junk,ambient_20260815_184007,21.9958,,
ambient_20260815_184007__0112__junk,junk,ambient_20260815_184007,22.2224,,
ambient_20260815_184007__0113__junk,junk,ambient_20260815_184007,22.4296,,
ambient_20260815_184007__0114__junk,junk,ambient_20260815_184007,22.6152,,
ambient_20260815_184007__0115__junk,junk,ambient_20260815_184007,22.7971,,
ambient_20260815_184007__0116__junk,junk,ambient_20260815_184007,22.9638,,
ambient_20260815_184007__0117__junk,junk,ambient_20260815_184007,23.1093,,
ambient_20260815_184007__0118__junk,junk,ambient_20260815_184007,23.2662,,
ambient_20260815_184007__0119__junk,junk,ambient_20260815_184007,23.3963,,
ambient_20260815_184007__0120__junk,junk,ambient_20260815_184007,23.5525,,
ambient_20260815_184007__0121__junk,junk,ambient_20260815_184007,23.7588,,
ambient_20260815_184007__0122__junk,junk,ambient_20260815_184007,23.9136,,
ambient_20260815_184007__0123__junk,junk,ambient_20260815_184007,24.1223,,
ambient_20260815_184007__0124__junk,junk,ambient_20260815_184007,24.345,,
ambient_20260815_184007__0125__junk,junk,ambient_20260815_184007,24.473,,
ambient_20260815_184007__0126__junk,junk,ambient_20260815_184007,24.7243,,
ambient_20260815_184007__0127__junk,junk,ambient_20260815_184007,24.8531,,
ambient_20260815_184007__0128__junk,junk,ambient_20260815_184007,24.9988,,
ambient_20260815_184007__0129__junk,junk,ambient_20260815_184007,25.1245,,
ambient_20260815_184007__0130__junk,junk,ambient_20260815_184007,25.3026,,
ambient_20260815_184007__0131__junk,junk,ambient_20260815_184007,25.4532,,
ambient_20260815_184007__0132__junk,junk,ambient_20260815_184007,25.6013,,
ambient_20260815_184007__0133__junk,junk,ambient_20260815_184007,25.7408,,
ambient_20260815_184007__0134__junk,junk,ambient_20260815_184007,25.9127,,
ambient_20260815_184007__0135__junk,junk,ambient_20260815_184007,26.1979,,
ambient_20260815_184007__0136__junk,junk,ambient_20260815_184007,26.3415,,
ambient_20260815_184007__0137__junk,junk,ambient_20260815_184007,26.5033,,
ambient_20260815_184007__0138__junk,junk,ambient_20260815_184007,26.6435,,
ambient_20260815_184007__0139__junk,junk,ambient_20260815_184007,26.938,,
ambient_20260815_184007__0140__junk,junk,ambient_20260815_184007,27.0715,,
ambient_20260815_184007__0141__junk,junk,ambient_20260815_184007,27.211,,
ambient_20260815_184007__0142__junk,junk,ambient_20260815_184007,27.3419,,
ambient_20260815_184007__0143__junk,junk,ambient_20260815_184007,27.5017,,
ambient_20260815_184007__0144__junk,junk,ambient_20260815_184007,27.6498,,
ambient_20260815_184007__0145__junk,junk,ambient_20260815_184007,27.8882,,
ambient_20260815_184007__0146__junk,junk,ambient_20260815_184007,28.0292,,
ambient_20260815_184007__0147__junk,junk,ambient_20260815_184007,28.2412,,
ambient_20260815_184007__0148__junk,junk,ambient_20260815_184007,28.4544,,
ambient_20260815_184007__0149__junk,junk,ambient_20260815_184007,28.5895,,
ambient_20260815_184007__0150__junk,junk,ambient_20260815_184007,28.7931,,
ambient_20260815_184007__0151__junk,junk,ambient_20260815_184007,28.9187,,
ambient_20260815_184007__0152__junk,junk,ambient_20260815_184007,29.0489,,
ambient_20260815_184007__0153__junk,junk,ambient_20260815_184007,29.1818,,
ambient_20260815_184007__0154__junk,junk,ambient_20260815_184007,29.3457,,
ambient_20260815_184007__0155__junk,junk,ambient_20260815_184007,29.6072,,
ambient_20260815_184007__0156__junk,junk,ambient_20260815_184007,29.7427,,
ambient_20260815_184007__0157__junk,junk,ambient_20260815_184007,29.8838,,
ambient_20260815_184007__0158__junk,junk,ambient_20260815_184007,30.0396,,
ambient_20260815_184007__0159__junk,junk,ambient_20260815_184007,30.2002,,
ambient_20260815_184007__0160__junk,junk,ambient_20260815_184007,30.3771,,
ambient_20260815_184007__0161__junk,junk,ambient_20260815_184007,30.5539,,
ambient_20260815_184007__0162__junk,junk,ambient_20260815_184007,30.8028,,
ambient_20260815_184007__0163__junk,junk,ambient_20260815_184007,31.0015,,
ambient_20260815_184007__0164__junk,junk,ambient_20260815_184007,31.1397,,
ambient_20260815_184007__0165__junk,junk,ambient_20260815_184007,31.2739,,
ambient_20260815_184007__0166__junk,junk,ambient_20260815_184007,31.4029,,
ambient_20260815_184007__0167__junk,junk,ambient_20260815_184007,31.5684,,
ambient_20260815_184007__0168__junk,junk,ambient_20260815_184007,31.6952,,
ambient_20260815_184007__0169__junk,junk,ambient_20260815_184007,31.9625,,
ambient_20260815_184007__0170__junk,junk,ambient_20260815_184007,32.1486,,
ambient_20260815_184007__0171__junk,junk,ambient_20260815_184007,32.3026,,
ambient_20260815_184007__0172__junk,junk,ambient_20260815_184007,32.5089,,
ambient_20260815_184007__0173__junk,junk,ambient_20260815_184007,32.6728,,
ambient_20260815_184007__0174__junk,junk,ambient_20260815_184007,32.8406,,
ambient_20260815_184007__0175__junk,junk,ambient_20260815_184007,33.0187,,
ambient_20260815_184007__0176__junk,junk,ambient_20260815_184007,33.1937,,
ambient_20260815_184007__0177__junk,junk,ambient_20260815_184007,33.3971,,
ambient_20260815_184007__0178__junk,junk,ambient_20260815_184007,33.9134,,
ambient_20260815_184007__0179__junk,junk,ambient_20260815_184007,34.0807,,
ambient_20260815_184007__0180__junk,junk,ambient_20260815_184007,34.3312,,
ambient_20260815_184007__0181__junk,junk,ambient_20260815_184007,34.6097,,
ambient_20260815_184007__0182__junk,junk,ambient_20260815_184007,34.9007,,
ambient_20260815_184007__0183__junk,junk,ambient_20260815_184007,35.0766,,
ambient_20260815_184007__0184__junk,junk,ambient_20260815_184007,35.2765,,
ambient_20260815_184007__0185__junk,junk,ambient_20260815_184007,35.4083,,
ambient_20260815_184007__0186__junk,junk,ambient_20260815_184007,35.5744,,
ambient_20260815_184007__0187__junk,junk,ambient_20260815_184007,35.8695,,
ambient_20260815_184007__0188__junk,junk,ambient_20260815_184007,36.1177,,
ambient_20260815_184007__0189__junk,junk,ambient_20260815_184007,36.2966,,
ambient_20260815_184007__0190__junk,junk,ambient_20260815_184007,36.7072,,
ambient_20260815_184007__0191__junk,junk,ambient_20260815_184007,36.8343,,
ambient_20260815_184007__0192__junk,junk,ambient_20260815_184007,37.2503,,
ambient_20260815_184007__0193__junk,junk,ambient_20260815_184007,37.4363,,
ambient_20260815_184007__0194__junk,junk,ambient_20260815_184007,37.6741,,
ambient_20260815_184007__0195__junk,junk,ambient_20260815_184007,38.1128,,
ambient_20260815_184007__0196__junk,junk,ambient_20260815_184007,38.2512,,
ambient_20260815_184007__0197__junk,junk,ambient_20260815_184007,38.3766,,
ambient_20260815_184007__0198__junk,junk,ambient_20260815_184007,38.5675,,
ambient_20260815_184007__0199__junk,junk,ambient_20260815_184007,38.7851,,
ambient_20260815_184007__0200__junk,junk,ambient_20260815_184007,39.0923,,
ambient_20260815_184007__0201__junk,junk,ambient_20260815_184007,39.2737,,
ambient_20260815_184007__0202__junk,junk,ambient_20260815_184007,39.4146,,
ambient_20260815_184007__0203__junk,junk,ambient_20260815_184007,39.6448,,
ambient_20260815_184007__0204__junk,junk,ambient_20260815_184007,39.7917,,
ambient_20260815_184007__0205__junk,junk,ambient_20260815_184007,39.9316,,
ambient_20260815_184007__0206__junk,junk,ambient_20260815_184007,40.0691,,
ambient_20260815_184007__0207__junk,junk,ambient_20260815_184007,40.2355,,
ambient_20260815_184007__0208__junk,junk,ambient_20260815_184007,40.3765,,
ambient_20260815_184007__0209__junk,junk,ambient_20260815_184007,40.9567,,
ambient_20260815_184007__0210__junk,junk,ambient_20260815_184007,41.132,,
ambient_20260815_184007__0211__junk,junk,ambient_20260815_184007,41.2651,,
ambient_20260815_184007__0212__junk,junk,ambient_20260815_184007,41.6046,,
ambient_20260815_184007__0213__junk,junk,ambient_20260815_184007,41.7738,,
ambient_20260815_184007__0214__junk,junk,ambient_20260815_184007,42.1652,,
ambient_20260815_184007__0215__junk,junk,ambient_20260815_184007,42.3321,,
ambient_20260815_184007__0216__junk,junk,ambient_20260815_184007,42.4663,,
ambient_20260815_184007__0217__junk,junk,ambient_20260815_184007,42.6392,,
ambient_20260815_184007__0218__junk,junk,ambient_20260815_184007,42.7917,,
ambient_20260815_184007__0219__junk,junk,ambient_20260815_184007,43.1561,,
ambient_20260815_184007__0220__junk,junk,ambient_20260815_184007,43.3138,,
ambient_20260815_184007__0221__junk,junk,ambient_20260815_184007,43.6875,,
ambient_20260815_184007__0222__junk,junk,ambient_20260815_184007,43.8538,,
ambient_20260815_184007__0223__junk,junk,ambient_20260815_184007,44.1919,,
ambient_20260815_184007__0224__junk,junk,ambient_20260815_184007,44.3302,,
ambient_20260815_184007__0225__junk,junk,ambient_20260815_184007,44.4629,,
ambient_20260815_184007__0226__junk,junk,ambient_20260815_184007,44.6337,,
ambient_20260815_184007__0227__junk,junk,ambient_20260815_184007,44.7859,,
ambient_20260815_184007__0228__junk,junk,ambient_20260815_184007,45.0005,,
ambient_20260815_184007__0229__junk,junk,ambient_20260815_184007,45.1401,,
ambient_20260815_184007__0230__junk,junk,ambient_20260815_184007,45.3415,,
ambient_20260815_184007__0231__junk,junk,ambient_20260815_184007,45.6666,,
ambient_20260815_184007__0232__junk,junk,ambient_20260815_184007,45.8314,,
ambient_20260815_184007__0233__junk,junk,ambient_20260815_184007,45.9946,,
ambient_20260815_184007__0234__junk,junk,ambient_20260815_184007,46.2281,,
ambient_20260815_184007__0235__junk,junk,ambient_20260815_184007,46.4034,,
ambient_20260815_184007__0236__junk,junk,ambient_20260815_184007,46.6911,,
ambient_20260815_184007__0237__junk,junk,ambient_20260815_184007,46.9109,,
ambient_20260815_184007__0238__junk,junk,ambient_20260815_184007,47.0531,,
ambient_20260815_184007__0239__junk,junk,ambient_20260815_184007,47.2932,,
ambient_20260815_184007__0240__junk,junk,ambient_20260815_184007,47.6686,,
ambient_20260815_184007__0241__junk,junk,ambient_20260815_184007,47.9149,,
ambient_20260815_184007__0242__junk,junk,ambient_20260815_184007,48.25,,
ambient_20260815_184007__0243__junk,junk,ambient_20260815_184007,48.4182,,
ambient_20260815_184007__0244__junk,junk,ambient_20260815_184007,48.6369,,
ambient_20260815_184007__0245__junk,junk,ambient_20260815_184007,48.8168,,
ambient_20260815_184007__0246__junk,junk,ambient_20260815_184007,49.0458,,
ambient_20260815_184007__0247__junk,junk,ambient_20260815_184007,49.3064,,
ambient_20260815_184007__0248__junk,junk,ambient_20260815_184007,49.5278,,
ambient_20260815_184007__0249__junk,junk,ambient_20260815_184007,49.756,,
ambient_20260815_184007__0250__junk,junk,ambient_20260815_184007,49.912,,
ambient_20260815_184007__0251__junk,junk,ambient_20260815_184007,65.6287,,
ambient_20260815_184007__0252__junk,junk,ambient_20260815_184007,66.1871,,
ambient_20260815_184007__0253__junk,junk,ambient_20260815_184007,66.9322,,
ambient_20260815_184007__0254__junk,junk,ambient_20260815_184007,67.6814,,
ambient_20260815_184007__0255__junk,junk,ambient_20260815_184007,68.1168,,
ambient_20260815_184007__0256__junk,junk,ambient_20260815_184007,68.6591,,
ambient_20260815_184007__0257__junk,junk,ambient_20260815_184007,68.7978,,
ambient_20260815_184007__0258__junk,junk,ambient_20260815_184007,68.9578,,
ambient_20260815_184007__0259__junk,junk,ambient_20260815_184007,69.256,,
ambient_20260815_184007__0260__junk,junk,ambient_20260815_184007,69.6912,,
ambient_20260815_184007__0261__junk,junk,ambient_20260815_184007,69.8231,,
ambient_20260815_184007__0262__junk,junk,ambient_20260815_184007,69.9513,,
ambient_20260815_184007__0263__junk,junk,ambient_20260815_184007,70.1888,,
ambient_20260815_184007__0264__junk,junk,ambient_20260815_184007,70.4175,,
ambient_20260815_184007__0265__junk,junk,ambient_20260815_184007,70.5468,,
ambient_20260815_184007__0266__junk,junk,ambient_20260815_184007,70.7063,,
ambient_20260815_184007__0267__junk,junk,ambient_20260815_184007,70.9559,,
ambient_20260815_184007__0268__junk,junk,ambient_20260815_184007,71.782,,
ambient_20260815_184007__0269__junk,junk,ambient_20260815_184007,72.5957,,
ambient_20260815_184007__0270__junk,junk,ambient_20260815_184007,74.3966,,
ambient_20260815_184007__0271__junk,junk,ambient_20260815_184007,75.2027,,
ambient_20260815_184007__0272__junk,junk,ambient_20260815_184007,75.7733,,
ambient_20260815_184007__0273__junk,junk,ambient_20260815_184007,76.3198,,
ambient_20260815_184007__0274__junk,junk,ambient_20260815_184007,77.0476,,
ambient_20260815_184007__0275__junk,junk,ambient_20260815_184007,77.2055,,
ambient_20260815_184007__0276__junk,junk,ambient_20260815_184007,78.644,,
ambient_20260815_184007__0277__junk,junk,ambient_20260815_184007,80.2145,,
ambient_20260815_184007__0278__junk,junk,ambient_20260815_184007,80.6869,,
ambient_20260815_184007__0279__junk,junk,ambient_20260815_184007,80.8196,,
ambient_20260815_184007__0280__junk,junk,ambient_20260815_184007,81.1464,,
ambient_20260815_184007__0281__junk,junk,ambient_20260815_184007,81.5226,,
ambient_20260815_184007__0282__junk,junk,ambient_20260815_184007,81.9456,,
ambient_20260815_184007__0283__junk,junk,ambient_20260815_184007,82.4264,,
ambient_20260815_184007__0284__junk,junk,ambient_20260815_184007,83.8955,,
ambient_20260815_184007__0285__junk,junk,ambient_20260815_184007,86.2891,,
ambient_20260815_184007__0286__junk,junk,ambient_20260815_184007,86.6924,,
ambient_20260815_184007__0287__junk,junk,ambient_20260815_184007,86.9187,,
ambient_20260815_184007__0288__junk,junk,ambient_20260815_184007,87.2574,,
ambient_20260815_184007__0289__junk,junk,ambient_20260815_184007,87.3896,,
ambient_20260815_184007__0290__junk,junk,ambient_20260815_184007,87.5971,,
ambient_20260815_184007__0291__junk,junk,ambient_20260815_184007,87.75,,
ambient_20260815_184007__0292__junk,junk,ambient_20260815_184007,88.276,,
ambient_20260815_184007__0293__junk,junk,ambient_20260815_184007,88.8096,,
ambient_20260815_184007__0294__junk,junk,ambient_20260815_184007,89.3628,,
ambient_20260815_184007__0295__junk,junk,ambient_20260815_184007,89.915,,
ambient_20260815_184007__0296__junk,junk,ambient_20260815_184007,92.5599,,
ambient_20260815_184007__0297__junk,junk,ambient_20260815_184007,93.2538,,
ambient_20260815_184007__0298__junk,junk,ambient_20260815_184007,93.9031,,
ambient_20260815_184007__0299__junk,junk,ambient_20260815_184007,94.5015,,
ambient_20260815_184007__0300__junk,junk,ambient_20260815_184007,95.0972,,
ambient_20260815_184007__0301__junk,junk,ambient_20260815_184007,95.6984,,
ambient_20260815_184007__0302__junk,junk,ambient_20260815_184007,96.9972,,
ambient_20260815_184007__0303__junk,junk,ambient_20260815_184007,97.1558,,
ambient_20260815_184007__0304__junk,junk,ambient_20260815_184007,114.2329,,
ambient_20260815_184007__0305__junk,junk,ambient_20260815_184007,114.4275,,
ambient_20260815_184007__0306__junk,junk,ambient_20260815_184007,115.0843,,
ambient_20260815_184007__0307__junk,junk,ambient_20260815_184007,115.4055,,
ambient_20260815_184007__0308__junk,junk,ambient_20260815_184007,115.6414,,
ambient_20260815_184007__0309__junk,junk,ambient_20260815_184007,116.035,,
ambient_20260815_184007__0310__junk,junk,ambient_20260815_184007,116.4841,,
ambient_20260815_184007__0311__junk,junk,ambient_20260815_184007,118.4333,,
ambient_20260815_184007__0312__junk,junk,ambient_20260815_184007,119.417,,
ambient_20260815_184007__0313__junk,junk,ambient_20260815_184007,119.5472,,
ambient_20260815_190935__0000__junk,junk,ambient_20260815_190935,0.002,,
ambient_20260815_190935__0001__junk,junk,ambient_20260815_190935,0.9776,,
ambient_20260815_190935__0002__junk,junk,ambient_20260815_190935,1.6527,,
ambient_20260815_190935__0003__junk,junk,ambient_20260815_190935,1.8507,,
ambient_20260815_190935__0004__junk,junk,ambient_20260815_190935,2.1062,,
ambient_20260815_190935__0005__junk,junk,ambient_20260815_190935,34.0067,,
ambient_20260815_190935__0006__junk,junk,ambient_20260815_190935,34.2483,,
ambient_20260815_190935__0007__junk,junk,ambient_20260815_190935,34.5616,,
ambient_20260815_190935__0008__junk,junk,ambient_20260815_190935,35.5404,,
ambient_20260815_190935__0009__junk,junk,ambient_20260815_190935,36.12,,
ambient_20260815_190935__0010__junk,junk,ambient_20260815_190935,36.4311,,
ambient_20260815_190935__0011__junk,junk,ambient_20260815_190935,37.2806,,
ambient_20260815_190935__0012__junk,junk,ambient_20260815_190935,38.1314,,
ambient_20260815_190935__0013__junk,junk,ambient_20260815_190935,38.3789,,
ambient_20260815_190935__0014__junk,junk,ambient_20260815_190935,38.7148,,
ambient_20260815_190935__0015__junk,junk,ambient_20260815_190935,39.4183,,
ambient_20260815_190935__0016__junk,junk,ambient_20260815_190935,43.623,,
ambient_20260815_190935__0017__junk,junk,ambient_20260815_190935,43.7724,,
ambient_20260815_190935__0018__junk,junk,ambient_20260815_190935,43.9046,,
ambient_20260815_190935__0019__junk,junk,ambient_20260815_190935,44.0311,,
ambient_20260815_190935__0020__junk,junk,ambient_20260815_190935,51.6942,,
ambient_20260815_190935__0021__junk,junk,ambient_20260815_190935,52.0197,,
ambient_20260815_190935__0022__junk,junk,ambient_20260815_190935,52.2653,,
ambient_20260815_190935__0023__junk,junk,ambient_20260815_190935,52.4946,,
ambient_20260815_190935__0024__junk,junk,ambient_20260815_190935,52.9282,,
ambient_20260815_190935__0025__junk,junk,ambient_20260815_190935,53.2403,,
ambient_20260815_190935__0026__junk,junk,ambient_20260815_190935,53.4757,,
ambient_20260815_190935__0027__junk,junk,ambient_20260815_190935,53.9402,,
ambient_20260815_190935__0028__junk,junk,ambient_20260815_190935,54.1092,,
ambient_20260815_190935__0029__junk,junk,ambient_20260815_190935,55.0896,,
ambient_20260815_204855__0004__junk,junk,ambient_20260815_204855,4.1497,,
ambient_20260815_204855__0005__junk,junk,ambient_20260815_204855,4.2756,,
ambient_20260815_204855__0006__junk,junk,ambient_20260815_204855,4.4524,,
ambient_20260815_204855__0007__junk,junk,ambient_20260815_204855,4.5858,,
ambient_20260815_204855__0010__junk,junk,ambient_20260815_204855,5.1099,,
ambient_20260815_204855__0011__junk,junk,ambient_20260815_204855,5.2518,,
ambient_20260815_204855__0017__junk,junk,ambient_20260815_204855,8.7644,,
ambient_20260815_204855__0018__junk,junk,ambient_20260815_204855,8.9309,,
ambient_20260815_204855__0020__junk,junk,ambient_20260815_204855,9.388,,
ambient_20260815_204855__0021__junk,junk,ambient_20260815_204855,9.514,,
ambient_20260815_204855__0024__junk,junk,ambient_20260815_204855,10.0015,,
ambient_20260815_204855__0025__junk,junk,ambient_20260815_204855,10.1702,,
ambient_20260815_204855__0026__junk,junk,ambient_20260815_204855,10.4205,,
ambient_20260815_204855__0028__junk,junk,ambient_20260815_204855,10.7164,,
ambient_20260815_204855__0029__junk,junk,ambient_20260815_204855,11.34,,
ambient_20260815_204855__0030__junk,junk,ambient_20260815_204855,11.503,,
ambient_20260815_204855__0031__junk,junk,ambient_20260815_204855,11.6558,,
ambient_20260815_204855__0034__junk,junk,ambient_20260815_204855,12.1113,,
ambient_20260815_204855__0035__junk,junk,ambient_20260815_204855,12.2402,,
ambient_20260815_204855__0044__junk,junk,ambient_20260815_204855,13.6593,,
ambient_20260815_204855__0045__junk,junk,ambient_20260815_204855,13.7843,,
ambient_20260815_204855__0048__junk,junk,ambient_20260815_204855,16.6832,,
ambient_20260815_204855__0050__junk,junk,ambient_20260815_204855,17.2425,,
ambient_20260815_204855__0052__junk,junk,ambient_20260815_204855,17.5944,,
ambient_20260815_204855__0053__junk,junk,ambient_20260815_204855,17.7212,,
ambient_20260815_204855__0054__junk,junk,ambient_20260815_204855,17.8882,,
ambient_20260815_204855__0055__junk,junk,ambient_20260815_204855,18.0286,,
ambient_20260815_204855__0056__junk,junk,ambient_20260815_204855,18.269,,
ambient_20260815_204855__0057__junk,junk,ambient_20260815_204855,18.4202,,
ambient_20260815_204855__0058__junk,junk,ambient_20260815_204855,18.6227,,
ambient_20260815_204855__0060__junk,junk,ambient_20260815_204855,18.917,,
ambient_20260815_204855__0061__junk,junk,ambient_20260815_204855,19.0427,,
ambient_20260815_204855__0066__junk,junk,ambient_20260815_204855,20.0529,,
ambient_20260815_204855__0068__junk,junk,ambient_20260815_204855,20.3882,,
ambient_20260815_204855__0069__junk,junk,ambient_20260815_204855,20.5421,,
ambient_20260815_204855__0074__junk,junk,ambient_20260815_204855,21.375,,
ambient_20260815_204855__0076__junk,junk,ambient_20260815_204855,21.8797,,
ambient_20260815_204855__0077__junk,junk,ambient_20260815_204855,22.0215,,
ambient_20260815_204855__0078__junk,junk,ambient_20260815_204855,22.5668,,
ambient_20260815_204855__0079__junk,junk,ambient_20260815_204855,22.7989,,
ambient_20260815_204855__0081__junk,junk,ambient_20260815_204855,23.0499,,
ambient_20260815_204855__0087__junk,junk,ambient_20260815_204855,24.0151,,
ambient_20260815_204855__0088__junk,junk,ambient_20260815_204855,24.2107,,
ambient_20260815_204855__0090__junk,junk,ambient_20260815_204855,24.5259,,
ambient_20260815_204855__0092__junk,junk,ambient_20260815_204855,26.7793,,
ambient_20260815_204855__0094__junk,junk,ambient_20260815_204855,27.1988,,
ambient_20260815_204855__0096__junk,junk,ambient_20260815_204855,27.7054,,
ambient_20260815_204855__0099__junk,junk,ambient_20260815_204855,30.3199,,
ambient_20260815_204855__0104__junk,junk,ambient_20260815_204855,31.2782,,
ambient_20260815_204855__0105__junk,junk,ambient_20260815_204855,31.4053,,
ambient_20260815_204855__0106__junk,junk,ambient_20260815_204855,31.5483,,
ambient_20260815_204855__0107__junk,junk,ambient_20260815_204855,31.708,,
ambient_20260815_204855__0108__junk,junk,ambient_20260815_204855,31.8791,,
ambient_20260815_204855__0109__junk,junk,ambient_20260815_204855,32.0063,,
ambient_20260815_204855__0110__junk,junk,ambient_20260815_204855,32.1371,,
ambient_20260815_204855__0113__junk,junk,ambient_20260815_204855,32.6395,,
ambient_20260815_204855__0114__junk,junk,ambient_20260815_204855,32.8208,,
ambient_20260815_204855__0115__junk,junk,ambient_20260815_204855,34.1008,,
ambient_20260815_204855__0116__junk,junk,ambient_20260815_204855,34.2785,,
ambient_20260815_204855__0123__junk,junk,ambient_20260815_204855,35.4252,,
ambient_20260815_204855__0124__junk,junk,ambient_20260815_204855,35.5918,,
ambient_20260815_204855__0125__junk,junk,ambient_20260815_204855,35.8173,,
ambient_20260815_204855__0128__junk,junk,ambient_20260815_204855,36.3558,,
ambient_20260815_204855__0129__junk,junk,ambient_20260815_204855,36.518,,
ambient_20260815_204855__0130__junk,junk,ambient_20260815_204855,36.7283,,
ambient_20260815_204855__0131__junk,junk,ambient_20260815_204855,36.8655,,
ambient_20260815_204855__0134__junk,junk,ambient_20260815_204855,37.7732,,
ambient_20260815_204855__0137__junk,junk,ambient_20260815_204855,38.6599,,
ambient_20260815_204855__0139__junk,junk,ambient_20260815_204855,39.1644,,
ambient_20260815_204855__0140__junk,junk,ambient_20260815_204855,39.6445,,
ambient_20260815_204855__0144__junk,junk,ambient_20260815_204855,43.5006,,
ambient_20260815_204855__0146__junk,junk,ambient_20260815_204855,44.4466,,
ambient_20260815_204855__0147__junk,junk,ambient_20260815_204855,44.5824,,
ambient_20260815_204855__0148__junk,junk,ambient_20260815_204855,44.9011,,
ambient_20260815_204855__0151__junk,junk,ambient_20260815_204855,45.7605,,
ambient_20260815_204855__0152__junk,junk,ambient_20260815_204855,45.9304,,
ambient_20260815_204855__0155__junk,junk,ambient_20260815_204855,46.4073,,
ambient_20260815_204855__0156__junk,junk,ambient_20260815_204855,46.6296,,
ambient_20260815_204855__0160__junk,junk,ambient_20260815_204855,47.3124,,
ambient_20260815_204855__0164__junk,junk,ambient_20260815_204855,48.0393,,
ambient_20260815_204855__0166__junk,junk,ambient_20260815_204855,48.4154,,
ambient_20260815_204855__0168__junk,junk,ambient_20260815_204855,48.7798,,
ambient_20260815_204855__0171__junk,junk,ambient_20260815_204855,49.3706,,
ambient_20260815_204855__0172__junk,junk,ambient_20260815_204855,49.5989,,
ambient_20260815_204855__0175__junk,junk,ambient_20260815_204855,50.0268,,
ambient_20260815_204855__0176__junk,junk,ambient_20260815_204855,50.1571,,
ambient_20260815_204855__0177__junk,junk,ambient_20260815_204855,50.3468,,
ambient_20260815_204855__0178__junk,junk,ambient_20260815_204855,50.6132,,
ambient_20260815_204855__0180__junk,junk,ambient_20260815_204855,50.8898,,
ambient_20260815_204855__0181__junk,junk,ambient_20260815_204855,51.0513,,
ambient_20260815_204855__0185__junk,junk,ambient_20260815_204855,51.7708,,
ambient_20260815_204855__0187__junk,junk,ambient_20260815_204855,52.0944,,
ambient_20260815_204855__0190__junk,junk,ambient_20260815_204855,53.1798,,
ambient_20260815_204855__0197__junk,junk,ambient_20260815_204855,55.6197,,
ambient_20260815_204855__0198__junk,junk,ambient_20260815_204855,56.005,,
ambient_20260815_204855__0200__junk,junk,ambient_20260815_204855,56.269,,
ambient_20260815_204855__0201__junk,junk,ambient_20260815_204855,56.6663,,
ambient_20260815_204855__0205__junk,junk,ambient_20260815_204855,57.354,,
ambient_20260815_204855__0206__junk,junk,ambient_20260815_204855,57.5647,,
ambient_20260815_204855__0207__junk,junk,ambient_20260815_204855,57.702,,
ambient_20260815_204855__0211__junk,junk,ambient_20260815_204855,58.4954,,
ambient_20260815_204855__0213__junk,junk,ambient_20260815_204855,58.7918,,
ambient_20260815_204855__0214__junk,junk,ambient_20260815_204855,58.9196,,
ambient_20260815_204855__0216__junk,junk,ambient_20260815_204855,59.2387,,
ambient_20260815_204855__0217__junk,junk,ambient_20260815_204855,59.7377,,
ambient_20260815_204855__0219__junk,junk,ambient_20260815_204855,60.154,,
ambient_20260815_204855__0221__junk,junk,ambient_20260815_204855,60.4322,,
ambient_20260815_204855__0229__junk,junk,ambient_20260815_204855,62.0075,,
ambient_20260815_204855__0230__junk,junk,ambient_20260815_204855,62.1353,,
ambient_20260815_204855__0231__junk,junk,ambient_20260815_204855,62.2937,,
ambient_20260815_204855__0232__junk,junk,ambient_20260815_204855,62.4905,,
ambient_20260815_204855__0233__junk,junk,ambient_20260815_204855,62.7757,,
ambient_20260815_204855__0234__junk,junk,ambient_20260815_204855,62.9407,,
ambient_20260815_204855__0235__junk,junk,ambient_20260815_204855,63.1102,,
ambient_20260815_204855__0236__junk,junk,ambient_20260815_204855,63.3434,,
ambient_20260815_204855__0237__junk,junk,ambient_20260815_204855,63.4756,,
ambient_20260815_204855__0238__junk,junk,ambient_20260815_204855,63.6217,,
ambient_20260815_204855__0239__junk,junk,ambient_20260815_204855,63.8834,,
ambient_20260815_204855__0240__junk,junk,ambient_20260815_204855,64.5086,,
ambient_20260815_204855__0242__junk,junk,ambient_20260815_204855,65.8058,,
ambient_20260815_204855__0243__junk,junk,ambient_20260815_204855,67.1824,,
ambient_20260815_204855__0246__junk,junk,ambient_20260815_204855,69.1852,,
ambient_20260815_204855__0250__junk,junk,ambient_20260815_204855,70.1227,,
ambient_20260815_204855__0251__junk,junk,ambient_20260815_204855,70.5253,,
ambient_20260815_204855__0252__junk,junk,ambient_20260815_204855,70.6764,,
ambient_20260815_204855__0253__junk,junk,ambient_20260815_204855,71.0486,,
ambient_20260815_204855__0254__junk,junk,ambient_20260815_204855,71.7404,,
ambient_20260815_204855__0255__junk,junk,ambient_20260815_204855,72.3572,,
ambient_20260815_204855__0257__junk,junk,ambient_20260815_204855,72.6263,,
ambient_20260815_204855__0258__junk,junk,ambient_20260815_204855,72.7895,,
ambient_20260815_204855__0259__junk,junk,ambient_20260815_204855,72.9594,,
ambient_20260815_204855__0260__junk,junk,ambient_20260815_204855,73.0873,,
ambient_20260815_204855__0261__junk,junk,ambient_20260815_204855,73.4336,,
ambient_20260815_204855__0263__junk,junk,ambient_20260815_204855,73.9428,,
ambient_20260815_204855__0264__junk,junk,ambient_20260815_204855,74.0724,,
ambient_20260815_204855__0267__junk,junk,ambient_20260815_204855,74.508,,
ambient_20260815_204855__0268__junk,junk,ambient_20260815_204855,74.6938,,
ambient_20260815_204855__0269__junk,junk,ambient_20260815_204855,74.8845,,
ambient_20260815_204855__0270__junk,junk,ambient_20260815_204855,75.0614,,
ambient_20260815_204855__0271__junk,junk,ambient_20260815_204855,75.4785,,
ambient_20260815_204855__0272__junk,junk,ambient_20260815_204855,76.4892,,
ambient_20260815_204855__0273__junk,junk,ambient_20260815_204855,76.6739,,
ambient_20260815_204855__0274__junk,junk,ambient_20260815_204855,76.8959,,
ambient_20260815_204855__0275__junk,junk,ambient_20260815_204855,77.024,,
ambient_20260815_204855__0278__junk,junk,ambient_20260815_204855,77.6004,,
ambient_20260815_204855__0279__junk,junk,ambient_20260815_204855,77.7834,,
ambient_20260815_204855__0280__junk,junk,ambient_20260815_204855,77.9861,,
ambient_20260815_204855__0283__junk,junk,ambient_20260815_204855,78.517,,
ambient_20260815_204855__0284__junk,junk,ambient_20260815_204855,78.666,,
ambient_20260815_204855__0289__junk,junk,ambient_20260815_204855,79.8406,,
ambient_20260815_204855__0290__junk,junk,ambient_20260815_204855,80.1802,,
ambient_20260815_204855__0291__junk,junk,ambient_20260815_204855,80.3116,,
ambient_20260815_204855__0292__junk,junk,ambient_20260815_204855,80.7518,,
ambient_20260815_204855__0293__junk,junk,ambient_20260815_204855,81.0906,,
ambient_20260815_204855__0295__junk,junk,ambient_20260815_204855,83.6045,,
ambient_20260815_204855__0301__junk,junk,ambient_20260815_204855,86.7978,,
ambient_20260815_204855__0302__junk,junk,ambient_20260815_204855,86.9239,,
ambient_20260815_204855__0303__junk,junk,ambient_20260815_204855,87.1071,,
ambient_20260815_204855__0304__junk,junk,ambient_20260815_204855,87.3175,,
ambient_20260815_204855__0305__junk,junk,ambient_20260815_204855,87.6187,,
ambient_20260815_204855__0307__junk,junk,ambient_20260815_204855,87.931,,
ambient_20260815_204855__0311__junk,junk,ambient_20260815_204855,88.7711,,
ambient_20260815_204855__0312__junk,junk,ambient_20260815_204855,88.9652,,
ambient_20260815_204855__0313__junk,junk,ambient_20260815_204855,89.1705,,
ambient_20260815_204855__0314__junk,junk,ambient_20260815_204855,89.3011,,
ambient_20260815_204855__0316__junk,junk,ambient_20260815_204855,89.7147,,
ambient_20260815_204855__0320__junk,junk,ambient_20260815_204855,90.3541,,
ambient_20260815_204855__0321__junk,junk,ambient_20260815_204855,90.51,,
ambient_20260815_204855__0325__junk,junk,ambient_20260815_204855,91.5684,,
ambient_20260815_204855__0326__junk,junk,ambient_20260815_204855,91.7916,,
ambient_20260815_204855__0328__junk,junk,ambient_20260815_204855,92.2619,,
ambient_20260815_204855__0329__junk,junk,ambient_20260815_204855,92.4044,,
ambient_20260815_204855__0330__junk,junk,ambient_20260815_204855,92.6109,,
ambient_20260815_204855__0331__junk,junk,ambient_20260815_204855,92.7888,,
ambient_20260815_204855__0334__junk,junk,ambient_20260815_204855,93.2215,,
ambient_20260815_204855__0335__junk,junk,ambient_20260815_204855,93.4416,,
ambient_20260815_204855__0337__junk,junk,ambient_20260815_204855,93.7201,,
ambient_20260815_204855__0339__junk,junk,ambient_20260815_204855,94.0998,,
ambient_20260815_204855__0344__junk,junk,ambient_20260815_204855,94.908,,
ambient_20260815_204855__0347__junk,junk,ambient_20260815_204855,95.8104,,
ambient_20260815_204855__0348__junk,junk,ambient_20260815_204855,95.9928,,
ambient_20260815_204855__0349__junk,junk,ambient_20260815_204855,96.4774,,
ambient_20260815_204855__0352__junk,junk,ambient_20260815_204855,97.0189,,
ambient_20260815_204855__0353__junk,junk,ambient_20260815_204855,97.2512,,
ambient_20260815_204855__0354__junk,junk,ambient_20260815_204855,97.4878,,
ambient_20260815_204855__0356__junk,junk,ambient_20260815_204855,97.7884,,
ambient_20260815_204855__0357__junk,junk,ambient_20260815_204855,97.9699,,
ambient_20260815_204855__0359__junk,junk,ambient_20260815_204855,98.3092,,
ambient_20260815_204855__0361__junk,junk,ambient_20260815_204855,98.5784,,
ambient_20260815_204855__0363__junk,junk,ambient_20260815_204855,98.9505,,
ambient_20260815_204855__0364__junk,junk,ambient_20260815_204855,99.2047,,
ambient_20260815_204855__0368__junk,junk,ambient_20260815_204855,99.7971,,
ambient_20260815_204855__0370__junk,junk,ambient_20260815_204855,100.1459,,
ambient_20260815_204855__0371__junk,junk,ambient_20260815_204855,100.3296,,
ambient_20260815_204855__0372__junk,junk,ambient_20260815_204855,100.6337,,
ambient_20260815_204855__0373__junk,junk,ambient_20260815_204855,100.8821,,
ambient_20260815_204855__0374__junk,junk,ambient_20260815_204855,101.0082,,
ambient_20260815_204855__0377__junk,junk,ambient_20260815_204855,101.45,,
ambient_20260815_204855__0378__junk,junk,ambient_20260815_204855,101.5761,,
ambient_20260815_204855__0382__junk,junk,ambient_20260815_204855,102.2821,,
ambient_20260815_204855__0383__junk,junk,ambient_20260815_204855,102.4141,,
ambient_20260815_204855__0385__junk,junk,ambient_20260815_204855,102.6761,,
ambient_20260815_204855__0386__junk,junk,ambient_20260815_204855,102.8575,,
ambient_20260815_204855__0388__junk,junk,ambient_20260815_204855,103.1608,,
ambient_20260815_204855__0389__junk,junk,ambient_20260815_204855,103.2869,,
ambient_20260815_204855__0390__junk,junk,ambient_20260815_204855,103.412,,
ambient_20260815_204855__0391__junk,junk,ambient_20260815_204855,105.8096,,
ambient_20260815_204855__0392__junk,junk,ambient_20260815_204855,105.9783,,
ambient_20260815_204855__0393__junk,junk,ambient_20260815_204855,106.105,,
ambient_20260815_204855__0395__junk,junk,ambient_20260815_204855,106.4005,,
ambient_20260815_204855__0396__junk,junk,ambient_20260815_204855,106.6212,,
ambient_20260815_204855__0398__junk,junk,ambient_20260815_204855,106.9031,,
ambient_20260815_204855__0399__junk,junk,ambient_20260815_204855,107.1189,,
ambient_20260815_204855__0401__junk,junk,ambient_20260815_204855,107.3891,,
ambient_20260815_204855__0402__junk,junk,ambient_20260815_204855,107.5403,,
ambient_20260815_204855__0405__junk,junk,ambient_20260815_204855,107.9351,,
ambient_20260815_204855__0407__junk,junk,ambient_20260815_204855,108.291,,
ambient_20260815_204855__0409__junk,junk,ambient_20260815_204855,108.8568,,
ambient_20260815_204855__0410__junk,junk,ambient_20260815_204855,109.1382,,
ambient_20260815_204855__0413__junk,junk,ambient_20260815_204855,110.0492,,
ambient_20260815_204855__0415__junk,junk,ambient_20260815_204855,110.8011,,
ambient_20260815_204855__0416__junk,junk,ambient_20260815_204855,110.9666,,
ambient_20260815_204855__0417__junk,junk,ambient_20260815_204855,111.1157,,
ambient_20260815_204855__0418__junk,junk,ambient_20260815_204855,111.3234,,
ambient_20260815_204855__0420__junk,junk,ambient_20260815_204855,111.6054,,
ambient_20260815_204855__0421__junk,junk,ambient_20260815_204855,111.8395,,
ambient_20260815_204855__0422__junk,junk,ambient_20260815_204855,112.836,,
ambient_20260815_204855__0423__junk,junk,ambient_20260815_204855,113.9931,,
ambient_20260815_204855__0426__junk,junk,ambient_20260815_204855,120.0146,,
ambient_20260815_204855__0431__junk,junk,ambient_20260815_204855,122.3875,,
ambient_20260815_204855__0432__junk,junk,ambient_20260815_204855,127.3058,,
ambient_20260815_204855__0434__junk,junk,ambient_20260815_204855,129.0586,,
ambient_20260815_204855__0437__junk,junk,ambient_20260815_204855,132.1926,,
ambient_20260815_204855__0438__junk,junk,ambient_20260815_204855,132.3246,,
ambient_20260815_204855__0439__junk,junk,ambient_20260815_204855,132.4831,,
ambient_20260815_204855__0440__junk,junk,ambient_20260815_204855,132.6422,,
ambient_20260815_204855__0441__junk,junk,ambient_20260815_204855,132.8528,,
ambient_20260815_204855__0442__junk,junk,ambient_20260815_204855,133.007,,
ambient_20260815_204855__0443__junk,junk,ambient_20260815_204855,133.2133,,
ambient_20260815_204855__0447__junk,junk,ambient_20260815_204855,133.9573,,
ambient_20260815_204855__0448__junk,junk,ambient_20260815_204855,134.119,,
ambient_20260815_204855__0449__junk,junk,ambient_20260815_204855,134.3347,,
ambient_20260815_204855__0450__junk,junk,ambient_20260815_204855,134.5221,,
ambient_20260815_204855__0451__junk,junk,ambient_20260815_204855,134.7089,,
ambient_20260815_204855__0454__junk,junk,ambient_20260815_204855,135.3417,,
ambient_20260815_204855__0460__junk,junk,ambient_20260815_204855,138.524,,
ambient_20260815_204855__0462__junk,junk,ambient_20260815_204855,140.0976,,
ambient_20260815_204855__0464__junk,junk,ambient_20260815_204855,140.5695,,
ambient_20260815_204855__0465__junk,junk,ambient_20260815_204855,140.7297,,
ambient_20260815_204855__0466__junk,junk,ambient_20260815_204855,141.0629,,
ambient_20260815_204855__0467__junk,junk,ambient_20260815_204855,141.5818,,
ambient_20260815_204855__0470__junk,junk,ambient_20260815_204855,142.7407,,
ambient_20260815_204855__0471__junk,junk,ambient_20260815_204855,143.3381,,
ambient_20260815_204855__0472__junk,junk,ambient_20260815_204855,144.855,,
ambient_20260815_204855__0473__junk,junk,ambient_20260815_204855,147.3301,,
ambient_20260815_204855__0474__junk,junk,ambient_20260815_204855,147.8403,,
ambient_20260815_204855__0475__junk,junk,ambient_20260815_204855,147.9707,,
ambient_20260815_204855__0476__junk,junk,ambient_20260815_204855,148.2699,,
ambient_20260815_204855__0477__junk,junk,ambient_20260815_204855,148.4233,,
ambient_20260815_204855__0479__junk,junk,ambient_20260815_204855,148.7318,,
ambient_20260815_204855__0480__junk,junk,ambient_20260815_204855,148.8854,,
ambient_20260815_204855__0484__junk,junk,ambient_20260815_204855,150.1581,,
ambient_20260815_204855__0486__junk,junk,ambient_20260815_204855,150.7883,,
ambient_20260815_204855__0491__junk,junk,ambient_20260815_204855,152.2833,,
ambient_20260815_204855__0494__junk,junk,ambient_20260815_204855,153.0658,,
ambient_20260815_204855__0495__junk,junk,ambient_20260815_204855,153.4719,,
ambient_20260815_204855__0496__junk,junk,ambient_20260815_204855,153.7801,,
ambient_20260815_204855__0499__junk,junk,ambient_20260815_204855,155.6039,,
ambient_20260815_204855__0502__junk,junk,ambient_20260815_204855,156.8238,,
ambient_20260815_204855__0503__junk,junk,ambient_20260815_204855,157.6697,,
ambient_20260815_204855__0507__junk,junk,ambient_20260815_204855,158.7355,,
ambient_20260815_204855__0508__junk,junk,ambient_20260815_204855,158.9342,,
ambient_20260815_204855__0510__junk,junk,ambient_20260815_204855,159.3263,,
ambient_20260815_204855__0511__junk,junk,ambient_20260815_204855,159.6745,,
ambient_20260815_204855__0512__junk,junk,ambient_20260815_204855,160.0302,,
ambient_20260815_204855__0513__junk,junk,ambient_20260815_204855,167.711,,
ambient_20260815_204855__0514__junk,junk,ambient_20260815_204855,168.1357,,
ambient_20260815_204855__0517__junk,junk,ambient_20260815_204855,170.0003,,
ambient_20260815_204855__0518__junk,junk,ambient_20260815_204855,170.9984,,
ambient_20260815_204855__0519__junk,junk,ambient_20260815_204855,172.1156,,
ambient_20260815_204855__0521__junk,junk,ambient_20260815_204855,176.168,,
ambient_20260815_204855__0522__junk,junk,ambient_20260815_204855,176.9446,,
ambient_20260815_204855__0524__junk,junk,ambient_20260815_204855,179.5447,,
ambient_20260815_204855__0525__junk,junk,ambient_20260815_204855,179.6825,,
ambient_20260815_204855__0526__junk,junk,ambient_20260815_204855,179.8342,,
ambient_20260815_204855__0527__junk,junk,ambient_20260815_204855,180.1755,,
ambient_20260815_204855__0528__junk,junk,ambient_20260815_204855,190.8232,,
ambient_20260815_204855__0529__junk,junk,ambient_20260815_204855,193.0474,,
ambient_20260815_204855__0530__junk,junk,ambient_20260815_204855,193.5954,,
ambient_20260815_204855__0531__junk,junk,ambient_20260815_204855,195.8573,,
ambient_20260815_204855__0532__junk,junk,ambient_20260815_204855,201.5745,,
